"Kategori","Pesan"
"ham","Iya ih ko sedih sih gtau kapan lg ke bandung :("
"ham","Kalau mau bikin model/controller mending per apa y?"
"ham","Selamat nama1. Semoga selalu menempuh hidup yang bahagia dan selalu menyenangkan"
"ham","silahkan berkas dambil di ruang saya"
"ham","Selamat ulang tahun semoga panjang umur dan sehat selalu"
"ham","Kartu SIM Anda telah berhasil diganti. Terima kasih"
"ham","nama1 dmna ? boleh mnta tolong ss dong bisns proses nya,,,,,"
"ham","Terimakasih. Paket 60 mb Anda telah aktif. Cek bonus *889#. Katalog Poin lengkap tsel.me/telkomselpoin. S&K berlaku"
"ham",".sambl nunggu itu.. Gimana kalo ngerjain form formnya aja dulu"
"ham","Nomor OTP anda adalah [8874] -Telkomsel-"
"ham","Aku mau nyari data yang dibutuhin dari tabel mana aja."
"ham","Assalamualaikum Pak. Ini dg nama1 ilkom 2012. Maaf Pak td saya ninggalin proposal di meja Bapak di atas printer. Terima kasih Pak."
"ham","Yooo sama2, oke nanti aku umumin di grup kelas"
"ham","udah di benerin, kamu jangan sync dulu. backup filenya baru sync terus push dengan file kamu."
"ham","Ga ada birthday nya? Wkwk"
"ham","Jauh amat jemput di poskamling cilimus dee"
"ham","[Akademik] Untuk perhatian tuk jadwal kontrak kuliah buat ang 2012 itu bukan sebenarny, kuliah ikut jadwal kur yg baru ang 2013 ato keatas 2014,2015,2016.. sehingga jadwal yg ada adalah jadwal bayangan tuk tujuan kontrak kuliah..Hal diatas ga berlaku tuk mk yg memang berjalan di ang kalian spt skripsi dan sidang..demikian harap diperhatikan.."
"ham","Bu maaf saya lupa sekarang hari jumat ya...kalau jumat kita buka jam 1 bu...mau solat jumat dulu...maaf di dari upi ya"
"ham","Ini hujan semalaman ruang tengah sama kamar kayanya gabisa di nyalain (:() harus nunggu kering baru bisa nyala, smg ujannya berenti 🙏"
"ham","Nikah juga proses put, kadang diatas, kadang dibawah, gak selalu enak enak wkwkwkwk"
"ham","Jam 8 berangkat aja gmn teh"
"ham","Kalo pake daging yg dah direbus enak gak dijadiin sate?"
"ham","Pas sma gak pernah, tp kuliah disini org tua aku udah 2x pulang kampung"
"ham","Oke deh aku jg emang pengen ngumpul sih kapan lg :("
"ham","Jgn lupa malam ini jgn terlalu malam aja. Seadanya aja aku jg"
"ham","Pada ga aktif si tombol algoritma2 nya teh ga ngerti"
"ham","nama1 itu msh pake db aku yg lama itu msh anomali bisa nyesuain ga"
"ham","Gimana nuy menghadapi beliau?"
"ham","Hmm sebenernya itu cuman eksekusi jquery di control sep. Coba cek jquery yg dicotroller waktu klik button. Kan ke controller yg buat nyetak pdf"
"ham","Masak dikosan aku mau makan orek buatan kamu min"
"ham","Sama ingetin ya, ini kan web nya mau di publish, kita kan ikut develop tuh, nah di web nya ada nama kita atau jurusan ga?"
"ham","Mul snack satu lagi teteh kasih rafael ya"
"ham","Struktur Data, PLA, Skripsi, dan Sidang"
"ham","Saya buat banyak seri untuk PG, oleh karena itu jangan terlalu berharap bisa lihat punya teman (mungkin ini penyebab nilai PG jeblok kemarin?), waktunya akan terbatas dan ruangannya kita pake yg besar."
"ham","Baik Pak, bsk sekalian kami bawa form penilaian ya Pak, dan berkas lainnya."
"ham","Iya kan file terkahir itu data_pasien. -_-"
"ham","nama1 bisa pakai flash buat animasi ga?? Atau pakai movie maker??"
"ham","Ada diruangan nya tadi"
"ham","Kalo grup c1 aku jarang baca haha jd suka ketinggalan kabar berita"
"ham","Boleh bu, kalau ada yang bakal pindah bulan itu. Kalau tidak keberatan bisa kabarin Bu. Terima kasih."
"ham","Cukup alquran sbgai pedoman bagi org2 yg beriman."
"ham","Murah nuy 30seorang, drpd naik angkot bisa 15rebu, belum ngetem, macet, gt"
"ham","Tp aku gak tertarik gt sih diperusahaan itu, org it nya baru satu "
"ham","Wihh nyimper kopernya dmn? Motor gigi kan?"
"ham","Besok dwm jadi ya praktikum weka. Bawa laptop."
"ham","Gais aku sudah brgkt. Mau matiin hp"
"ham","Pagi bu saya dengan nama1 dari Bebek Komar ...sangat bisa bu untuk pesanan besok bu...menu yang di pesan apa ya bu...diantar ke mana ya...nuhun"
"ham","Memperbaiki bug2 karna ganti db bbrp. Lg enak nonton td ditelfon 😂"
"ham","Selamat sore Pak, besok kami bisa ke kantor jam brp Pak?"
"ham","Gaaais penamaannya kyk nama1 nih biar rapih"
"ham","Jumlah poin Anda s.d tgl 16/08/16 : 18 poin. Anda termasuk dalam kategori RED. Masa berlaku poin s.d 31 Des 2016"
"ham","Oh oke de. kalau selanjutnya isi deposit transfer kmn?"
"ham","penuh nama1 , si nama1  juga nyari, udh penuh.."
"ham","nama1, note nama1 yang Dinamic ada di emil. Kembaliin ke nama1 atau gmana?"
"ham","nama1 bisa lembar yg kamrin bisa minta ke pak anto. Tp ibu minta yg di bab 2 harus diparafrase kalimatnya, jgn copy paste semua."
"ham","Iya, semua kamera kecuali kamera lia aku taro di situ semua"
"ham","Tp baru tau teori doang sih...... Da blm ngerasain yg rumit2"
"ham","persiapkan dengan dokumen draftnya diambil di ruang saya, slide presentasi tuk pengujian.."
"ham","Ini ini udh disini mau apa aku gorengin"
"ham","Ada yg tau ruangan pak daya yg di fpmipa b?"
"ham","Ini kalo kita lg beneran ngumpul pasti lg mewek berjamaah"
"ham","Soalnya ini fitutnya lebih lengkap."
"ham","Soalnya aku pernah ujug2 dtng, terus bapak nya bilang kalau mau bimbingan bls wa ya, biar saya bisa estimasi waktu, gitu"
"ham","nama1 kemaren kamera dan handycam waktu msceis pake kamera siapa aj?"
"ham","Bentar lg ke gik, buru2 ga? Kalo buru2 nitip yg ngontrak ipc aj"
"ham","Paket tadi sore mendadak habis."
"ham","yaudah, minta data dummy untuk diagnosa_pasien dong"
"ham","Iya put alat masak makan mah aku usahain ada"
"ham","Wkwk tumben kar biasanya masing2 punya sendiri kar, sampe yg sewarna ada 3"
"ham","emang berbayar nama1 ."
"ham","Padahal mau kesana tapi kyknya nama1 belum balik"
"ham","Isi saldo nya bisa di grapari, indomaret, ato di tf dari bca"
"ham","oke. bentar aku solat dulu"
"ham","Ada yg nikah muda, ada yg gagal nikah, ada yg pacaran lama eh putus tapi alesannya karna terlalu sayang jd gak mau nyakitin (pret), ada yg jagain jodoh org, ada yg ah banyak lah wkwk"
"ham","Iya liat mock up nya maksudnya"
"ham","Kok antara optimis dan ngga yah 😟"
"ham","Alhamdullilah sudah beres semua :)  Bagi yang mau keluar dari group dipersilahkan, tapi silahkan juga kalau ada yg mau memanfaatkan group ini untuk diskusi dengan topik terkait untuk skripsi/gemastik/kerjaan."
"ham","Ayam aja Pak, terus satu paket itu sama isinya ap aja?"
"ham","Aku depan pasca skrng"
"ham","Guys aku gabawa beras yaaa. Abis dr pasar beli itu berat bgt. Yg bisa bawa beras lebih mohon dilebihkan hehe"
"ham","Besok siang ya jam 2"
"ham","Wooh ada yg mau nikah lagi, udah lulus langsung diiket"
"ham","Besok yuk dua jam bih dari jam 4-6"
"ham","Abis maghrib yaa"
"ham","Assalamu'alaikum, nama1 mau minta bantuan."
"ham","Yang sinonim bukan?"
"ham","Eh gatau, td Bagus yang nanyain"
"ham","Jd mau kpnnnih? Kekantor ambil form. Balik lg ngasih laporan atau sekaligus. Jd di laporan ga ada lampiran"
"ham","Yg butuh kosan perbulan bisa langsung ditempatin. Lokasi di gang samping gokana setiabudi, khusus cewe jam bebas, bersih, fasilitas kasur sama lemari kunci pegang masing2. Harga 725/bulan. Bisa hub ####  id line: titaniadbl"
"ham","Eh aku instances deh. Diload ga bs "
"ham","Semoga Allah bersama kita Semua."
"ham","Ouhhh trs ngedeteksi apa dil? Output nya apa?"
"ham","Boleh nitip coklat ke alhuda?"
"ham","sok saya bebas gmna kalian, bsok hayu , jumat oke"
"ham","Tunggu aja dulu di lobi bawah kalo saya belum datang ya..."
"ham","itu yang tugas pentaho langsung presentasi di pentaho nya ?"
"ham","Plg yth, paket 10 MB 1 hari Anda telah berakhir. Selanjutnya akan dikenakan tarif non paket.Aktifkan kembali paket Flash Anda di *363#"
"ham","Aku kumpul pon dulu dy, kalo haris kerjanya dari sore mo pacaran dulu dy"
"ham","Assalamu'alaikum wr wb. Berikut daftar penguji PLA tahap 4"
"ham","gak. saya sih percaya aja, dosa tanggung sendiri hehe. Nilai mobprog sudah selesai, silahkan dicek."
"ham","Terimakasih telah melakukan pengisian ulang dgn SN 41000795569091 senilai 20000."
"ham","Ya ampuun pak jendral wk"
"ham","Aku jg di rumah lg ga ada apa2 gara2 kulkas rusak :( biasanya suka nyetok sayur"
"ham","Maaf kaprodi kita itu siapa yah hehe"
"ham","iya, makanya aku butuh data kalian teh soalnya datanya dari sana. tapi harus ada RJ atau RD."
"ham","Okeee kalau telor butuhnya segimana? "
"ham","oh, kelurahan dll dari data_pasien ternyata. butuh oge."
"ham","Mohon maaf lahir dan batin ipa3😚😚"
"ham","Oke nama1, nanti udah beres bimbingan aku kesana"
"ham","Cobaan itu teh dy, kadang cewe mah overthink dan overreact"
"ham","[INFO PLA]Assalam..Bagi yg ambil mk pla wajib kumpul pada hari/tgl kamis,25 agustus 2016 pukul 10.00 WIBB..Agenda: pembekalan dan penjelasan PLA.Tempat : Gdg JICA lt.3 R.S301.Demikian informasiny..harap diperhatikan d disebarkan"
"ham","ouhhh gitu yaudah ntar besok aku chat lagi kalo aku mo ngampus"
"ham","Taqoballahu Minna waminkum. #SelamatMenyambutKemenangan"
"ham","Iya aku inget jam dinding di rumah awet katanya hadiah pernikahan ❤"
"ham","Jadinya mau apa sok, sebagian dari uang kas? Kira2 berapa?"
"ham","Beli es kelapa depan d besto teh"
"ham","Aku ingin pagi, tp masa berdua nama1 doang pake grab :( nunggu nama1 siang :("
"ham","Gaada buat yg bukan temen mah"
"ham","Usul: Anak sospol dan yg berminat turun deh. Pelajari ttg ini"
"ham","Tp klo jd mmber mh bsa lbh murah dil"
"ham","Selamat pagi pak, untuk data table yg dibutuhkan sudah saya email. Apakah email saya msk Pak?"
"ham","Pusatnya disitu dy di bandung pasir koja, cmn bangunan lg dibangun, jd td aku di interview di toko nya, toko bangunan "
"ham","Patah hatinya level tinggi, jd bisa quotes begitu put"
"ham","Kalau gamepro uasnya materi atau praktek Pak?"
"ham","Senin mah pelepasan doang kan? Aku brngktnya selasa apa egi senin berangktnya? "
"ham","Jam brp brpnya bsk kabarin kalau ngumpul sore ini bisa yaaaa "
"ham","Geng hari ini mau jam brpa ? Respon yah..."
"ham","Bali mah kudu berapa atuh duitnya"
"ham","Selain dicetak, rundown jg dkrm ke email di nama1 nuhun. Dtgu d prodi sampai 4.30. Dipercepat 30 menit."
"ham","Btw magicomnya yg sedang Gais, gaada yg gede"
"ham","Oke kalau untuk dp harus berapa%?"
"ham","Ibunya lagi bobok, aku mau nanya ttg daging, kalo ada daging mau di presto dulu juga"
"ham","Harganya kisaran 50rb nama1 😂"
"ham","Sama ini, misal ini web di pake dan dapet komisi tuh, nah kita kecipratan ga? Nanya aja, hehe. Da gapapa meren nanya gitu. Engga kecipratan juga hapapa, tapi seengganya di web nya ada."
"ham","Tadi udah bertemu beliau pa. Kata beliau, pengujiannya bisanga besok pa."
"ham","kalo aku ngasihinnya habis ashar aja gpp ?"
"ham","hmmm tiket ke batam berapa duit gile~"
"ham","Maaf, pesan Anda belum terkirim. Silakan coba beberapa saat lagi. Terimakasih"
"ham","route nya matiin aja, jadi nanti kalau mau akses ke project masing-masing ditembak aja."
"ham","nama1  jg text dy, text essay jawaban gt Jd misal nih ada murid sama guru, si guru ngasih ujian, nanti hasil jawaban ujian murid dibandingin sama jawaban dari guru (jawaban yg bener) trs outputnya berupa skor hasil ujian itu"
"ham","Ajakin ke soekarno hatta aja nama1 . Makan di eatboss soekarno hatta wkwkw"
"ham","Aduh aku ge ini pusing yg mau lamaran siapa yg nyari2 kebutuhan siapa"
"ham","habis ini, pake groupwhere. biar ga berceceran filenya."
"ham","nama1 ntr aku ke kosan kamu yaaaaa"
"ham","biasana sih pak nama1 sampe jam 12 kan di kampus?"
"ham","bagi yang sudah diuji segera diserahkan dgn dijilid, bagi yg sdg nunggu diuji sabar tuk sesuaikan waktupenguji.."
"ham","Mah melan lagi di kosan dila. Habis kerja kelompok tapi kepegat hujan :("
"ham","Ntar aku kirim link nya"
"ham","nama1  udh nama1 transfer, maacih nur 😊"
"ham","Kumpul dulu aja di lab basdat biar bareng2"
"ham","Oke, Senin deh ya ke kantor. Aku sms bapa. Laporan nyusul aja gt mengingat di laporan jg ada lampiran dan revisi penguji*"
"ham","Hari kamis saya baru masuk"
"ham","Lebay gt katanya ""meni gitu ama mamanya teh gak blg2"""
"ham","Makanya sebelum tibatiba layarnya hitam gt diapain? Jatoh?"
"ham","Minta email github nya dong."
"ham","Kalo mau masak bawa bahannya dr rumah masing2 biar irit wkwk"
"ham","Hbd nama1 , cepet sidang cepet wisuda yaaa aamiiiin"
"ham","ok,, kabarin yah, no m3 aku ke blokir, ga ada paket data, smsin aja ke asmul ya, ini kbtulan lagi free wife"
"ham","Ka aku ga bisa liat kosannya skrg :( soalnya ngerjain uts take home ka "
"ham","Selamat utk teman2 yg wisuda, semoga berkah ilmunya dan dilancarkan urusan kedepannya.. sukses terus buat kt semua :)"
"ham","Gampang da cuma tampilan doang."
"ham","Traveloka.com: Your e-ticket summary 25-07-2016/15:30/XPRESS XN-738/PDG-BDO/DZZZZ Total: 1 passenger(s)"
"ham","Berarti saya ke palasari nya skrg .. abis itu langsung ke gik"
"ham","Kalo daftar doang tapi belum tentu jadi prasidang boleh ga?"
"ham","Kalau 13.5 itu untuk ayam kremes dan cabai ijo teh...kalau untuk bakar dan rica rica kita kasih 15rb deh   ...sudah pakai box dan air gelas"
"ham","Sundae min sirup kiwi pake cochochips :*"
"ham","Iyaaa makanan bumbu dsb juga biar bisa dibawa dr rumah supaya irit hehehe"
"ham","Aku senin udah ke tempat kerja. Minggu2 depan aku gaktau bisa/ngga :("
"ham","Boleh yang di depan ramen aa gpp jam 12.39 ya"
"ham","Ada nama1 . Tpi gatau msh berfungsi atau engga, udh lama ga dipake sih"
"ham","Ada yang 400 rb yang kamar mandinya sama2 kalau yang ada kamar mandi di dalam kalau yang kecil 600 dan yang agak besar 700 rb"
"ham","Belum diuji, pa. Insya Allah siang hari ini mau ke kampus, dan mudah2an pa eka nya ada."
"ham","Jajaran kantin 79 kesana deket2 pengkolan pokoknya kang, ada tulisanya da"
"ham","Hub kita lg kalo udah dkt wktnya."
"ham","Kalau pertable emg lbh rapih laporan sih mad cuman bingung kalau pertable kdgkan ada yg dipake didr bbrp table gmn tuh mad?"
"ham","Maaf bu kalau pesanannya bebek atau ayam ya"
"ham","Selamat sore teh, ini dg nama1 lg nyari kosan perbulan. Apakah ada yg kosong teh disana? Terima kasih."
"ham","sekalian liburannya ke malaysia juga wkwk"
"ham","22nya mad. Aku bingung bkn laporannya 😂"
"ham","Masih ngerasa bersalah ama kalian sebenernya"
"ham","wah repot kalo asumsinya gitu, kadang ada yg ganti kelompok. biasakan setiap dokumen itu ada nama, klau saya print lalu saya periksanya offline bingung kan mau dimasukkan ke mana kalau gak ada nama satupun."
"ham","Soalnya bapa mau liat database secara keseluruhan."
"ham","nama1 ke pt. inti?"
"ham","Paspor di perpanjang bayar nya brp nuy?"
"ham","bulan depan ada daging sapi, mau dibakar dmna ? d pantai atau d rumah nama1 ?"
"ham","Udah di beres2in, tp lampu depannya ada yg mati kl gasalah"
"ham","Ayam kita menunya banyak bu...ada ayam bakar.kremes. cabe ijo. Lada hitam. Asam manis. Rica rica. Baberque. Untuk isinya nasi.ayam.lalapan.sambal. tempe tahu . air mineral gelas. Bu...maaf bu kita ada paket yang 16rb s/d 19rb. Kalau boleh tau anggaran ibu berapa ya"
"ham","Kumpulnya makan daging, jadi gak usah ke resto :D"
"ham","Tp berapa lama lagi ya Pak?"
"ham","nama1  titip pesan, jumat pagi kita kumpul trus bapa minta tolong ke kita buat bareng2 bujuk nama1 kuliah lagi"
"ham","Asal pagi pagi ya.. Bjam 10an saya sudah ke jakarta.."
"ham","Aku jg waktu itu foto tgl 17 juli, katanya selesai 29 agustus :("
"ham","Sekalian aku mau nanya alur dari rawat inap ke lab sama radiologi. Kalau obat kan ga ada yang ngolah."
"ham","Diagnosa mana? Di pasien_irj ga ada diagnosa"
"ham","Saat2 terbaik mencari pasangan tuh pas kuliah bukan sih?  Apa enak ditempat kerja? "
"ham","Guys, untuk groupwherenya pake github aja ya "
"ham","Okeyyy malem aja ya bahas apa ajanya yg dibawa"
"ham","Minggunya pengen ke lembang git seharian ngubek bandung :("
"ham","InsyaaAllah ikhlas mel, asa udah di bahas digrup kan, Trs yg responnya gt"
"ham","Min kalo ada inpo kosan perbulan share ya 😆"
"ham","kalo ngga besok ke kampus senin  nama1 ke kampus nya "
"ham","Semangat!! Aku jg nanti bunganya aku titipin ya. Eh mau bunga atau makanan wid?"
"ham","Blm mad ntr sore td udh ktmu"
"ham","Udah aa aa semua sih. Makan mah sama cewek2. Lupa ih mukanya dy aku gak bisa nginget wajah hahaha"
"ham","Jadi kapan kita meet upnyaa nih temaan temaan?"
"ham","Baik Pak, berarti nanti Kamis kami ke kantor lagi"
"ham","Pak kalau seporsi berapa ya ?"
"ham","Ada nya instagram"
"ham","pesan dari nama1 : Assalamu'alaikum wr.wb. Pak, Indonesia Android Kejar bekerjasama dengan Depilkom mau mengadakan pelatihan Android level intermediate, masih ada slot 2 orang lagi, syaratnya sudah pernah membuat app android dan ngebuild menggunakan Android Studio, barang kali di kelas Bapak ada yang berminat. Nuhun.o ya pelatihannya mulai hari sabtu besok, 2 April, setiap sabtu selama 7 pertemuan, bertempat di lab praktikum kita."
"ham","Ada sih yg nikah muda tp (keliatan) bahagia, tp one of a million kayaknya kalo temen2 ku hmm"
"ham","punten, ada yang punya kontaknya teh lulu 2011? nuhuun~"
"ham","Baru ngeh chatnya maafkan (maaf)"
"ham","selisihnya brp? sesuai janji saya sbelumhya, bagi yg nilainya diperbatasan saya akan cek kehadiran. Tapi kalau jauh ya  gak bisa :)  nanti gak ada habisnya turun terus."
"ham","Hehe sudah sep ku jebol pake solder tp jd jelek 😂😂"
"ham","Sebenernya di nama1 gada bulanan setau aku. Cuma aku dikasih izin aja sama ibu gitu. Kalau aku lanjut aku bayar 6jt"
"ham","Semau-maunya kita ama orang, gak bakal jadi kalau gak jodoh. Segeleh-gelehnya pasti bakal nikah kalopun jodoh"
"ham","Assalamualaikum Bu. Saya nama1 mhsi ilkom 2012 baru dpt pembimbing skripsi. Mohon maaf bu, kalau minggu ini ada di kampus hari ap aj Bu? Terima kasih."
"ham","Mandi?? Aku selesei isya mau bobo"
"ham","Scroll up down olshop nama1"
"ham","Wah iya dy?haha sabar bgt anaknya teh jd we aku yg gtau diri ngomong seenaknya :("
"ham","Blm aku cek min mau apa? Kalau penting bgt nanti aku gedorin"
"ham","Boleh minta alamat nya kalo dari gang softball kmna gtu"
"ham","Lingkungan kerjanya berasap. Kalo gak ngerokok ya pada nge-vape gitu coba. Kan cowok semua banyaknya"
"ham","Merica jeruk nipis aku ajaa"
"ham","Tersrrah aja. Pagi juga nggak pa2"
"ham","Mgkin periksa nama id di view jg sep"
"ham","bebas nama1, terus nanti kalau ada tgl libur, pajuin aja misal jadi kamis atau sabtu."
"ham","Gais sekalian tanyain Pla ap aja yg diminta dr tempat pla setelah selesai selain nilai dr kampus? Ada surat2 lain ga."
"ham","Lagian pasti ga boleh gera sma si kaka tp kalo dianterin aku ga enak"
"ham","Kalo udah ad progres besok aja jam 2an kesini.."
"ham","Kalo satpam tanya bilang aja ketemu saya"
"ham","Gara gara batman. Pdhl udh diulang"
"ham","Jangan di agendain, suka ga jadi wkwkwk "
"ham","Pokonya kalau ada yang mau push bilang aja usahain, bisi barengan push nya. Terus kalau push, pull dulu."
"ham","Atau gaperlu ke kampus nama1 , tolong kirimin kuncinya aja make jne cenah ip"
"ham","Nanti aku siaraan diil"
"ham","Jika jemari tak mampu berjabat dan batin ini rindu akan keikhlasan maaf, hanya lewat pesan ini jemariku bersilaturahmi. Mohon maaf lahir dan batin"
"ham","Nanti sync aja di github dekstop nya."
"ham","pada ngampus jamber gais?"
"ham","Udh teh kata bapa bsk kekantor cuman blm dbls lg jamber.. jd blm pasti jg"
"ham","Temen * yg lain bisa juga ya di undang ke grup ini"
"ham","Hayu boleh da gais, tp kudu disurvey dulu sama aku, bisi tiba2 ada something wkwk"
"ham","ok. minta yang data dummy diagnosa_pasien ya. punten. makasih"
"ham","Atuhlah, aku telah meninggalkan yg nyaah, jgn gitulah gais, bisi teringat masa lalu 😢"
"ham","Guys numpang promosi bisi ada yg butuh..  Dijual MacBook Air Layar 11inch Ram 4gb Ssd 128gb Garansi sisa 5 bulan Dijual karena jarang di pake..  Harga PM "
"ham","nama1 maapin baru buka line"
"ham","Kalau ini gagal. Urg pindah haluan ke sana deh"
"ham","Oo kalau kamu misalnya lanjut brp dit?"
"ham","Alhamdulillah, makasih yaaa udah meluangkan waktu 😘"
"ham","Eh kita brati kan makan 2 kali ya?malem ini sma bsok pagi bukan?"
"ham","Bisi ga enak ga bantuin beberes ato masak2nya :("
"ham","Data_pasien itu no_medrec sdgkn daftar ulang itu pake no_register karna field yg akan diisi saat daftar ulang beda maka tablenya beda"
"ham","Pak, indeks nilai B gabisa diturunin lagi pak? Soalnya kemaren saya liat nilai udah B, terus tiba2 turun jadi B- karena penilaiannya pake + -"
"ham","Besok kekantor saya tunggu jam 9 ya.."
"ham","Saya blm dpt ttd nama1. Paling kalian duluan aja, saya nyusul sendiri nanti."
"ham","Saya ijin undur diri, kalau ada kepentingan mangga di japri saja. Terima kasih (middle eastern woman)"
"ham","Ada mba, harganya 1,6jt/bln. Fasilitasnya air hangat, kamar mandi dalam, tv, tv kabel, wifi, meja, tempat tdr, dan lemari."
"ham","Maaf bu jadi jam berapa ya kita ketemuan bu...atau bgmana baiknya"
"ham","Aku mah sering ditinggal jualan, jd mau marah juga ntar alesannya ""duit kan buat km juga"", diem lgsg haha"
"ham","Maaf Anda tidak bisa mengaktifkan paket FLASH ini karena nomor anda tidak terdaftar"
"ham","Di kfc belokan setiabudi bawah pom bensin ada colokan gak sih?"
"ham","nama1 aku lg ngerjain tes ngoding di upi net, kalo mo pake motornya boleh, tp motornya jauh bgt"
"ham","Karena saya lagi si surabaya sampai besok.. Hati kamis ke kantor gimana ?"
"ham","AndiPublisher.com#PO0216020925#96000#02-02-2016#BNI#Bank Mandiri"
"ham","Guys di bdg ada studi foto yg gini gaaak"
"ham","Mau sekalian dibawain kacamata ga, nanti aku keluar jam 10"
"ham","Ternyata formatnya banyak berantakan dari odp ke google sheet. Saya sdg rapikan sambil buat soal. Besok subuh harap cek lagi ya."
"ham"," Maaf jika ada janji yang belum terpenuhi, jika ada janji boleh mengingatkan saya. "
"ham","Biasanya mah stasiun teh sebelum lewatin rel nama1"
"ham","Kalian udh brp kali bimbingan? Ngomongin apa aja aku blm pernah"
"ham","Teh maaf kalau teteh sibuk gpp nanti bayar besok aja pas pengiriman "
"ham","Masih boleh ikutan gaaaa wkwkwkwk"
"ham","Registrasi gagal. Harap masukan tanggal yang benar (01 - 31), dengan format DDMMYYYY"
"ham","Ada di bip yang studio fotonya gitu"
"ham","Kamu yah yang ngajakin mereka."
"ham","Jd misal nih ada murid sama guru, si guru ngasih ujian, nanti hasil jawaban ujian murid dibandingin sama jawaban dari guru (jawaban yg bener) trs outputnya berupa skor hasil ujian itu"
"ham","Aku ga ke upi sepertinya"
"ham","Setting telah dikirimkan ke ponsel Anda. Ikuti petunjuk yang diberikan untuk menyelesaikan setting internet dan kirim fot/MMS"
"ham","Masih yang dekat sungai dulu kok diil 😁"
"ham","Oh udah yah haha aku bingung jd gimana udh ketinggalan banyak chat"
"ham","Selain itu saya punya ide untuk menggabungkan beberapa device HP sebagai sumber sensor, misal untuk deteksi longsor atau gempa ini terkait trend sekarang: iOT (internet of thing), silahkan bagi yg tertarik :)"
"ham","Pilihannya hemat 2 jt atau lulus oct kan nanggung"
"ham","Mau yang apa? Sunday atau apa? Terus rasa slainya apa?"
"ham","untuk dwm soal klasifikasi, algoritma yang menjadi dasar adalah random forest dengan akurasi model kira2 0.8. Setelah menggunakan data test (data yg saya berikan kemarin di UAS untuk diprediksi), akurasi yg didapat adalah 0.75. Jika mhs mendapat akurasi 0.75 dia akan mendapat nilai maksimal (20point). Akurasi tertinggi 0.77 diperoleh oleh nama1"
"ham","Bisa kurang dari 15rb ga Pak, sebelumnya kita pernah acara sama bebek komar sekitar iti 13.5rb awal tahun 2015"
"ham","Guys ada yg bermotor mau ngampus gak? Temenin ambil foto laaah (unbearable)"
"ham","Engga teh aku udh siap, mau brgkt ini. Aku td line teteh"
"ham","cari yang seken, murah meriah kualiatasnya masih bagus kok"
"ham","Maafin ya guys gak hari ini huhuhu"
"ham","Teh jadi mau ketemuan "
"ham","gatau tadi bapa nya keburu jumatan , pokonya suruh ngumpul dlu gt katanya "
"ham","Gpp kali beda beda sep"
"ham","Oiya ya nama1  ih knapa bsa begitu?sayang bgt tabungannya :("
"ham","Cape sih tp da susah euy kalo udah pikiran gtu teh"
"ham","Terus kalau ada yang nanya, kita masuknya suka pagi sampai siang kadang juga siang sampai sore. Gimana dari sananha."
"ham","Malem aja lah, jam 5 nanggung banget mw maghrib haha"
"ham","Eh di kosan nama1 maksudnya, buat temen nama1 , buat september"
"ham","Ada belakang warkop deket indomaret gerum 500/bulan"
"ham","Gaaais dlm semenit aja aku jd nasabah btpn wkwk"
"ham","Jadi kitanya harus cari kesibukan jg ya? Biar ga mikirin cowo melulu"
"ham","bisa turun juga. Mencegah ikut remedial tapi tanpa persiapan dan asal-asalan menjawab."
"ham","Kalem, saya diantapani lagi ujian sama intan. Hher"
"ham","No bri atas nama kamu mana"
"ham","Kan bapaknya ngomong2 ya, trs ditanya siapa itu, aku blg lg rame ma sibuk dikampus nanti yaa"
"ham","Engga tau sep ntr di kosan aku cek sepertinya tidak ada semalam aku liat"
"ham","Jadi males banget PLA, asa ga pernah beres. Wkwk. Padahal dari pa rawosi ga bermasalah."
"ham","boleh install sendiri, nanti juga saya bawa installernya."
"ham","Kalau agus atau sept blm bisa menjamin ada kalau sekarang ada yang kosong"
"ham","nama1 seharusnya cuman nambah table daftar_ulang_ird + kalau ada masternya. Yg lain kita samain aja ya pake yg aku data_pasien (2).sql"
"ham","aamiin, makasih semuanya moga cepat lulus juga"
"ham","Kalo pacaran jg harus cowonya yg lebih sayang guys, biar ga ngebatin"
"ham","Iya teh, soalnya kenapa selasa, bapa hari rabu mau berangkat."
"ham","Pemakaian internet kamu sdh mencapai batasFUP,kecepatan akan disesuaikan.Lebih EKSIS dgnINTERNETGaul Bulanan Cuma Rp29,900! http://net.axisworld.co.id info838"
"ham","Untuk ayam bakar atau rica rica brp Pak?"
"ham","Assalamualaikum akang teteh, jangan lupa ya hari ini ada carrier day jam 10:30, exhibition fpmipa b :) (love) Hayuu teh ditungguuu"
"ham","Paling seikhlasnya aja, yg mau nyumbang mangga, yg ngga, mangga gt"
"ham","Ada internet min alamatnya dmn?"
"ham","Makasih semuanyaaa mohon doanya yaaa"
"ham","krn pulsa/limit tidak mencukupi. Dptkan informasi seputar kartu Tri di *123# atau via aplikasi BIMATRI"
"ham","Ga ada birthday nya ? Wkwk"
"ham","Iyaaaa ayyuuuukk biar kamu bisa reunian dg org sana fir"
"ham","Ceritanya biasa aja. Tp tetep bikin nangis"
"ham","Bole duaduanya pen hardcover dulu. Tp kalau perusahaan udh minta boleh ttd dulu"
"ham","Selamatkan diri kalian guys, karna ""nikah bareng"" hanyalah kebaperan sesaat #NaonAriDyah"
"ham","tapi kuliahnya sekarang. SP sebenarnya tidak boleh untuk kuliah yg ada praktikum."
"ham","Tapi masukin aja dulu, soalnya aku data pasien dari sana."
"ham","Gatau nuy, suruh tunggu aja cenah belom diinvite2 sama apapa aku mah"
"ham","Besok saya ada rapat dinas.. Selasa aja ya..."
"ham","semua udah masuk kok, cuma database sindo memang nggak real time."
"ham","semoga cepat sembuh pak."
"ham","Yang ada waktu luang besok pada futsal ya jam 4 di sampoerna, s Jangan ngaret"
"ham","assalamualaikum pak, mohon maaf saya mau tanya pak, apakah remedial dwm harus hadir di tempat pak? apa bisa online? mohon maaf sebelumnya"
"ham","Keknya pernah liat undangannya di prodi"
"ham","itu masih pake data dummy, ntar gampang itu mh."
"ham","Yaudah gausah babakaran atuh, yg pake kompor aja. Lagian ribet kan nyalain arengnya"
"ham","saya beri opsi untuk nabung nilai, jadi kontraknya semester depan dan nilai dimasukkan ke semester tsb."
"ham","oke gais tp dsni udh redaan hujannya. dtggu ya"
"ham","Bu mau mastiin ketemu di jica kan Bu?"
"ham","Gaes gaes mau drakor gaes besok yawww"
"ham","Kalo kata raditya dika tuh cara pandang org ttg cinta akan berubah setelah mengalami patah hati terhebat. Haha"
"ham","Tapi daging kurban mentahnya udah ga ada :3"
"ham","Haha ayook kita bully adi ndut sama sama 😃😃"
"ham","Permintaan Anda sedang diproses. Beberapa saat lagi Paket Internet anda akan di non-aktifkan, dan akan berlaku tariff dasar internet."
"ham","Iya kalau ada yang kosong agus atau sept"
"ham","Bntr lg kan mau sholat mel. Nanti keluar upinet kasih tau ya. Males balik "
"ham","Selamat TCASH TAP Anda telah aktif dengan SN: 100011398478 tgl. 21/08/2016 12:36:10 Info *800#"
"ham","Ngajak wida tuh, kan beliau habis seminar. Hihip"
"ham","Kang nama1 tuh baru menang 2 Milyar hahaha.. Kemakom berprestasi"
"ham","nama1 nmr kamu yg ini kan? ntr ayu sms kl udah dpn kosan yah"
"ham","Bsok ada kmpul euy.... Gmna ? Tpi gini aja. Vote aja yg bisa bsok sapa skrg sapa"
"ham","Aigoo banyak banget chatnyaa aku baru liat hape hehehe"
"ham","Waalaikumsalam. Jumat ya pukul 9."
"ham","nama1  Cara bikin makalah yang daftar isinya langsung jadi gmana?"
"ham","nama1 helmkuuuu.:'("
"ham","aku delete aja ya, ntar nama1 pull dulu atau sync dulu, ntar masukin yang nama1 , baru push."
"ham","Ada semua di panduan pla..dishare di grup ini dan fb"
"ham","Waktu itu malas sep hihi. Dilihat jd lebih rapih aja 😆👍"
"ham","[Info] bagi teman2 yg mengumpulkan data asisten lab/matakuliah bukti berupa surat keterangannya sudah bisa diambil ke pak andri "
"ham","Waaah keren kang"
"ham","Januari mah ambil 1x seminggu aja. Kan kita masuk seminggu sekali kalau januari."
"ham","Pake kamera nama1 2, kamera nama1 1, sama handy cam prodi 1"
"ham","2016/08/21 12:27:17 Anda telah terdaftar sebagai pelanggan TCASH full service. Tingkatkan saldo Anda dg isi saldo TCASH di merchant berlogo TCASH terdekat."
"ham","ya nggk jd masalh, toh model bisa diload dicontroler mana aja kan?"
"ham","kamu sibuk ngapain aja disana ?"
"ham","Kurang tau pasti sep periksa controllernya waktu instansiasi new tcpdf() aku lupa"
"ham","Airnya asa kurang lancar, besok ku tanya papa yah,"
"ham","Pak mau pesen nasi goreng spesial 2 bungkus ke Graha desilla kmr 14."
"ham","Cara panggil na localhost/SistemRumahSakit/gerbang/rawatdarurat"
"ham","Kalo masih mau ke kep. Seribu mending ikut yang ini nih, tinggal duduk manis dari unpad du"
"ham","Tp belum pasti ya. Kalau ada temen mah mau. Soalnya ga ada halangan untuk hdr kyknya hihi"
"ham","Blm beres sep. Malah byk bug"
"ham","nama1 dah selesei blm machine learningnya ?"
"ham","Bimbingan lg nanti nama1 da"
"ham","Aku ga enak euy bilang ke adiknya, adiknya pengen ke pvj nama1  :("
"ham","tes toefl di balai bisa weekend ga?"
"ham","dikirim nya disatuin ?"
"ham","wah mantap(ok) btw nge-cc perihal sponsor jg ya osnnya.. semoga yg terbaik utk kemakom"
"ham","Bebas... Senin stuju.. Apa aja yg di kebapain selain program ?"
"ham","nama1  gedung manunggal tridaya pucakti pusenkav teh 1,5 ternyata wkwk"
"ham","Pak saya pake yang 6.0 malah bingung pak"
"ham","Yaudah sekarang mah eta harddisk di laptop maneh keluarin terus dijadiin harddisk external aja.. cari temen yang punya case nya.. entar datanya copy-in, paling maneh ngerjain di luar dulu aja ga di laptop itu"
"ham","kita lewat kolam renang? di gymnas atau gik"
"ham","Aku mah plg kerumah ketemu ayah mama cukup kok :')"
"ham","Ayo nama1 semangat skripsian yaaah biar cpt lulus, kerja, dan cpt nikah wkwkwk"
"ham","Soalnya yang aku udah ditambahin"
"ham","ya masuk aja, belum ada tugas/quiz kok. cuma perlu ngejar dikit. Materinya sekarang sudah sampai location aware app. pertemuan berikutnya masuk ke sensor."
"ham","Rasa mau sidang bulan depaaan mel. Jahaaat pisaaan"
"ham","minal aidzin walfaidin, mohon maaf lahir dan batin ya semua akang teteh. "
"ham","Kita kmpul yu sblum puasa :-) waktunya "
"ham","Oh saya udh berangkat kayanya, ga ada koneksi.."
"ham","koreksi saya kalau salah (bisi lupa) tapi bagus sih kalau anda mau coba-coba, nggak mubazir juga kok. Kalau mau dibalikin lagi ke CSV ya pake transformasi lagi."
"ham","nama1 udah diperpus nama1.. yuk kesini tika tugu diperpus ya"
"ham","Kasih norek aja kesebelah. Siapa tau ada yg mau. Mereka jg punya hak untk udunan wkwk. Bilang bts waktu trfr. Kalau ada niat pasti segera kok."
"ham","Oh pantesan tau gitu lgsg foto dipusatnya aja put"
"ham","Assalamualaikum pak, mau nanya seputar mobcom sp, apakah harus ikut perkuliahan dari sekarang apa bisa ikut pas sp nanti aja pak? Trims "
"ham","Yg mau ngampus aku pengen titip bawain SKL aku di prodi😭"
"ham","Mau minta kirim foto2 selempang yg kita waktu itu dong. Makasihhh"
"ham","Terlepas dr pelaku2 nya. Ambil dr sisi guru nya. Menarik bgt."
"ham","Yg sebelah warteg bahri apa sebrangnya? Yg 15"
"ham","Pak mau tanya kalau nilai remed lebih kecil itu diambil nilai nya yang remed atau tetap yang sebelum nya pak ? "
"ham","Pak, MK yang nama1 kontrak Data Mining dgn kode IK566 bukan dwm, seperti yg bapak sampaikan dulu agar mengingatkan bapak ketika penginputan nilai, terimakasih."
"ham","Gais kyknya bapa ga akan bls sms aku. Mau gmn? Tp bapa bls sms teh tia blg dia ada dikantor dan tia jg blg kita kekantor hari ini."
"ham","Aku bawa daging yg dah direbus gapapa? Yg mentah tinggal tulang2an wkwk"
"ham","Ada yg tdk bisa jam tertentu? Kemungkinan pagi jam 8, tapi nanti diumumkan."
"ham","iya ke singapur make yang 1dolar tea gening wkwk"
"ham","Ada yg lain kok ikan tahu tempe"
"ham","nama1, minta controller dan view nya aja."
"ham","Maaf, Keyword yang anda masukkan ke 234 salah. Info lanjut hub call center : 200"
"ham","Iya  nama1, terakhir di lab jarkom. Pas copy sql SIGIndo tea.. "
"ham","atulah aku teh udh ngidam sate maranggi dr bulan puasa 󾌹 naha ka subang teu ngajakan ih"
"ham","Hai akang-teteh, bagi kalian yang belum tau, merekalah calon Pemimpin KEMAKOM periode 2016-2017! yuk kita simak visi-misi mereka :)"
"ham","aku kira bukan besoook :'("
"ham","Untuk yg kontrak game prog (dan juga dwm): kita jadwalkan untuk ikut Gemastik. Ini kompetisi terbesar antar prodi ilkom/IF, dan kita punya peluang besar untuk bidang ini."
"ham","nama1 mau pergi ga? Kalo engga aku mau ke kosan"
"ham","Aku mau bawa balon sm coklat min. Mau nitip?"
"ham","Edan edan nama1 semoga menjadi keluarga samawa "
"ham","*ngsih bunga ato coklat min "
"ham","Min lg dmn? Mo ngambil sertifikat yg kompas hihu"
"ham","Numpang berteduh wkwk. Aku tak punya tempat tujuan~"
"ham","yahh masih lama ya, urgent ini wkwk"
"ham","nama1 mau hunting kosan bentar gmn? Kita mau ngerjain dmn kita?"
"ham","bebas nama1, terus nanti kalau ada tgl libur, pajuin aja misal jadi kamis atau sabtu."
"ham","Okayyy, nanti siang jam 1an hehe. Ga kemana-mana hari ini?"
"ham","soal ada multiple choice ada essay. Yg weka masuk ke essay, tapi ada juga file yang dikumpulkan."
"ham","saya keluar kota sd jumat, senin tgl 12 pagi aja (jam 9), gabung sama gameprog."
"ham","Dimulai dari angka 0"
"ham","Pas dia ngomong gtu km langsung diem ya nuy, kikuk gtu pasti diomongin kek gtu"
"ham","Bisa bu...buka jam 11 bu"
"ham","Iya ih maksimalkan waktu sebulan ini wkwkwk pdhl aku aja yg mo pindah :("
"ham","besok jam berapaa? harus jadi ih, udah 2 kali skip 😂"
"ham","Mau naik gojek tapi ga ada driver kayanya :( padahal bawaan banyak :("
"ham","Kalo ada daun pepaya mah bungkus daunnya pake pepaya put"
"ham","Kalo engga belakang aqila ada 600/bulan gatau masih apa engga deh"
"ham","wisudaan kan hari jumat"
"ham","Besok aku kasihin softfilenya gpp?"
"ham","Ada teh dikpad, ini kontaknya ####"
"ham","Penggunaan terakhir anda adalah 35417.00 dan telah memenuhi pemakaian pulsa minimum. Masa aktif kartu anda diperpanjang selama 30 hari dan akan aktif sampai 04/10/2016"
"ham","Yah saya dikostan temen dil. Hihi"
"ham","Saya menyimpulkan, kita debat diantara karena kita yg cupu ilmu nya, atau kemungkinan pertanggungjawaban pasca penelitian yg moal kepegang. Atau rasa sayang ortu di kampus yg pengen kita lulus cepat"
"ham","Mau nitip ga saya lagi di gerlong."
"ham","Aku jg blm berangkt wkwk"
"ham","nama1;Graha Desila kmr 14 Lt.2;Aqua;20000(kembalian)"
"ham","nama1 di kosan gaaa? Mau numpang dooong"
"ham","Januari pokoknya mau sama sapapun kemanapun harus liburan fix aamiin"
"ham","Kantin fip nama1 sendiri td mau ke perpus. Tp bntar lg kan sholat "
"ham","Duh gusti disini ujan gede, semoga di riung gak bocor yah gais"
"ham","Gais kalo dri upi ke unisba pake angkot apa pulang pergi? "
"ham","Gak takut kok. Tp emang blm mau. Gatau sampe kapan kwkw"
"ham","ooh iya klo controler, ku kira td modelnya."
"ham","Ko gtu ya parah bgt masa jam kerja ngeroko. Biar dapet inspirasi meren ya"
"ham","Subuh jg abis maghrib itu teh ahaha"
"ham","Terimakasih, saat ini Anda masih terdaftar sebagai pelanggan TCash."
"ham","Mana duduk plg depan selalu kdg aku ga tau keadaan dblkg. Siapa yg hdr siapa yg engga. Wkwk"
"ham","numpang promo yah, siapa tau ada yang berminat 😊 bisa liat di instagram nya "
"ham","Saya meminta maaf atas apa-apa yang telah saya perbuat. maaf dari lisan ini yang belum terjaga. maaf atas perilaku yang kurang baik. maaf atas segala kesalahan baik yang tersadari atau yang tidak saya sadari."
"ham","Wid jgn plg sebelum ketemu aku. Aku brgkt jam 5 hehe"
"ham","Salam jepret karet gelang. Hihip"
"ham","Coba siapa yg lagi di prodi? Punten liatin jadwal sidang. Ada tulisan suruh kumpul jam brp gitu gak? Nuhun"
"ham","Jangan gitu kang.. Aku tersinggung."
"ham","Urang mah kayanya dah jumatan, tapi jam 2an. Mau ke pa lala dulu bentar."
"ham","Saya brsik masih cuti bati ke kantor har rabu"
"ham","Matikan services spt antivirus dll."
"ham","nama1 .. Saya masih di perjalanan.. Besok aja habis jumatan ketemu di kanto.. Web service nya juga sudah bisa di akses"
"ham","Itu namanya ap nur? Tokopedi bukalapak lumayan laa complete walopun kw sejenis"
"ham","Biasanya dia bukannya ke subang ya kalo weekend"
"ham","Aku di pt. DI"
"ham","nya sore we atuh gi, kalo mau pagi / siang weekend nya"
"ham","Eta mah data dokter keseluruhan. Maksud urg teh kan si pasien teh aya meren di pariksa ku dokter saha."
"ham","Oh oke Pak nanti saya lgsg kesana untuk kepastikan buka jam berapa? Ke bebek komar yg dekat dt bisa?"
"ham","Mungkin aa nya tau kl wajah nama1 bakal beda sendiri pas gaya ini (up)"
"ham","Doakan aja ya bsok lancar paling cepet aku nyampe sana jam 9 malem"
"ham","Bagi yg tertarik lanjut ke gemastik 2016 ini tempat diskusinya : http://line.me/R/ti/g/xxxxx"
"ham","Terima kasih atas konfirmasinya. Orderan sedang kami proses."
"ham","Ada perasaan nyesel gt sedikit. Waktu kuliah. Asa ga merhatin. Ga ngerangkul semua. Aku pribadi hmm"
"ham","Derr ya jangan wacana kaka bunda"
"ham","kamu kapan ke bandungg??"
"ham","Kita yg stay di pdg aja mah tinggal cuss aja kapan meet up nya"
"ham","supaya kita bisa mulai cepat, tolong posisi duduknya diatur dari awal, diberi jarak satu kolom kosong selang seling."
"ham","Guys, aku ganti template nya."
"ham","E& (gila) ada namakuuu. Kapan aku luluuus"
"ham","Iyalah makin malam makin mahal kek yg suka dijalanan"
"ham","Gajadi gadiabsen yg telatnya lebib dr 15 menit da kayanya"
"ham","Nanti aku push aja ya kuota modem lg hbs"
"ham","Alhamdulillah, puji syukur atas nikmat Allah swt. yang telah memberikan nikmat hidup sampai detik ini sehingga saya masih bisa untuk mengevaluasi diri. Selama itu tentu saya menyadari banyak melakukan kekhilafan dan kesalahan."
"ham","Jadi nanti barang yg dipilih nyesuain budget aja diantara 7 pilihan diatas~"
"ham","nama1  beaok bwrangkat pagi...mau cas atay tranfer?"
"ham","ku ada 300 ratus nih di tabungan~ di nama1  aku tabungan ada berapa nama1 ? cabut sekarang juga #ManaAda~ :("
"ham","Gais bsk kke kantor ya nyerahin laporan aku udh dpt ttd paedi. Ini mau hard jilid. Jgn lupa ya source sama laporan di cd"
"ham","maaaaaaaaf, aku lupaaa, hp aku baru nyala dadi pagi belum pulang ke kosan, maaf pisaaaan :("
"ham","Nanti plg wisudaan aku lgsg ksana. Awas telat. Telat aku plg."
"ham","Udah lama ga bimbingan 😂"
"ham","Aku ada spagetti, tp usah kaldaluarsa belum yah"
"ham","Sep aku udh pull tp kenapa direpository git ga msk ke aku ya"
"ham","Sepupu ane baru masuk kuliah"
"ham","beu atuh sekarang, sambil nunggu yg pulang ppl"
"ham","Setting ponsel akan segera dikirimkan. Masukkan PIN: 1111 jika diminta. Terimakasih"
"ham","nama1  kalau kelompok sistem pembelajaran bhs jepang itu siapa ajaa?"
"ham","Biar rapih aj mad. Ini controllernya msh digabung2 aku bikinnya perfungsi soalnya"
"ham","Enakaa ajaaa gw diantar cowok gw yaa bukan dijmput nama1"
"ham","Perusahaannya apa aja kalau boleh tau?"
"ham","aku push yang updatenya, itu udah di template sama adminLTE."
"ham","Perginya naik kelapa turun di pasar bunga wastukencana, terus naik caringin-sadang serang atau jalan"
"ham","ok nanti saya lihat dengan kehadiran. Siapa lagi yg nyaris2 nilainya?"
"ham","kalo aku sih pertabel  nama1, mnyesuaikan kebutuhan :)"
"ham","Naik kelapa ledeng turun di ciateul, sebelum terminal bgt. Terus naik kalapa dayeuh kolot turun di depan kantor bgt."
"ham","Maaf, pulsa Anda tidak cukup untuk melakukan pembelian paket Flash yang dipilih. Silahkan isi ulang pulsa Anda."
"ham","Itu teh sebenernya krna terlalu sakit sma orang itu nuy, padahal kalo udah nemu orang baru mah pasti rasanya beda"
"ham","Buat yg mahasiswa baru"
"ham","Gais laporan 40 itu di bimbingan pembimbing lapangan?"
"ham","Sudah pak di email, saya cantumkan direct link juga diemail kalo misalkan file google drive tidak bisa di download"
"ham","Jadinya aku ambil bulanan sampe desember. Tapi sekamar berdua sama sodara aku"
"ham","Mohon maaf pak semalam saya Sudah konfirmasi tidak ikut remedial. Tapi di nilainya kenapa ikut remedial "
"ham","Food Teh maksudnya bukan beras kan kang? "
"ham","Segan baa lo ko wqwq hai di, gila kurus banget skrg diii"
"ham"," Di kfc yg deket enhaii ada dy"
"ham","Aku teh cuma bawa celana jeans yg tua tp jilbabnya yg muda -_-"
"ham","Assalamualaikum. Ada yg tau kalo file buat penilaian ada di mana? Apa ada di fb?"
"ham","Pesanan #342877938 - mohon transfer Rp.59,755 ke BNI Account ####  sebelum 24 Jun, 2016. Mohon periksa email anda untuk info lebih lanjut."
"ham","Mba mau kirim 300 ya"
"ham","Kan dia masih gatau ngeditnya kek gmn haha"
"ham","2016/08/21 12:27:32 PIN baru TCash anda adalah 605598. Silahkan menggunakan PIN baru anda untuk menikmati layanan TCash Telkomsel"
"ham","Waalaikumsalamin apa yg dpt saya bantu min?"
"ham","nama1 saya ke kosan yah, mau nanya2 jg soal laporan.. boleh ga?"
"ham","Aku merasa geleh sendiiri ini lipstik aku merah sekali wkkw, mana dapet dikasih ini jg"
"ham","TOPUP pulsa Rp50000 berhasil via transfer ATM BNI kode trx 01123190427523627. Pulsa anda saat ini Rp 54205. Terima kasih telah menggunakan INDOSAT OOREDOO"
"ham","Da sebenernya makan sama indomie ge cukup aku mah 😂"
"ham","Saya sedang nunggu beliau pak,beliau sdg ngobrol dgn client "
"ham","Besok mau ke kampus lagi ga?"
"ham","Di folder sql, aya sql rawatdaruat.sql tinggal sesuain sama yang maneh we. Cobaan k ente jalanken. Di urg mh teu jalan ngan load view mh bisa. Error di database. Soalna lieur gabungken database na."
"ham","Ke kantor siang aja.."
"ham","Tiga kali juga dil, april, juli, sama okt"
"ham","bntr lagi pulang"
"ham","Aku dy wkwk makanya kurang direstui jg krna kejauhan"
"ham","Jam 12 wid, nanti berangkat jam 10"
"ham","Load controller bisa di construct mad? Kmren aku coba ga bs terpaksa di dlm fungsi"
"ham","da gapapa public juga, asal jangan ada yang dimasukin."
"ham","Gais kata aku kita ngantor tgl 4 sekalian bawa form penilaian, daftar hadir, form bimbingan. Sekalulian foto."
"ham","Gais kalau ada chat2 sebelumnya tolong dibaca dan dipahami biar ga ulg2 😂😂"
"ham","Dmana aja kang boleh hehe"
"ham","Dilantai 2 ya tepat diruang skripsi"
"ham","nama1, ntar bilang aja ke kaka kamu, pas instal ulang gagal ngeformat C nya, ada error tpi semua data di C nya udah keformat. Pas mau nyoba instal windows nya, muncul error yg sama, error code 0x80070057. Kemungkinan ada yg rusak di harddisk nya."
"ham","Selamat siang, mau reservasi bandros perorangan apakah bisa?"
"ham","😁 sebelumnya ga ad nulis kerudung. Kirain warna jins"
"ham","Kan ini karna bulan baru qaqa 😂 bisa ngomong gituch"
"ham","sama sama pak,ooh itu report sendiri ko pak yang bumiputera, saya ngedit yang nomer 16 nya pak, jadi saya post lagi 😁"
"ham","Belum de.. Saya kagi nyoba ngejar.."
"ham","Iya kar lg dikosan nih. Numpang ap?"
"ham","pulang nya jam 8 (kecewa)"
"ham","nama table table pasien_irj dan gnti data_pasien. lupa"
"ham","Makasih gais doakan kami yg masih berjuang ya 💪"
"ham","Info Gempa Mag:5.3 SR, 21-Jun-16 21:10:23 WIB, Lok:2.21 LS,99.33 BT (98 km Tenggara KEP-MENTAWAI-SUMBAR), Kedlmn:34 Km ::BMKG"
"ham","Rumah aku Gais, lewat pager garasi, karna pager orangnya ditutupi rumput liar hehehehe"
"ham","Aku besok dtg agak telat jam 8 boleh ngga? Kan jam 10 ya mulainya?"
"ham","Kalo nonton hr ini mahal yah? Week end"
"ham","Dr ciateul terus masa kekalapa lg (frown)"
"ham","Aamiin. Makasih semuanya..semoga teman2 cepat nyusul dan semoga segala urusannya diberikan kelancaran oleh Allah.aamiin"
"ham","Selamatkan diri kalian guys, karna ""lulus bareng"" hanyalah kata hiburan semata"
"ham","Eh iyaa gais kadonya udah aku kasih yaa, kata nama1 makasihh sama maaf kalau ada salah. Minggu ini udah mau ke samarinda"
"ham","Tp aku masih lucu ngebayangin kalian pacaran teh hahahaha"
"ham","Silahkan klo pd mau besok gpp, saya nyusul aja paling laporan ke bapaknya. Udh ngehubungin bapak jg."
"ham","Mudah2an ya dil, besok mau coba ke telkom lg, doain yah (tear)"
"ham","Iya ya ratarata programmer gt hirenya udh pake csps gt gt"
"ham","Eh tp jam 5 pas dong jgn malem hbs mgrib. Aku takut plg wk"
"ham","Dari pt gagas, pt ixindo, pt bima data pratama, sma sukarnohatta, sma purwakarta, smk pgi, sma swamedia kang"
"ham","Yg dian ge waktu itu yudisium akhirnya sore2, ga dibarengin sama nondik sampe jam 6kurang keluar yudisium teh"
"ham","Yg ragu sm bulet/datar atau yg pgn ikutan debat kusir :v"
"ham","Semangat yang ibu gita, ibu putri dan bapak adison esok hari. Semoga diberikan yang terbaik. Aamiin"
"ham","nama1, minta database kamu sama view dan controller yang ada js buat dropdown kotanya."
"ham","Silahkan tebak umurnya~"
"spam","Plg Yth: Simcard anda mendptkan bonus poin plus-plus 555 dr:PT.INDOSAT pin anda:277fg49 u/info klik di www.indosat-555.blogspot.com atau Hub:021-3338-0074."
"spam","Tingkatkan nilai isi ulang Anda selanjutnya minimal Rp10ribu untuk bisa mendapatkan Paket MURAH PAS di *100*999#. Info 188."
"spam","Uangnya di Trnsfer di BNI ini aja a/n RASTINA NO.REK.0253 7915 37.Klo sdh d Trnsfer Sms aja di no ini 085293355598 Trmks."
"spam","PESAN RESMI Selamat NO Simcard anda M-dptkam hadiah cek.Rp.35juta dr TRI CARE pin:7Y7R8K9Z info keik: www.id-tricare2016.blogspot.com"
"spam","Sy RUDI di jambi, bgi tman2 yg sering kalah Togel saatnya kalahkan bandar hub mbah ROS 082325557768 di jamin tembus, sy sdh buktikan 4D 50jt."
"spam","Tri berBAGI bonus PULSA di bulan pernuh berkah! Isi pulsa min. 5rb dapet bonus pulsa 10rb utk nelp ke nmr Tri! Hanya hari ini saja! Ayo buruan isi pulsa! T496"
"spam","Mengenai Uang kontrakan kalau Masih Mau Di terusin Harap ke bpk, Suyono, Nomor Hp: 082127377377, Soalnya shd sya kuasakan Penuh ke dia, Maaf Cuma sms"
"spam","Surat Keputusan dari Tri Care Indonesia No.XV/2015 Pin_Pemenang ANDA : 67ytg44 mendapatkan hadiah cek tunai Rp 45 jt. U/INFO kunjungi: www.id.tri.webnode.com."
"spam","Kami dr Ktr INDOSAT sdh hub nmr anda tp tdk trsambung,jd kami krm SMS bhw no anda mendpt mobil JAGUAR PIN;d377hi8 info www.kejutanindosat-plusplus.weebly.com"
"spam","PESAN RESMI Selamat No Simcard Anda M-dptkan Hadiah Cek Rp.100juta dr TRI CARE Pin: 7Y7R8K9Z Info Kelik: www.gebyar3care15.blogspot.com"
"spam","Pesta m-tronik Anda sebagai Pelanggan setia m-tronik terpilih sbgi pemenang ke[2] pin pemenang; [25e477r] u/info klik www.gebyarhadiah2016.com"
"spam","Selamat!! anda Mendpt hadiah Rp. 75 juta. Dari TELKOMSEL point ""Edisi september"" Hub kntr pusat"
"spam","PROMO BLACKBERRY BB Dakota 2jt BB Torch 1.5jt BB Davis 1.3jt BB Orlando 1.8jt BB Gemini 950rb Berminat Hub : 085715186696 Promo terbatas"
"spam","Pinjaman s/d 1 miliard jaminan bpkb mobil/truck min th 1998. Bunga 0,8%. Syarat mudah. Proses1hari  PT. Bunas Finance Tbk (cover all wilayah) ANDI 081330134449"
"spam","PAKET BRONET 24JAM 2GB 60hr Rp28800 akan segera aktif. Temukan penawaran menarik AXIS lainnya, telp *123#.Info838"
"spam","Beli 6 Gratis 6 Donut dari DUNKIN DONUTS BORMA SETIABUDHI. Tukarkan SMS ini segera. Hanya berlaku untuk hari ini. Selama persediaan masih ada. Promo *606#"
"spam","SMLT_Anda m-ndpt Hadiah TOYOTA ALL New AVANZA, dr TELKOMSELpoin, Pin pemenang anda b89c7h9. U/INFO Lebih lengkap kunjungi: http;//gebyartelkomsel.juplo.com"
"spam","Ikuti JobFairActive & UjiKlyakanKerjaBerstifikat @PlasaTelkomMlg 9Feb13. dptkan platihan Intrview&Rekom kerja ke ribuan Ph. Info: www.indogetjob.com/085233334106"
"spam","ma, isi dl pulsa 20 rb di nmr ini 085337784732"
"spam","HOT PROMO! Dptkan EXTRA PULSA TSEL 50rb dg beli paket internet pertama kali di My Telkomsel App sjk 25 Agsts - 25 Sept. Cek detail paketnya di tsel.me/mytsel1"
"spam","GT-SHOP Disc.41% BB Z10 3jt BB Torch 2jt BB Davis 1jt Minat? Galaxy S4 3,5jt Cp.08994352577 Pin.25A1785B Gili-SMS versi Demo. Http://www/yusiwa.com"
"spam","Kami sdh mnghubungi tdk trsambung SIM CARD anda mendapatkan hadiah ketiga dri PT.AXIS pin [02399877] Klik  www.hadiah-ptaxis.blogspot.co.id"
"spam","Yang lain penuh batasan,kami beri kebebasa n. DOUBLE KUOTA BONUS 10GB(4G), UNLIMITED Nelp&SMS, Musik streaming gak pakai Kuota!cuma dg FREEDOM COMBO. Daftar*123#"
"spam","Yank tlong isi’in aku pulsa 10rb, di no ini,082189983017 nanti aq yg tlpn yacc!"
"spam","Paket Tsel Flash akan berakhir tgl 07/08/2016. Akan diperpanjang dg 10 MB utk 1 hari dengan harga 2500 dpt berubah sesuai lokasi anda .  Pastikan pulsa anda mencukupi. Utk berhenti berlangganan Ketik FLASH OFF ke 3636. Info detail tariff lihat di Tsel.me/internet "
"spam","Transfer ke BNI aja, a/n SORAYA HARUM rek;0233-293-922 klo sdh kbrin di nmr ini ya!"
"spam","Paket super Ngebut 3.5GB, 30hr, Rp25rb Anda sudah aktif. Nikmati 500MB di 12.00:24.00 & 3G di 00:00-12:00 di 3G. Diperpanjang pada 11-Mar-2013 jam 23:59. Info 817"
"spam","Mau jajan? Gak usah kemana-mana sob, jajan online aja, terutama buat kamu yang suka nge games, cek http://tsel.me/jajanonline"
"spam","Ingin Tahu Angka Jitu! Yg Keluar Putaran Pada Hari ini 20/01/2013 Hubungi : 082-335555-454. mbah TOGEL semarang ""Jamin 100% Tembus"" Raja SHIO (Buka 24 Jam)"
"spam","Isi ulang Pulsa Rp.5000 Regular oleh PUTERA SUKSES pada 11/02 19:57.Ref:78330280.GRATIS PULSA sd 250rb hg 7Hr 7Mlm.Ktk:GRATIS krm ke 123"
"spam","plgn yth,saya h.rian harino opoerator tri tlah menghubungi anda tapi tidak tersambung jdi informasi ini saya sampaikan lwt sms,sblum hadiah jatuh tempo,selamat no tri anda menang undian dari 3care no pin pemenang anda MG75K7,segera hub kantor tri jakarta;0895-349-076-577/info klik www.kejutanundiantri.blogspot.com"
"spam","Mau Pergi Dari Hatiku nya Aliando di HP kamu? Ambil NSP GRATIS nya dengan akses ke *600# dan dapatkan promo gratis lainnya sesuai hobimu!"
"spam","Hi! Ayo coba Grab untuk pemesanan taxi yang cepat dan aman. Klik: https://invite.grab.co/37aa4d"
"spam","Anda akan membeli Paket Gampang Internetan Rp.1250 utk Chatting Sepuasnya (BBM, WhatsApp dan Line)/1 hari.Jika setuju balas FLASH<spasi>YA kirim ke 3636 utk melanjutkan.Tunggu SMS konfirmasi sblm pemakaian.Info detail tariff lihat di Tsel.me/internet "
"spam","INFO RESMI SELAMAT!!! NO simCARD Anda Men_dptkn Uang Tunai Rp 45jt. Dr PT.INDOSAT PIN(TBL48VG) info Hub: 085694961118 A/u klik www.indosat-info2013.jimdo.com"
"spam","INDOVISON PROMO: hanya 299 rbu, nikmati 2 bln berlangganan, GRATIS biaya pasang+bonus cinema 3 (3bln). hub : 087738718255, 08555796717 PIN BB 32F1C805"
"spam","Mau BONUS KEREN dari Indosat ooredoo? Ketik *345# dari HP kamu sekarang juga..!!"
"spam","Surat Keputusan Dri Tri Care No.XV/2015 Pin Pemenang 477BFG7S Mdptkan Hadiah HONDA JAZZ HUB:02150227999 Info Pin klik: www.tricareindonesia.com"
"spam","SELAMAT!! Anda M-dapat hadiah Satu unit mobil alphard dr TELKOMSEL info hub;0016282336033777/kunjungi website kami di http://telkomselundian2013.jimdo.com"
"spam","Ada iRing dgn tarif Rp. 0,1/7hr (perpanjangan Rp. 3190/7hr) dari hits Armada - Pencuri Hati. Tekan *808*3*1*4*1# lalu OK/Call. Info: 100&111"
"spam","Dapatkan Segera TIKET Murah & Promo DiTRAVEL Kmi,Untuk Penerbangan Domestik & Internasional ONLINE BOOKING 24 Jam Anda Berminat Hub:085318303276"
"spam","Pelanggan Yth. TRI CARE No.XV/2015 PIN_PEMENANG ANDA 8JF2177. Mendapatkan Hadiah 1 Unit Mobil Toyota Yaris. Info klik http://tri-3.webnode.com/ UNTUK MENCOCOKKAN PIN PEMENANG ANDA"
"spam","selamat nomor 3Care anda terpilih mendptkan Hadiah Honda Jazz RS dr program Undian 3care PIN:792RW1F7 Info klik: www.tricare2016.jimdo.com Nih BANK BRI No Rekening:  313.0100.5936.535 Atas Nama: Bayu Alamsyah"
"spam","Mah,esian plz kna no 085741670427 nu 20 rbu ayena"
"spam","Transfer ke Mandiri aja, a/n Resti Amanda norek 9000007701999"
"spam","LINE Lets Get Rich semakin seru, tambah koinnya dari pulsamu, mudah banget caranya di google play"
"spam","Manfaatkan segera creditCard anda utk apply pinjaman 20-250jt ada cashback berminat hub: Bintang 021-27450166.tks"
"spam","Yuk tetap gunakan Flash Volume Ultima utk update informasi Anda, kuota 60MB/7hr mulai Rp7rb di *100*431#. Tarif&lokasi cek di tsel.me/FL"
"spam","Nikmati nelpon dan SMS UNLIMITED ke sesama Indosat Ooredoo internetan sepuasnya 3 hari dengan paket Ramadhan Unlimited. ketik *123*88#"
"spam","Pelanggan Yth SimCARD Anda M-dptkan Cek Tuanai Rp:27jt Dari PT.TRICARE INDONESIA Pin Anda HDR7JN7 U/Cek Pin Kunjungi www.programundiantricare-2015.blogspot.co.id"
"spam","Keputusan resmi 3care selamat No.anda Terpilih M'dpt Tabungan Rp.35jt Pin:M902CX8J info kelik www.programisiulang3care.tk "
"spam","Nikmati diskon 25% tarif SLI 008 ke SEMUA NEGARA mulai pukul 00.00 sd 06.00 WIB, sd 31Agustus 13. Info lengkap ketik *122*5*4# atau www.indosat.com/iddpromo"
"spam","SLMT!-No Anda M-dpt 1-unit Mobil all New AVANZA,Dari TELKOMSELpoin PIN_pmenan anda b89c7h9)U/info Lengkap kunjungi: www.telkomselpoin-777.pusku.com"
"spam","Nomor kamu tidak memiliki Paket NetMax. Dapatkan Paket NetMax 5.5GB dan 7GB melalui hape *123#, aplikasi BimaTri, atau website tri.co.id."
"spam","Ayo kawal pemanfaatan subsidi BBM & Kompensasi bagi yang berhak! Pengaduan, ketik BBM (spasi) isi pesan. Kirim 1708"
"spam","Kirim ke MANDIRI aja, a/n ARYA. rek: 131-000-7252-937. klo sudah kabarin ya!"
"spam","Plg yth,Mohon memberikan nilai kepuasan pengalaman layanan Telkomsel ketik 1 utk bhs Indonesia & Type 2 for English send to 1166(FREE) (for int'l charged)"
"spam","Anda akan menerima setting ponsel, agar ponsel Anda dapat mengakses internet dan berkirim foto/MMS. Jika Anda setuju balas pesan ini (gratis) dengan ketik Y."
"spam","Isi ulang Pulsa Rp.5000 regular oleh HD COM 4 SUKSES pada 09/02 12:34.Ref:763179369.GRATIS PULSA sd 250rb hg 7Hr 7Mlm.Ktk:GRATIS krm ke 123"
"spam","Nikmati Double Internetan di jaringan Data terkuat 3GB dan 3GB (4G) dan Tlp&SMS SEPUASNYA dgn pkt Freedom Combo. Daftar *123# atau http://mycare.indosatooredoo.com"
"spam","Pesan Resmi M-KIOS Sim Card Anda Menang Hadiah ke4 Cek 100jt Dari Promo M-KIOS PIN:M7H7R47 hub:Ir.H.SURIANTO 0823 8777 5019 klik: www.kjtn-mkiosjkt.blogspot.com"
"spam","ini rekeningnya bank bri.no/rek.018801.006474.53.2.a/n:IR MAYANI"
"spam","Jangan sampai kalah Bro, games mu bisa terbantu dengan menambah koinmu, beli aja pakai pulsa, cek caranya di http://tsel.me/jajanonline"
"spam","SELAMAT Anda sebagai pemenang promo UNDIAN POP-MIE GETLUCKY men-dptkan 1unit MOBIL NISSAN JUKE pin anda:b89c7h9 U/INFO Klik:www.hadiah-pop-mie-2013.webs.com"
"spam","Slmt simCARD anda 08562XXXXXX mdpat cek tunai Rp.49jt PIN (RWD2749) info CS,085691371116 atau kunjungi www.indosat-id.jimdo.com"
"spam","Selamat Anda mendapatkan voucher Zalora Rp100rb. Masukkan kode voucher TSU59 saat transaksi di www.zalora.co.id/simPATI. Mau voucher lain? Hub *999*1#"
"spam","MEGA PRIMA TAMA PROMO DISCON 20-50% Blackberry dacota rp. 2.700.000 onyx 2 rp. 1,8 iphon,ipad Laptop, Camera, DLL INFO www.megaprimatama.com PIN BB 2A9EA404"
"spam","Dapatkan E-TICKET Promo untuk penerbangan DOMESTIK & INTERNASIONAL melalui Via Online mudah & aman. Hub ; 085285485509 klick. www.mhegatravel.com"
"spam","KHUSUS buat kamu. PAKET internet hanya 10ribu dgn kuota 1.5GB selama 30hr, berlaku 24Jam di Jaringan tercepat Indosat. Balas SMS ini ketik YA ke 919 sd 22 Mei 15"
"spam","NASABAH Yth, Anda Di Minta Menghub BRI Prihal Tabugan Anda dapat Cek Rp.27jt dri BRI dgn KODE CEK: 02599875 INFO Klik: www.callcenterbankbri.blogspot.co.id"
"spam","PESAN RESMI DR TRI-CARE INDONESIA 2016 selamat No.anda mendptkn hadiah dgn No.PIN pemenang;47BL759 U/imfo silahkan kunjungi; www.bima3care2016.jimdo.com"
"spam","pesan resmi dari PT.TRI CARE indonesia selamat SimCARD anda mendapatkan hadiah senilai 100 juta jatuh ke pemenang (lV) kode pin ijh76k79 silahkan cek di www.pt-tricare.com"
"spam","PUAS Internetan, Chatting, Facebook dan nonton Video selama 30 hari hingga 1.5 GB Cuma Rp 30ribu. Beli paket di *100*1#"
"spam","Artha Cell diskon Brg elektronik BB Dakota 3 juta BB Onyx3 2,8 jt Camera DLL HUB Sms ke : 085335875777 Pin BB 28BDDF4D www.arthajaya-cell.blogspot.com"
"spam","Dapatkan e-Tiket Murah & Promo Untuk Penerbangan Domestic & International BOOKING ONLINE Info Hub: 085216181177 www.surya-travel.jimdo.com"
"spam","Pelanggan yth,saya REZKY operator TRI, telah menghubungi anda tapi tidak tersambung jadi informasi ini saya sampaikan lewat SMS sebelum hadiahnya jatuh tempo, selamat no Tri anda menang undian dr pesta akhir tahun TRI Pin pemenang (2547afr) Info klik; www.bonus-tri75.blogspot.com"
"spam","Toko bagus phone promo diskon 50% blackberry:Dakota Rp.2,8jt torchRp 2jt Gemini 900rb info/sms/pin 282F4C55 085776973349 WWW.TOKOBAGUSPHONE.COM"
"spam","GRATIS nelpon kemana saja, ke semua operator! Cukup beli Internet Harian 100MB seharga Rp1500. Balas SMS ini dgn ketik JS utk membeli. N092"
"spam","INDOSATpoin Plus-plus 2013 SELAMAT SimCard +6281571xxxx Resmi Terpilih M-dpt HADIAH Pin-b89c7h9-di Sahkan Oleh PT.INDOSAT info klik www.infoindosatpoin.webs.com"
"spam","Anda tlh menukarkan poin 95 poin, Tukarkan terus poinnya siapa tahu anda pemenang hadih LG G3 32gb, pemenang adalah yang menukarkan poin tertinggi s/d 30 November 15"
"spam","Transfernya ke BRI aja A/n ANGGA PRASTIA No Rek 1172-01-002218-502"
"spam","Jalani ibadah Haji dg nyaman tnpa prlu ganti kartu lokal.Nikmati GRATIS 2menit/hr trima telp dr IndosatOoredoo&Internet UNLIMITED Rp30Rb/hari.Info: *122*1# PAI3"
"spam","Anda mempunyai 3 pesan suara dari 083139195872; untuk mendengarkan pesan suara anda silahkan tekan *886*10000*083139195872# tekan OK/YA. Bebas biaya. Terima kasih"
"spam","Segera aktivasi rekening BTPN Wow! anda. Ketik *247# tekan Yes / Call lalu buat PIN rahasia Anda. Info lengkap hub. 1500300"
"spam","Dapatkan GRATIS Wendy's Crispy Chicken Sandwich dengan minimal pembelian Rp.100.000. Tukarkan SMS ini di Wendy's terdekat! Persediaan terbatas. Promo *606#"
"spam","Layanan VIP GAMES Rp3300/sms 4x/mgg sdh diperpanjang.Nikmati layanan disini:http://live.vipgames.me/?sid=40186483 stop? *123*66#. CS:02152971540"
"spam","Ini no rekeningnya BRI.A/n.A.SRI NARTI NO.rek.2219-01-001948-50-7."
"spam","Surat keputusan dari tri care indonesia no.XV\2016 pin pemenang anda 67YTG44 terpilih mendapatkan cek sebesar 45jt info kunjungi www.my-tri8.webnode.com"
"spam","Surat_keputusan dari tricare indonesia NO XV/2015 Pin pemenang 8JF2177 mendapatkan 1TOYOTA YARIS U/info Kunjungi www.tri-2015.webnode.com atau blogspot.com"
"spam","Jika anda butuh ANGKA jitu GAIB 2D_3D_4D_SGP Yang dijamin 99% tembus. Silahkan SMS 085337807887 MASTERTOGEL"
"spam","Pelanggan Yth, Selamat, Anda men-dpt hadiah dr: Pengundian PT . INDOFOOD POPMIE pin anda FH53X77, U/info klik:www.pop-mie-indofood.webs.com"
"spam","PROMO LEBARAN.Paket Service Motor+Olie HANYA 35rb(harga biasa Rp42rb)ada di Genuine Oil+GOP SHOP,Info 088980007432berlaku 15jui-15aug2013.www.genuineoil.co.id"
"spam","Mau internetan kuota BESAR dan harga MURAH? Buruan cek di *345#, penawaran ini khusus nomor kamu & cuma berlaku sebelum 16 Juli 2016"
"spam","PESAN RESMI PT.3Care Indonesia Berkat isi Ulang No. Anda Resmi meraih hadiah ke-1 Dengan kode PIN Anda {8JF2177} U/Info Hadiahlik: www.berkat-isiulang3care.blogspot.com"
"spam","Pakai XL tdk perlu repot setting bisa langsung internetan. Yuk aktifkan paket Internet di My.XL.co.id sekarang."
"spam","Sayang sekali kamu kalah cepat. Tapi jangan khawatir! Ayo coba lagi di sesi berikutnya! * Pastikan kamu membaca pesan dari LINE Indonesia untuk mendapatkan info mengenai waktu dan hadiah pada event sesi berikutnya"
"spam","Paket 1.5GB berhasil diaktifkan. Restart hape kamu utk dpt menikmati kuota internetan selama 90hari. Cek sisa kuota di *557*8#"
"spam","Nikmati EKSTRA PULSA 100% dgn isi ulang min. 50rb HANYA di aplikasi MyTelkomsel menggunakan T-Cash! Download di http://tsel.me/1 Promo s/d 11 Agst 2016"
"spam","Saya ARUM K PRASODJO operator TRI JKT PST bekerja sama dengan PT.POS PERSERO membuat surat pemberitahuan untuk anda tapi alamat registrasi kartu TRI anda tidak di temukan jadi kami kirim lewat sms info ini.SELAMAT!,Nomor anda menang undian TRI yang di siarkan di MNCtv tgl 11-agustus 2015 sebagai pemenang ke2 dengan pin undian;333342M.Lengkapi prosedur hadiah anda sebelum jatuh tempo klik;http//www.gebyar-trichampions.jimdo.com."
"spam","Sensasi seru main game yang belum pernah ada. Ayo bergabung dengan para heroes di Game HIT. Download Gratis di http://bit.ly/2c6jsXN"
"spam","BONUS Rp. 5,000 untuk kamu! Cukup telpon teman kamu selama 2 menit hari ini untuk mendapatkan bonusnya, khusus hari ini saja!  A010"
"spam","Promo diperpanjang! Gratis MIFI(modem) 4G hanya untukmu. Tunjukan SMS ini di Galeri Smartfren & isi pulsa 100rb utk bawa pulang MIFI favoritmu. s/d23Nov. DL40K"
"spam","Selamat! Anda berhak membeli PAKET PAS untuk Nelpon, SMS, Internetan, Video, dan NSP. Pilih paketnya MULAI Rp500 di *100*999#, hanya berlaku HARI INI! Info: 188"
"spam","Pelanggan YTH. SIMCARD Anda sbg Pemenang Mendptkan HADIAH Mobil Toyota ALL NEW YARIS PIN:8JF2177 dari GEBYAR UNDIAN 3 CARE Untuk Info Lenkap Klik: www.infogebyarhadiah3care.blogspot.co.id"
"spam","5 HARI LAGI ! EKSTRA Pulsa 50rb dg beli paket internet bulanan di MyTelkomsel utk pembelian pertama sjk 25Aug-25Sept. Cek detail promo di tsel.me/mytsel1"
"spam","Nikmati Discount 20% di Bakmi GM setiap hari hny dgn TCASH TAP! S&K berlaku. Info tsel.me/tappromo"
"spam","PESAN RESMI dari M-KIOS PESTA ISI ULANG KRT anda terpilih men-dptkan HADIAH ke-4 cek 100jt PIN:M7H7R47 hub:custumer klik: www.snmkios-ed16.blogspot.com"
"spam","Selamat KPD pemilik NO simCARD 085643XXXXXX mendapatkan . UANG TUNAI Rp 49jt dari PT.INDOSAT pin:RWD2749 www.indosat-poin-2013.jimdo.com atau HUB 085693577707 !spam!"
"spam","SELAMAT: Anda T'rpilih L'ngsung M'ndptkan Hadiah Dr PT.TELKOMSEL Rp:75jt.U/INFO Hubungi pusat: 085245780079 Drs.H.MULYADI Pelaksana:TELKOMSEL"
"spam","Selamat Paket Flash 10 MB (1 hari) Rp.2500 telah diaktifkan, berlaku s/d tgl 07/08/2016 pk. 23:59 WIB. Paket langsung diperpanjang pada akhir masa aktif paket dengan tarif sesuai lokasi Anda. Cek status/berhenti berlangganan melalui *363#. Info detail tarif lihat di Tsel.me/internet"
"spam","Sebelum di bayar /di transfer harap hubungi dulu atasan saya,bpk ARDIANSAH no tlp;081563257257 soalnya ada perubahan pembayaran ."
"spam","De inih bapa pake no temen, tolong kirimin pulsa ke no inih soalnya penring banget, nanti di rumah digantiin"
"spam","Special PROMO! BONUS KUOTA 500MB (1hr)! Cukup isi ulang mulai dari 5,000 hari ini! Ayo buruan isi pulsa sekarang juga. T580"
"spam","Kesempatan jadi AGEN PULSA MKIOS ALL Operator harga V5=4500, V10=8500, V20=18rb, V25=23rb, V50=45rb, V100=90rb Cara Ketik Daftar kirim ke 087888366677"
"spam","Buy 2 Get 3 tiket Trans Studio Bandung,mulai 14 Mei-14Juni 2013.Tunjukkan SMS ke petugas di lokasi. Info: www.indosat.com/transstudiobgd"
"spam","PESAN RESMI dri TRI 3Care, Slmt Anda mdpt Hadiah 1 Unit Mobil HONDA JAZZ RS. No.PIN Pemenang Anda: 47BL759. Utk Info Kunjungi: www.layanantricare-2016.jimdo.com "
"spam","AYO download AXISnet dari PLAY/Apple Store dan aktifkan BRONET24Jam 5GB 60hr Rp44900 dan BRONET24Jam 3GB 60hr dapat OBOR 10GB (00-06) Rp39800. Info838. LD307"
"spam","Assalamu alaiqum, nenek masuk rumah sakit tolong kirimkan dulu ulsa 50 ribu di nomor ini 0852 3173 7479, mau telpon nanti di rumah sakit saya ganti uangnya."
"spam","Selamat, Anda mendapatkan kuota Tsel sebesar 100SMS. Cek kuota melalui *889#. Info: www.telkomsel.com"
"spam","Disc.25%  Domino's Pizza Value Range s/d 14 Agustus.Kunjungi store terdekat/hubungi 1500366/visit http://bit.ly/294KoZ6 Kode:VR25D"
"spam","PESAN RESMI DARI TRI3CARE, SELAMAT ANDA MNDPT HADIAH 1UNT MOBIL HONDA JAZZ RS,NO.PIN PEMENANG ANDA : 47BL759 UNTUK INFO KUNJUNGI : http://gebyar-3care2016.jimdo.com"
"spam","Jumat BAIK promo, BRONET 24Jam 1GB 30hr Rp10900 dan BRONET 4GB 60hr (24Jam 2GB + 00-06 2GB) Rp24900. SEGERA aktifkan paketnya melalui *123*888#.Info838.LD268"
"spam","Promo Terbaru Toko Artha  jaya BB Dakota 3 jt Iphone5 3,5 jt BB Onyx3 2,8 jt Camera DLL Call Sms Ke : 085335875777"
"spam","JANGAN LUPA kirim 50 SMS sd 16 Juni 2013 utk mendptkan Gratis 50 SMS ke sesame Indosat selama 2 hr (berlaku 1x selama periode prog). Info:100. US6"
"spam","PESAN RESMI dr PT.Tricare Slamat No anda tpilih mndpt HADIAH 1unit Mobil Honda JAZZ Pin Pmenang anda 454647LM u/ Info Klik:www.hadiah-tricaretbk2016.jimdo.com"
"spam","Butuh Dana Tunai Cepat 25-250 Juta Dgn Bunga Rendah 1,35% Flat/Bln Proses Dijamin 3 Hari Syarat Mudah Info Ibu YANI : 081218986001"
"spam","INFO RESMI: PT.INDOFOOD Selamat Anda M-DPT MOBIL NISSAN JUKE, Kejutan Pop Mie. PIN:2F5C4D7 HUBUNGI:085715023547 DRS.H.NALDISUPARMAN www.gebyarpopmie40.webs.com"
"spam","Khusus buat kamu yg doyan internetan! Cukup 10rb k, bs internetan slm 1 minggu (kuota 1,5 GB). Buruan ketik OKE ke 919. Pnwrn sd 30/09/2015 Khusus Nomor Ini."
"spam","Naik Lebih Sering, Hemat Lebih Banyak bersama GRAB!  Cukup lakukan 1 perjalanan biasa dengan GRABCAR atau GRABTAXI dan kamu akan OTOMATIS mendapatkan diskon di perjalanan berikutnya! Nikmati diskon bertahap hinga 35ribu/trip, ayo coba dan buktikan!"
"spam","Maaf kami sdah menghubungi tpi tdak tersambung No.Anda resmi meraih hadiah ke-2 dari PT.M-KIOS pin;M248K81 u/info hadiah klik; www.hadiah-mkios17.blogspot.com"
"spam","Merdeka Hot Sale 45%! Kuota 5GB 30Hari(Rp125rb) CUMA Rp68rb penawaran terbatas! Cek SEKARANG di *111*1# .D966"
"spam","PLENETCELL Cari agen U/jual pulsa All operator Harga pulsa, P5=4500 P10=8500 P20=17rb Untuk info ketik:INFO kirim ke: 085280948777 Atau Hhb CS: 082328823345"
"spam","2.5 GB/30 hari hanya Rp 35 Ribu Spesial buat Anda yang terpilih. Aktifkan sekarang juga di *550*905#. Promo sd 30 Nov 2015.Buruan aktifkan sekarang. S&K"
"spam","Nasabah yth.rekning tbungn anda ERROR&hrus di monitor ulang agar bisa di gunakn kmbli.maaf sblum ke kntor hrap hub pk ARYADHI dlu di.0816288602.tks"
"spam","Mau paket data Cuma 10ribuan? Buruan cek di *345#, penawaran ini hanya berlaku sebelum 1 Juli 2016"
"spam","Ini rekeningnya mandiri : 900-00-1037951-0 a.n reza prasetya"
"spam","PROMO: Beli paket Flash mulai 1,3 GB di My Telkomsel App dpt EXTRA nelpon hingga 100mnt/1hr. Buruan, promo terbatas! S&K"
"spam","4.5GB/30 hari hanya Rp 55 Ribu Spesial buat anda yang terpilih. Aktifkan sekarang juga di *550*907# Buruan..! SKB"
"spam","Dana Tunai (KTA) bunga 0,99% hingga 300 jt. Syarat KTP & CC.
Bisa Dgn BPKB rate 0.99% 3 hari CAIR . hub AYU 081584650877 (WA).mhn maaf bila menggangu"
"spam","Akhir bulan harus tetap eksis loh! Internetan pake volume ultima 900MB/30hr. Hrga mulai Rp 35rb di *100*471#. Tarif&lokasi cek di tsel.me/fl"
"spam","Hari ini! BRONET 24Jam 3GB 60hr Rp31900 dan BRONETSpecial 6GB 60hr (3GB 24Jam+3GB 00-06) Rp34900 di *123*888# SEGERA aktifkan paketnya sekarang!! Info838 LD300"
"spam","INFO RESMI Tri Care SELAMAT Nomor Anda terpilih mendapatkan Hadiah 1 Unit MOBIL Dri Tri Care Dengan PIN Pemenang: br25h99 info: www.gebeyar-3care.tk"
"spam","sy RUDY dri MALAYSIA Brencana investasikan uang sy Sbagai bekal hidup di indo,sy butuh org yg bisa sy percayakan uang sy RM 5jt,bila Bsedia,sms di 085256144059"
"spam","Bella bingung bang mau nulis apa, daripada aq nulis panjang2 tapi serba salah, mending langsung ngobrol di tlpn aja deh bang ini no telp aq 0809-100-xxxx :)"
"spam","Pakai handphone XL Axiata mu langsung bisa internetan pakai XL"
"spam","Jangan dikejar diskon berlari, beli RAWIT diskon datang sendiri.AYO isi ulang kartu AXIS kamu sekarang,dan pastikan besok ikutan promo Rabu RAWIT.Info838.LD279"
"spam","Use my invite code, nxmvf722ue, and get a free ride up to Rp75,000. Redeem it at https://www.uber.com/invite/nxmvf722ue"
"spam","Mau Liburan Gratis ke Lombok Sambil Belajar Foto? Klik http://goo.gl/FVcnW .Paket Internet HANYA Rp1500 dpt 7MB/1hr. hub *100*15# .Cek status paket di *889# <<"
"spam","Dapatkan BONUS PULSA hg 50rb jika isi ulang di hari Minggu, isi ulang mulai dr 10rb. Ktk: GRATIS krm ke 123. Panduan: ketik PAN krm ke123. Cek bonus tekan*555*3#"
"spam","GRATIS 10GB! Bagi yg blm mengganti kartu SIM menjadi SIM 4G, tukarkan skrg di gerai IndosatOoredoo terdekat dan nikmati GRATIS 10GB di jaringan 4G."
"spam","Nasabah BANK BRI yth; No Rek Anda Mdpt hadiah Cek Rp. 27jt Dari BRI UNTUNG BELIUNG BRITAMA Pin Anda: (ijh76k79) Info klik di www.info"
"spam","Yuks internetan seru-seruan dg Flash Volume Ultima kuota 1.8GB/30hr mulai dari Rp60rb sesuai zona lokasi. Hub *363*145#. Info tarif & lokasi lihat di tsel.me/FL"
"spam","SIM Card anda M-dptkan HADIAH 1 YUNIT MOBIL TOYOTA YARIS No.pin pemenang Anda [8JF2177] U/INFO www.hadiahtricare.blogspot.com"
"spam","Sy Ajeng mendapat sms dari PT. 3Care Indonesia uang tunai Rp. 100 juta di website www.pttricare2016.blogspot.com tetapi dimintai membayar Administrasi Rp. 1,250 juta...sy juga di telpon pak Bambang Purwanto & diberi nomer rekening tujuan pembayaran Administrasi melalui Bank BRI a/n PT. TRI LESTARI bahkan dalam websitenya dicantumkan KTP Marketing Office PT. 3 Care Indonesia"
"spam","Ribet bolak balik cek pulsa&cek sisa kuota internetmu? Download aja aplikasi myCare, hanya 1x klik semua jadi mudah. akses di https://mycare.indosatooredoo.com"
"spam","Pembayaran'nya bulan ini kalau mau di bayar harap telpon/sms dulu ke atasan kami Bpk.DEDY. Hp;085221118517.Terima kasih."
"spam","SLMT!! No Anda men-dpt hadiah dr:pengundian PT.TELKOMSEL No pin b89c7... Untuk melihat Hadiah Anda, silakan klik : www.telkomselpoin2222.webs.com"
"spam","Ya Allah, semoga yg mempunyai hp ini & keluarganya selalu dalam Kasih Sayang Mu, diberkahi rejekinya & dijauhkan dari mara bahaya"", jawab Amin jika Anda berkenan"
"spam","Masih ingat dengan Warkop DKI ? Dapatkan NSP nya GRATIS dengan akses ke *600# dan dapatkan promo gratis lainnya sesuai dengan hobimu!"
"spam","Daptkn e-TIKET pesawat PROMO melayani Domestik and internasional booking ONLINE cepat & aman hub: 085217845777/082310204777 Link www.citiling-travel.com"
"spam","SPESIAL utk kamu pelanggan setia Indosat Ooredoo. Bonus 14 hari masa aktif, 10 menit telp dan 100 SMS, CUMA isi ulang s/d 16 Desember 2015. (bonus berlaku 1x)"
"spam","Loopers, PaketTelkomselFlash Rp.50000 utk 600 MB & tambahan 600 MB di 3G + 11 GB(00-12)(berlaku 30 hari) tlh diaktifkan. Paket otomatis diperpanjang pd akhir masa aktif jika kamu berlangganan paket ini"
"spam","Pangmeulikeun heula pulsa bpa anu simpati 20ribu we ke digantian ku bpa ieu nomor na nya 081356256931"
"spam","Blackberry City Jual Blackberry Discond 40% Dakota 2,5jt Torch2 2,2jt Onyx3 2,1jt Davis 1,3jt Gemini 3G 1,1jt U/info Hub: Ibu.Anita 081315277257 PIN BB:29762D76"
"spam","Gratis 120 menit Nelpon ke Sesama Indosat, 120 SMS ke Sesama Indosat&12 MB Internet slma 12 JAM tiap Isi Ulang 12 Rb.IsiUlang pulsamu 12Rb &Nikmati GRATISANnya"
"spam","Internetan puas kapan aja buat kamu yang butuh kuota besar. Paket SUMO 30GB 30hari semua jaringan. Beli di *123*3*3#. Info 123. D956"
"spam","Maaf' Soal Angsuran bulan ini Pembayaran harus melalui ke bpk.Yogi, HP: 08562115779, soalnya sdh dikuasakan"
"spam","Paket Flash anda 10 MB utk 1 hari akan berakhir pd 08/07/2016. Tarif non paket berlaku setelah tgl tsb. Info hubungi *363#. Cek Kuota *889#."
"spam","Penawaran Spesial, Obral Paket Data 1.5 GB(00-24)+nelpon sepuasnya ke nmr Indosat hanya Rp20rb utk 1minggu.Daftar skrg ketik YA ke 929 berlaku hari ini RTX1"
"spam","Plg Yth,no Anda men-dpt hadiah dr: pengundiang PT. INDOSAT pin anda:b89c7h9 U/Melihat hadiah Anda klik: www.pemenangindosat-poin.webs.com"
"spam","SELAMAT, Anda memenangkan 1 UNIT MOBIL FREED dr TELKOMSEL, Edisi THN 2013 di undi tdi mlm pkl 23:30 di RCTI U/info Hub : 082329676767 H. MULYADI Pengirim : +777"
"spam","Transfer ke Bank xxx saja a/n xxx No rek 7390685xxx, kalau sudah ditransfer SMS ke no ini ya!"
"spam","Flash Promo s.d 9 Agt! Ayo datangi Gallery Smartfren terdekat, DISKON 290rb dg tukar HP Smartfrenmu ke Andromax 4G LTE atau 190 utk tukar dg MiFi 4G LTE"
"spam","Gunakan TCASH untuk bayar tagihan listrik atau beli token listrik! Cukup hubungi *800# dan pilih menu pembayaran atau pembelian"
"spam","Ini nomor rekeningnya: 5829-01-012786-534. BRI a/n Andika Septiana."
"spam","Ma"" belikan dulu besok pulsa 20rbu di no baruku ini 085340781778 penting"
"spam","Selamat Paket 50 SMS ke semua operator Anda telah aktif. Cek kuota di *888#"
"spam","Mau Nissan Juke?Ayo beli POPMIE skrg dan kirim kodenya di *200*200*Kodeuniq# siapa tahu kamu pemenangnya.Hati2 penipuan CS:02171790989 klik http://goo.gl/dm7PK"
"spam","PESAN RESMI Selamat No Simcard Anda M-dptkan Hadiah Cek Rp.100juta dr TRI CARE Pin: 7Y7R8K9Z Info Kelik:www.situstricare77.blogspot.com"
"spam","PESAN RESMI dri TRI CARE Selamat anda m-dptkan hadiah CEK TUNAI Sebesar Rp.45jt Pin undian 94AD653, U/Info kunjungi;www.undian-bimatri.blogspot.com"
"spam","Terima kasih telah menjadi Sahabat IndosatOoredoo. Mau tahu RAHASIA2 TERHEBOH ARTIS-ARTIS TOP + bonus gratis nelpon 60 menit?Tlp *700*1#"
"spam","ANDA MAU MENANG TOGEL 100% Tembus pasang shio 7 tunggal angka 07.31.19.43....ingat maharnya pulsa 100rb dikirim ke no 0823...xxx khusus putaran SGP SENIN"
"spam","ini nomor baru papa, tolong kirimin pulsa 50.000 ke nomor baru papa 085687329010. Papa lagi di kantor polisi, ada masalah. Jangan telepon Papa."
"spam","Hi Trims kmu udh gabung layanan Bung Gita Bicara Bola!Dpt info menarik n Prediksi Akurat dr Bung Gita! 3info/mg 2rb/sms.Stop: unreg Gita ke 3450.CS:0215649770"
"spam","Dapatkan Disc.30% utk Dominos PAN PIZZA!Roti yg lebih tebal dgn keju terasa sampai pinggir!Mulai Rp45500.Kunjungi toko terdekat/telf 1500366/Klik panpizza.co.id"
"spam","BIG SALE !!! DISCOUND 40% Z10-4,4jt IPHONE 5 32GB-3,7jt S.NOTE 2-3,8jt CAMERA, LAPTOP dll PIN BB 28AB8391 Call/sms: 0897-9844-777 Kunjungi www.indracell.com"
"spam","HARI TERAKHIR! Kunjungi Galeri Smartfren skrng, buat kamu Andromax A 4G jd 99rb (nrml 649rb). Tunggu apa lagi?!Stok terbatas.sd 22Agt.S&K.Info888.DL46J"
"spam","MEGA CELL Cari agen pulsa 1 Cip ke semua Operator Harga : V.5 = 4000 V.10 =8000 V.20 =16rb, dll Berminat ketik INFO kirim ke :085352444400"
"spam","GRATIS PULSA hingga 250rb selama 7Hari 7Malam CUMA dg isi ulang mulai 10rb. Daftar SEGERA, ketik: GRATIS krm ke123(Reg ckp 1kali)Info: ketik INFO krm ke 123"
"spam","Seminar ke Denpasar Bali mewakili kemahasiswaan & kewirausahaan dapat biaya transport Rp 10 juta. Nomor Peserta 100/semnas/9997175/dikti/2011. Direktur Kemahasiswaan DIKTI Prof. Dr. Joko Purwanto, M.Si. Hubungi 081281108799 Wahyudin Zarkasi. No. referensi PTX:001/3591/0100/1572/503"
"spam","Ini Rekeningnya. bank MANDIRI. a/n: ALI SYAMSUDIN. rek: 136-001-198-6939"
"spam","Karena kamu pelanggan setia kamu bisa tukarkan hp smartfrenmu dg Andromax E 4G LTE hny 859rb(nrml 999rb). Segera ke Galeri Smartfren"
"spam","PT M-TRONIK Telah hubungi anda namun tdk tersambung no anda resmi meraih hadiah ke-2 pin 25e477r cek hadiah anda di www.hadiahmtronik-2016.tk"
"spam","Jika anda bermasalah dgn CC/KT@, stres dgn bunga, pelunasan disc s/d 75%. Hub: ATY 082134976289(wa)/087888869297. LEGAL"
"spam","Ass, mengenai rumah dan tanah yg kemarin, sy sdah survei, sy mrasa cocok, untuk nego harga hubungi atau sms suami saya, pak. haji. dermawan; 085796022225."
"spam","DISKON 30RIBU khusus pelanggan baru Grab di Bandung. Berlaku 3x: kode promo URANGBANDUNG. Tak usah repot jalanan macet dan susah parkir, Hayu ngeGrab we atuh!"
"spam","toko bursa cuci gudang diskon 60% BB DAKOTA ; 2,3 JT, TOCH ; 1,6 JT, GEMINI ; 1 JT, LAPTOP INFO : 085322222369 PIN BB : 2A6FB800E www.shopinbursabb.blogspot.com"
"spam","tolong uangnya di kirim ke rekening ini aja,BRI, A/N: HASAN MAHMUD. REK: 3292-0101-9525-532. Sms aja klau sudah di kirim,makasih."
"spam","Paket Internet BRONET 24 JAM 2GB, 60hr Kamu sudah aktif & otomatis diperpanjang 27-10-2016 jam 23:59. Info838"
"spam","Hari Senin saatnya Nonton Hemat hanya 25ribu di Cinema XXI dgn TCASH TAP! Dptkan stiker TCASH TAP di graPARI terdekat. Info tsel.me/tappromo"
"spam","PESAN RESMI PT.3Care Indonesia Berkat isi Ulang No. Anda M-dptkan hadiah ke-3 Dengan kode PIN Anda (B8337H9) U/info hadiah klik; www.hadiah-pt3care34.blogspot.com"
"spam","Selamat !!! Anda mndptkan cek tunai Rp.27jt dr PT.Bank Rakyat Indonesia pin anda:ijh76k79 u/info klik www.bri-untungbeliung.blogspot.com atau hub:021-3677-1839"
"spam","Selamat!anda mdptkan satu unit MOBIL NISSAN JUKE dr PT.INDOFOOD pin_anda 27tdn55 u/info pengambilan Hadiah, kunjungi website www.popmieget-lucky.blogspot.com"
"spam","Slmat No anda m-dpt dana bantuan Rp.55jt'dr PT SIDOMUNCUL u/info hub;ir,HJ,MULIYADI 0852-3377-1855 PELAKSANA;PT SIDOMUNCUL"
"spam","dapatkan total hadiah ratusan juta rupiah di Kota 1000 Berkah. Caranya? Klik www.murahituim3.com/kota1000berkah Program s.d 9 Agustus 2013"
"spam","Selamat!anda m-dptkan Hadiah Cek Tunai Rp. 15jt dari INDOSAT Pin_anda 277fg49 U/info pengambilan Hadiah kunjungi website indosat www.hadiah-indosat.blogspot.com"
"spam","Nikmati EXTRA 2GB 4G LTE + EXTRA kuota hingga 1GB midnight dg beli pkt FLASH 1GB/30hr mulai Rp 43rb di *363*49# Cek tarif di tsel.me/FL SKB"
"spam","Terima kasih telah menjadi Sahabat IndosatOoredoo. Download Video + BONUS GRATIS Nelpon 60 Menit, hubungi *900*8#"
"spam","Anda pmain togel sring kalah.mau bagi hasil. MBAH JOKO bisah mbntu anda SIO/ANGKA dari RETUWAL Berminat. Hub : MBAH JOKO.di. 085217984299 Dijamin 100% tembus"
"spam","TSELpoin 777 kejutan POIN Hadiah Rp.15jt Resmi diberikan 0852212XXXXX PIN-b7Bc247 u/info Hub/CS; PT.TELKOMSEL 021-40467488 021-50219992 Pengirim; +777"
"spam","Pelanggan Yth..M-KIOS CELL Menawarkan pendaftaran Cip M-kios & Token PLN harga pulsa :V5: Rp.4300 V10: 8300 Utk bergabung Ketik INFO kirim ke 089652018503"
"spam","Yth Isti Sofiyah. Diminta Segera Hubungi Bpk Drs.H .Lalu Safi’ i M.Pd. Kadisdik NTB.08531166 6557 Perihal Seminar Gratis Dari DIKTI. (Bu Sri TU.Diknas)"
"spam","Maaf kami sudah menghubungi tapi tidak tersambung Selamat No.Anda resmi meraih hadiah ke-3 dari PT.3CARE Pin ;b8337h9 u/info klik www.hadiah3care-2016.blogspot.com"
"spam","INDOMARCOCELL Menawarkan jdi agenPULSA MKIOS 1CHIP ke semua Oprator harga; V.5=4000, V.10=8000, V.20=16000, Cara gabung ketik:DAFTAR kirim ke 08977628977 #Melukiskan rasa ku tentang kita.."
"spam","Surat Keputusan dri PT.Tri 3care No.XV/2015 Pin_Pemenan Anda 2f5c477 Ber'hasil Men-dapatkan 1 Yunit Mobil HONDA JAZZ RS.U/info Kunjungi www.situshadiah-3care.blogspot.co.id"
"spam","BONUS PULSA Rp 100 rb..!! Spesial untuk kamu pelanggan setia Indosat Ooredo.Hanya dengan isi ulang Rp150rb skrg juga! Penawaran berlaku s.d 13 Jan 2016 (bonus hanya 1x)"
"spam","INFO PT.M-KIOS hsil pengundian berkat isi pulsa, Selamat No.HP 0852952xxxxx m-dpt Hadiah PIN Pemenang anda 94ad653 Info klik www.berkat-isiulang-pulsa.webs.com"
"spam","Nasabah YTH, rekening BTPN Wow! Anda sudah aktif. Lakukan transaksi melalui *247# menggunakan PIN rahasia Anda. Info hub 1500300."
"spam","Terima Kasih telah menggunakan Paket Data dari Indosat. Info detail tekan *123#"
"spam","Kepada yth bpk/ibu pelanggan tri saya sumargani dr OPERATOR tri plaza semanggi lt1 jl jend sudirman kav50 jkt pst kirim sms krn nmr anda sulit saya hubungi dengan hal sebagai berikut nmr anda mendapat HADIAH dr promo undian 2013 HADIAH KE4 SUZUKI ERTIGA PIN ANDA:7t899b3 info.www.promotri2013.jimdo.com"
"spam","BIG SALE 50% SINAR Blackberry -Z10 Rp.3,8jt -Dakota Rp 2,8jt -Tourch Rp 2jt -Davis Rp950 rb Infohub/sms: -089664054777 -297CCFA7 www.snr-bb.blogspot.com"
"spam","INFO. DANA TUNAI TANPA JAMINAN 20 - 250 JUTA, BUNGA 1,50%, SYARAT PEMILIK KARTU KREDIT PROSES 3 HARI KERJA CALL. FIRLI 021 93417219"
"spam","INFO. pinjaman tanpa agunan 10 - 150 jt, Standart Chartered Bank syarat copy KTP, copy kartu kredit, RESMI, MINAT hub : akbar > 021 98391114 / 085714664427 , trimksh."
"spam","Selamat Paket Anda telah aktif. Cek kuota di *889#"
"spam","BEBAS ekspresikan dirimu bersama Paket Freedom Combo dari Indosat Ooredoo. Segera hub *123# atau www.indosatooredoo.com/freedom"
"spam","Hari ini!! BRONET Special 4GB (2GB 24Jam+2GB 00-06) 60hr Rp24900 dan BRONET 24Jam 1GB 60hr Rp10900. AYO SEGERA aktifkan paket kamu di *123*888#. Info838 LD309"
"spam","No.ID Pengisian pulsa M-Tronil Anda (672AT88) Mendapatkan HADIAH PROGRAM Poin isi ulang M-Tronik U/info Resmi Pemenang klik www.isiulangmtronik.webs.com"
"spam","SLMT!!! NO anda m-dpt mobil AVANZA dr kartu AS. di undi td malam di metro TV PKL 23:00.info.kunjungi almt kami:www.Priode-.webs.com/hub:0016282190254447.TSEL"
"spam","Isi ulang Rp50000.0 berhasil. Kode transaksi 99100827288792. Cek *123*888# untuk promo RABU RAWIT & JUMAT BAIK buat semua Pelanggan AXIS!"
"spam","AYO download AXISnet dari Apple/Play Store dan aktifkan BRONET24Jam 5GB 60hr Rp44900 dan BRONET24Jam 1GB 30hr dapat OBOR 5GB (00-06) Rp18800. Info838. LD335"
"spam","Isi ulang Kuota++ 3GB berhasil, dan kuota tlh ditambahkan. Nikmati juga BONUS NELPON ke semua Tri Rp10rb, cek bonus di *111*2# atau BimaTri."
"spam","Kuota Internet sudah habis. Segera isi kuota Anda di *123# atau akses aplikasi BimaTRI dari gadget Anda. Info:123"
"spam","PT.INDOFOOD.tbk menyampaikan bahwa anda telah resmi menangkan uang Rp.49jt dari pop mie No.PIN XY7QD77, Info lengkap Klik www.undianindofood-tbk.jimdo.com"
"spam","Selamat! No Anda Terpilih M-dptkan kejutan HADIAH langsung Dari 3care kode Pemenang anda b89c7h9 Utk Info Lenkap kunjungi web kami www.hadiahT3care.blogspot.com"
"spam","Segera dptkan Ijazah D3-S1-S2 Asli Terdaftar & Akreditasi Cepat, Kilat Instan Yang Resmi Silahkan Ke: www.buatijazahs1.wordpress.com Atau Hub:085222999475.Tks"
"spam","Ass. Maaf sy by hj.suri yang kemarin survey rumah anda. Mengenai harga bisa hub suami saya H. SIGIT tlp 081316005639.terima kasih"
"spam","Gunakan GrabCar atau GrabTaxi & dapatkan diskon 35RIBU ke dan dari Stasiun/Bandara di Bandung. Masukkan kode promo GRABTRAVEL hingga pemakaian 30 September 2016. Hatur Nuhun."
"spam","Buruan Download & Registrasi myCare di http://bit.ly/mycarepLy dan dapatkan Promo 10GB (4G) di Paket Freedoom M & L dengan harga khusus HANYA HARI INI."
"spam","Surat keputusan resmi SLMT'No SIM CARD anda telah T/pilih pemenang Ke-2 dri PT-M-TRONIK Pin anda:(2f54e7) U/info klik: www.cekhadiahmtronik2016.ga"
"spam","SLMT!!! NO anda m-dpt mobil AVANZA dr kartu AS di undi td malam di metro TV pkl : 23.00 wib u/info klik : www.telkomsell.jimdo atau/Hub : 0016285286552555"
"spam","Koinmu tinggal dikit untuk lanjutin gamesmu? Beli pakai pulsa aja Bro, cek http://tsel.me/jajanonline"
"spam","Plg/Yth!! nomor anda resmi terpilih sebagai pemenang hadiah ke-2 dari PT.M- tronik No Pin:  2g43f79  U/Info pengurusan hadiah anda klik:www.gebyarmtronik.tk"
"spam","NAGAMAS ELECKTRONIK BB Dakota>2,4jt BB Davis>900rb BB Gemini>rbq BB Torch>1,7jt DLL Call. 085777779458 Sms. 0818433247 Pin BB: 2A550530 www.nagamas-cell.com"
"spam","Dptkan e-tiket Promo Untuk Penerbangan Domestic & Internasional Booking ONLINE 24 jam Info Hub : 081316899123"
"spam","Mau download file besar tanpa putus? Bisa! Tinggal 3 hari, Gatis Mifi/modem 4G spesial untukmu Bawa sms ini ke Galeri SF & isi pulsa 100rb disana s/d 13 Jan DL 408"
"spam","PT. Pertamina persero menerima karyawan(i) Lulusan SMK, D1,D2,D3,S1&S2 kirim lamaran,CV,Ijazah,photo4x6 & notip ke email: pertaminareckrutment@ymail.com"
"spam","GRATIS Whatsapp seharian! Cukup beli Internet Harian 100MB seharga Rp1500. Balas SMS ini dgn ketik JR utk membeli. N091"
"spam","Terpilih dapat cek 27jt. KODE TRIPLE CEK ANDA (02599875) U/Info Klik Website www.undianbri.co.vu"
"spam","TOKO JAYA BB,,, discount 50% berbagai type BLACKBERRY Gemini 900 ribu, Torch 2,5 jt, Dakota 2,8 jta NOKIA& SAMSUNG, Info klik www.jayabb.com"
"spam","NASIB:Nutrisi otak slh 1 nya berfikir positif. klo sdh segala hal bs jd ilmu. dpt wallppr di http://m.m4in.biz/r?jXPC42 STOP: *123*66# / ketik UNREG NASIB ke 92828 CS: 087789917018"
"spam","Dptkn Free member card Larissa Aesthetic Center, disc 15% high treatment & asuransi jiwa, tiap isi ulang pulsa Rp 100rb di Galeri Indosat Jateng DIY s.d 31Des 13"
"spam","Yuk Ikuti akun dakwah, caranya: ketik IKUT [spasi] AkuCintaIslam kirim ke 082110001021."
"spam","AngpaoPoinSenyum! Dptkan Vchr Lottemart 50rb dg tukar 2500poin (normal 5000poin) sd 11Feb16. Ketik *123*7887*2*5# TERBATAS! Info: www.indosatooredoo.com/angpao"
"spam","GEBYAR telkomselpoin 2013 no anda trpilih pemenang ke-4 pin 277fg49 silahkan verifikasi pin anda disitus resmi www.t-selpoinhadiah.jimdo.com"
"spam","saya td pagi juga dapat sms. PT.TRI.3SimCard anda Resmi M-dptkan Hadiah HONDA JAZZ Rs. Kode Pin:477BFG7S, Info Hub:089606490199 KLIK:www.pusat-tri.blogspot.com"
"spam","Surat keputusan PT.TRI.3 SimCard anda Resmi M-dptakan Hadiah HONDA JAZZ Rs Pin Undian: 477BFG7S. Info Hub: 089667794299 KLIK : www.gebyar-tricare.com"
"spam","PT. GARSINDO Cari agen jual pulsa M-kios All Operator transaksi 24 jam dgn harga ; V5 = 4500 V10=8500 V20= 18000 U/Gabung kirim ke :085318655616"
"spam","Penawaran terbatas software SMS gateway utk iklan SMS, pilkada, sekolah, instansi, kampus dll. Harga promo rp. 100.000 hub:jasa advertising corp 085727088813 24jam."
"spam","meganai Ruma bpk/ibu yg mau di jual sd di surpai dan sy berminat sy tlpn tdk bisa tembus masalah harga hub suami sy 085399700354 Dr.H.IRAWAN"
"spam","Sticker LINE yang lucu-lucu banyak banget loh, beli yuk dengan pulsamu, gampang banget, coba yuk"
"spam","Ketik FLASH<spasi>INFO kirim ke 33636 utk status paket kamu. Loopers! Dptkan info tren anak muda, challenge & pembelian paket di loop.co.id & follow@loop_id"
"spam","PESAN RESMI DARI PT3CARE berkat isi ulang pulsa No. anda RESMI mendapatkan hadiah.Rp. 100 juta dari 3CARE dengan PIN. pemenang anda (b8337h9) u/info klik, www.hadiahlpt3care959.blogspot.com"
"spam","MODAL USAHA : Solusi keuangan anda hanya copy ktp, kartu kredit, npwp, no rek pribdi bisa dapat 125 - 200 jt dr bank hub LIA di 085710489257 082112755426 91066949"
"spam","Pelanggan Yth Slmt kartu GSM Anda men-dpt TABUNGAN HAJI Rp100jt dari Kopi jahe HUT ke 61 no PIN 25efg477r U/info sgr Hub : 082374432257 pelaksana PT. SIDOMUNCUL"
"spam","Maaf saya Bu Nur, tanah yang di tanjung api-api saya sudah lihat dan sudah cocok, untuk masalah harga tolong hubungi suami saya aja, pak H.SULAIMAN di no hp. 08xxxxxx, karena kebetulan saya ada acara.Tks"
"spam","FREE DoubleScoop Ice Cream / Disc 10% di Haagen-Dasz dengan TCASH TAP! S&K berlaku. Info tsel.me/tappromo"
"spam","Kocak abis! Mau liat aksi 8 pemuda galau, iseng, dan gokil yang dikepung polisi super cantik? Tonton aja Comic8 via HP kamu cmn 4400/3hr. Ketik FILM3 ke 99677"
"spam","SELAMAT anda pemenang undian POP-MIE mendapatkan hadiah 1unit MOBIL NISSAN JUKE pin anda;b89c7h9 untuk info KLIK SITUS KAMI DI; www.info-undian-pop-mie.webs.com"
"spam","Mainkan terus gamesmu & beli sebanyak2nya apps/in-apps di Google Play Store"
"spam","YTH kpd bpk/ibu sy Eka Novitasari kariyawan 3care sudah M-hub anda tdk tersambung dgn hormat hal ini kami sampaikan melalui sms singkat dr layanan kami bahwa selamat no anda M-dptkan hadiah 1 unit mobil Toyota Avanza dgn PIN:47V27 dr undian rejeki 3care periode utama 2014.u/info lebih lanjut kunjungi www.rejekiundian3care.jimdo.com"
"spam","Ini, Rekeningnya. Bank BNI No.rek.0277285682 A/n.WAHYUDI ALAMSYAH sms klo sudah dikirim"
"spam","Permintaan Anda akan segera kami proses untuk keyword REG GITA dari layanan PT. Hypermind"
"spam","GRATIS Internetan hg 1000 MB, Nelpon 1000 Menit & 1000 SMS ke Sesama Indosat dg IsiUlang mulai 10Rb.Utk daftar ketik GRATIS kirim ke 123 (GRATIS) lalu isi Ulang"
"spam","Terima kasih telah melakukan pengisian di counter kami WAR PUL CELL. Info: kami Melayani pembayaran tagihan PLN"
"spam","Tolong uangnya ditransfer saja ke Bank xxx A/n. xxx 0231327XXX, kalau sudah ditransfer SMS saja, terima kasih"
"spam","Yank, isikan dl pulsa di no as ini 085323048677 nanti gw gantiin.Penting bget nih krn barusan bos gw nelpon gw tgguin yach…"
"spam","Nikmati EKSTRA PULSA 50% dgn isi ulang min. 100rb HANYA di aplikasi MyTelkomsel menggunakan Kartu Kredit VISA! Download di http://tsel.me/1 Promo s/d 11 Agst 16"
"spam","PROMO: Beli paket Flash mulai 1GB di MY TELKOMSEL APP dpt EXTRA kuota 2GB 4G LTE dan EXTRA nelpon hingga 100mnt/1hr. Buruan, cek  di tsel.me/mytsel1 S&K"
"spam","Anda akan berlangganan paket Rp. 10000 utk 150 MB 2G/3G + 250 MB 3G/90hari. Jika setuju balas FLASH<spasi>YA kirim ke 3636 utk melanjutkan. Paket diperpanjang pada akhir masa aktif dengan tarif sesuai lokasi Anda. Tunggu SMS konfirmasi sblm pemakaian. Info zona dan detail tarif lihat di Tsel.me/internet"
"spam","Nikmati Disc.40% utk Dominos Pizza Premium BIG PARTY WEEKEND.Harga Mulai Rp.48rb.Berlaku dine in/take away s/d 8 May'16.Kunjungi store terdekat/hubungi 1500366"
"spam","Bapak tukokno pulsa AS ndisek 20ribu iki nmrku anyar 085316079211 cepet saiki tak enteni,penteng bpk ada msalah dikantor polisi,jangan dulu sms/tlp"
"spam","Mau Cepat GIFT Paket/Extra Kuota Internet & ga mau ribet isi ulang Pulsa? Download aja aplikasi myCare, smuanya jadi mudah. Install di http://bit.ly/mycarepLy"
"spam","Seru banget main 8 Ball Pool, pakai pulsa bisa banget loh Bro untuk beli koin games lainnya, cek caranya di http://tsel.me/jajanonline"
"spam","RESMI dari indosat NO anda 0815XXXXXXX terpilih sebagai pemenang poin plus-plus PIN Pemenang Anda (b89c7h9) u/info klik www.semarak-poinplusplus-2013.webs.com"" (sms ini dikirim dari no 085798428715)"
"spam","Berkat isi ulang pulsa No anda T,pilih sbg pemenang Cek tunai Rp.75jt dri PT.M-KIOS PIN:(5N939F7) U/INFO KLIK www.pt-mkios15.blogspot.com"
"spam","Hallo Bro, beli koin games pakai pulsamu yuk, mudah banget loh sob, cek http://tsel.me/jajanonline"
"spam","Tambahan THR dr MatahariMall. Kode THR6 utk Diskon 6% Elektronik, kode THR15 utk Diskon 15% Lifestyle, kode THR25 utk Diskon 25% Fashion. http://mthr.ml/TSELTHR"
"spam","Bisa Internetan 1,5GB CUMA dengan 20rb, paket berlaku 90 hari. MAU?? Ketik YA ke 919. Penawaran berlaku s/d 8 Januari 2016"
"spam","Paket Internet spesial buat kamu. Internetan selama seminggu dgn kuota 1,5GB Cuma Rp10rb! Ayo segera Ketik KEBUT kirim ke 919 sd 29 Juli 2015. Jgn lupa ya"
"spam","Terima kasih telah menjadi Sahabat IndosatOoredoo. Kenalan tanpa batas dan BONUS GRATIS NELPON 60 menit, hub *955*1# lalu YA/OK"
"spam","Pembelian Dave's Single Burger Gratis Small Fries & Minum. Periode 5-11 September 2016. Tukarkan SMS ini di Wendy's terdekat! Penawaran terbatas.Promo *606#"
"spam","TOP100 CELLULER Discound 25% BB DACOTA RP. 3,9 jt, BB ONYX3 Rp 3 jt, BB GEMINI Rp  1 jt, Laptop\KAMERA, iphone ; dll, info kunjungi www.top100-celluler.com pin ; BB, 2A95596A"
"spam","km dari BANK BRI Sdh tlp tdk bs jd km SMS No.PIN Pemenang anda KG65H8K9 M-dpt HADIAH dari Untung Bliung BritAma Info klik www.HadiahkejutangBri.blogspot.com"
"spam","Mainkan terus games mu sekarang, dan beli koinnya pakai pulsamu, cek caranya di http://tsel.me/jajanonline"
"spam","Ayo dukung pelestarian alam Indonesia bersama Indosat Ooredoo dan WWF-Indonesia dg berdonasi melalui *123*50# dari nomor Indosat Ooredoo."
"spam","CAHAYA TRAVEL TIKET Murah & promo untuk penerbangan Domestic & Internasional ONLINE BOOKING 24 jam hub 081310537888 kelik www.cahayatourtravel.com"
"spam","Surat keputusan dari Tri Care INDONESIA No.XV/2016 Pin_Pemenang ANDA:67ytg44 mendapatkan HADIAH CEK TUNAI Rp.45juta U/INFO klik: www.info-undian3.webnode.com"
"spam","RUMAH&TANAH yg mau di jual,sy IBU AYU sdh SURVEI dan berminat u/membeli Mslh hrg Mhn hub suami saya 085282157222 Dr.HJ.SOPIAN"
"spam","Slmt No Anda mendptkan Hadiah 1 unit MOBIL HONDA jazz dr promo TRI CARE 2016 dgn PIN PEMENANG:454647LM lnfo Klik:www.kejutanbimatri.blogspot.com"
"spam","TOKO NIAGA-CELL Disc 45% Khusus PROMO :-  Blackberry-  NOKIA-  SAMSUNG-  IPHONE dll, Info Hub/sms ke : 082-33333-783 Buka  Website Kami : www.niaga-cell.blogspot.com"
"spam","Selamat,Anda M-dptkan Hadiah 1 Unit Mobil HONDA JAZZ & UANG TUNAI 35JT Rs Dr PT.TriCare PIN Pemenang Anda;477bfg7s. U/info klik: www.tricareindonesia.com"
"spam","PESAN RESMI dri Tri Care,Selamat anda m-dptkan hadiah CEK TUNAI Sebesar Rp.45jt No:Pin undian 94AD653, U/Info kunjungi:www.pusat-bimatricare.jimdo.com"
"spam","Selamat,No SimCard Anda Resmi M-dptkan HADIAH 1 Unit HONDA JAZZ Dari, Tri 3Care PIN PEMENANG Anda 25ZT67KM U/Info Cek Pin Klik: www.infohadiahtricare.ml"
"spam","PROMO BLACKBERRY BB DAKOTA 2,9jt BB Torch 2jt BB Davis 1,5jt BB Onyx 1,4jt BB Gemini 950rb Berminat hub : 085715186696 Promo terbatas*"
"spam","PT.BNI (persero) Tbk. Rekening Anda Terpilih dapat Rp.27jt Dari Rejeki Bni Taplus. Kode Cek 02599875 Silahkan Klik  www.bnitaplus46.tk"
"spam","BELANJA ONLINE Promo Disc 50% BB Dakota 2,8jt BB Onyx3 2,2jt BB Z10 3,5jt DLL, Info/sms: 085775102735 PIN:BB.2A03F3F2 Atau Klik: www.jaya-olshop.blogspot.com"
"spam","ISI PULSA lebih untung di MYVPLUS! selain dpt PULSA kamu bisa lsg dpt voucher diskon, dpt hadiah dan juga dpt point. Yuk klik : http://bit.ly/Myvplus"
"spam","PT.TRI No.V11-3/16 Slamat No.SimCARD Anda mraih CEK TUNAI Rp.35Jt Program ISI ULANG PULSA Pin:M902CX8J Info Klik: www.Bonus3tri.com"
"spam","Segera dapatkan E-TIKET pswt hrga PROMO penerbangan Domestik & Internasional Reservasi tiket, mudah & Praktis, hub : 02136146799, 085312792222 www.Asia-travel.com"
"spam","Uangnya dikirim saja ke Rek. BANK BNI A/n. : Sdr ABDUL RAHMAN No. Rek. : 024-8721- 191 SMS saja kalau sudah dikirim. terima kasih"
"spam","Tolong uangnya dikirim aja kesini BANK DANAMON a/n Farida hanum No rek. 0035-3918- 4014 SMS aja klo udah dikirim, Trims"
"spam","Kartu 4G-LTE Anda telah aktif Dapatkan kuota tambahan sd 10GB&konten menarik dijaringan 4G, hub *123*46#. Info lokasi www.indosatooredoo.com/4G"
"spam","Selamat Anda mendapatkan voucher Lazada Rp100rb. Masukkan kode voucher TSt88 saat transaksi di www.lazada.co.id/simPATI. Mau voucher lain? Hub *999*1#"
"spam","Tolong uangnya Di transfer sekarang aja ke bank BNI: 022-741-3681. A/n FRISKA ANANDA, sms kalau sudah di Transfer, trimksi... - See more at: http://metropolitan.inilah.com/read/detail/1777965/awas-modus-penipuan-sms-model-baru#sthash.DKwN8EaE.dpuf"
"spam","Lelah byr min payment? Kami Solusinya, bantu secara LEGAL penutupan CC/KTA, dscn 50-75%. Hub.LoLyta 081316523061/087822962308 (WA). LEGAL"
"spam","Maaf‟ Cuma ingatkan soal kontrakan kalau mau diteruskan/bayar, Harap ke Bpk Chandra, No: 082374910777, Soalnya sys dh kuasakan sepenuhnya. Maaf Cuma sms"
"spam","TOGEL SGP EDISI SENIN 10/06/2013 ANGKA JITU 40,76,65,53,89 di jamin tbs,stlh tbs anda harus krim plsa 100rb sebagai maharnya dkrm ke no; 082329969711 KI KARSO"
"spam","BONUS KUOTA 500MB (1hr)! Cukup isi ulang min. 5,000 hari ini! Ayo buruan isi pulsa sekarang juga. T514"
"spam","solusi khusus pemegang kartu kredit, nikmati kredit tanpa angunan dari bank asing 5 - 99 jt = 1,79 % 100 - 150 jt = 1,5% hub: lukman 081586769255 021 - 94828857"
"spam","TOKO JEMBER Promo Discon 50% Keyboard Yahama: Dakota Rp. 2,8 jt, Onix3 Rp. 2,2 jt, Gemini Rp. 800 rb Info/SMS : 085234234117 PIN BB 295C6D02 www.jember-shop.blogspot.com"
"spam","Krim ke BNI aja a/n Ayu Suryani no rek 0215891174, klo sudah dikirim kabarin ya!"
"spam","Saatnya pindah ke jaringan 4G TERCEPAT. Tukar kartu Anda di Gerai IndosatOoredoo Jl.Jend Soedirman-Purwokerto &dptkn bns Rp25rb (utk Nelp/SMS ke IndosatOoredoo)"
"spam","Ini bpk tolong belikan dulu pulsa 20ribu di no barunya bpk karna lagi ada masalah di kantor polisi dan jangan dulu tlp/sms nanti bpk yg tlp, penting."
"spam","Kirimi dulu pulsa 20ewu di no ini 085285485839 Mas Agus"
"spam","Selamat anda terdftr diProg GRATIS Nelp 1000Mnt&1000SMS keISAT+Internet hg 1000MB CUMA dg IsiUlang mulai 10rb. isiUlang pulsamu&Nikmati bonusnya.Cekbns: *555*3#"
"spam","PT. INDOFOOD tbk Menyampaikan bahwa anda terpilih pemenang HADIAH ke(3) dari promo POPMIE dengan PIN:2aiu87e, Utk/ info klik www.promoundian-popmie.jimdo.com"
"spam","Mengenai Rumah Bpk/Ibu yg mau di jual sdh di survey dan sy berminat,sy telpon tdk bisa tembus. masalah hrg hub suami sy. 0823-7390-1777 Dr.H.IRAWAN"
"spam","Ketik YA ke 919 s.d 14 Maret 2016. Cuma Rp59rb per-bln! Lgs dptkan 1+ 1GB(4G)+BONUS 10GB(4G) utk Internetan + Telp & SMS SEPUASNYA ke semua nomor"
"spam","Kapan lg beli paket Flash mulai 1,3GB di MyTelkomsel dpt Extra PULSA Rp 50rb? Utk pembelian pertama sjk 25Aug - 25Sept. Cek detail paket di tsel.me/mytsel1"
"spam","Selamat!!anda telah mendapat gratis 200 sms dari SMSGIFT dari no. 6285258952502. Info CS : 133/188"
"spam","Surat keputusan resmi M-KIOS NOXV/04/2016 Menyatakan No.Anda resmi meraih hadiah ke-2 dri PT.M-KIOS Pin;M248K81 u/info klik ; www.hadiah-ptmkios547.blogspot.com"
"spam","Nasabah BRI yth. Anda dapat cek. 27.juta dari undian BRI Kode triplle cek anda (02599875) info hadiah klik www.bripusat2016.blogspot.com"
"spam","PESTA M-TRONIK!! Anda sebagai pelanggan Setia M-Tronik terpilih Pemenang HADIAH ke(3) PIN pemenang:2AIU87E U/info klik www.info-undianmtronik.jimdo.com"
"spam","Bebas Pulsa! Ambil bonusmu di *600# (GRATIS). Dptkan gratis nelpon atau internetas atau promo lainnya sesuai hobimu!"
"spam","Maaf, hanya iklan penawaran pinjaman uang tunai tanpa jaminan KTA 5JT s.d 200JT dg KTP d KARTU KREDIT, Bunga Flat, simpan sms ni a/hub. 085717559229 ; 02199001886"
"spam","Tolong belikan dulu mama pulsa 25rb di no AS baru mama 085245318024 soalnya teman mama kecelakaan, skrg kluarganya hrus dihubungi, nti mama ganti uangnya,penting"
"spam","Pelanggan Yth: Selamat! No.SimCard anda 081571xxx resmi menang undian POIN plus-plus Edisi th2014 Pin anda:er56d7 U/info klik: www.hadiah-poin.blogspot.com"
"spam","Dptkn kesempatan raih hadiah utama mobil Alphard dg cara tukar 500 poin senyum Anda dg 1 kupon Undian s.d tgl 20Jun13,ketik Undian Jmlh Poin ke 7887(Rp25)"
"spam","INFO RESMI PT.TRI CARE PIN Pemenang ( 8jf2177 ) anda m-dptkan HADIAH I unit TOYOTA YARIS U/Info cek pin klik: www.tricare2015.blogspot.com"
"spam","Selamat!!  anda Mendpt hadiah Rp. 75 juta. Dari TELKOMSEL point ""Edisi september"" Hub kntr pusat : 082375271777 (Ir. Dwi Hartanto)"
"spam","HQUARTERS Business Residence Lokasi Emas-ASIA AFRIKA Bdg Hrg Prelaunch,PROFIT 140%,ROI 10%/thn Bs LIBUR Byr 2Th TSM 21Des-3Jan www.hquarters.co.id 085794074188"
"spam","Hari Rabu saatnya blanja di blanja.com & Nikmati diskon spesial untuk transaksi dengan TCASH! S&K Berlaku. Klik blj.co/tcashrabu"
"spam","Pelanggan Yth. kami dri kantor TRI jakarta sdh menghubungi No anda tpi tdk tersambung, Informasi ini kami sampaikan lewat sms, No Anda trpilih memenangkan HADIAH Cek Rp.35juta.dri Undian isi ulanag TRI-2016,PIN undian anda.(2547afr) U/Info;089653382227 KLIK; www.care27.blogspot.com"
"spam","Maaf tolong uangnya ditransfer saja ke Bank xxx An. xxx No.Rek 2952149xxx, bila sudah ditransfer SMS saja, terima kasih"
"spam","INFO RESMI PT.INDOFOOD slmt No.anda T.dftar pmnang ke2.POP MIE 2013 Meraih HADIAH 1 Unit 'NISSAN JUKE' dgn pin;12xb9v2 U/info kunjungi www.popmie200.webs.com"
"spam","Yuk INTERNET-an NGEBUT utk akses FB, Twitter, & Chatting dgn beli Paket Flash 500MB/7hr (sesuai zona lokasi) mulai Rp25rb di *100*433# cek tarif di tsel.me/FL"
"spam","Casino online terbesar, www.jayabet4.com , daftarkan diri+ Raih bonus referral+ bonus cashback sportsbook 0.25% setiap minggu. Mainkan di Smartphone dan PC anda"
"spam","Aktifkan iRing Coboy Jr - Terhebat. Tekan *808*7#. Info: 100&111 Ada hits terbaru dari NOAH - Jika Engkau. Aktifkan iRing nya di HP kamu. Ketik MG NOAH02 kirim ke 808 Info: 100&111 Berkah iRing Rp 1000 dr Yuni Shara - Akhirnya. Aktifkan iRing nya, Tkn *808*1*2*3# lalu Ok/Call. Raih THR PuluhanJt!. Berhenti: Unreg ke 808"
"spam","Maaf, kamu tidak memiliki Bonus Kuota++. Dapatkan Bonus Kuota++ hingga 2GB di toko terdekat, hanya berlaku di Jawa Timur, Bali dan Lombok"
"spam","HOT PROMO: Internetan kuota 1,2GB/30hr HANYA Rp 15ribu aja! Beli di *363*822#. Promo s.d 30Juni16. S&K"
"spam","BELANJA ONLINE TOKO RESKY DISCON 50% BB LAPTOP SAMSUNG IPAD NOKIA DLL U/pemesanan/order  call/sms 085322222699 kunjungi web kami di www.reskiy-shop.blogspot.com"
"spam","GRATIS 50 SMS ke sesame indosat selama 2 hari. Hanya dengna mengirimkan 50 SMS selama 10-16 Juni 2013. Bonus 1x diberikan maks 2x24jam. Info 100. US6"
"spam","ANEKA SHOP Berbagi Promo Type Blackberry DAKOTA 2,4 jt, TOURCH 1,7 jt, ONIX.2 1,5 jt, GEMINI 800 rb, U/Pemesanan 085325557999 Pin BB-2A96DE82 www.aneka999.blogspot.com"
"spam","Pelanggan Yth. Update informasi tarif terbaru anda di tsel.me/as atau hubungi 188 (Rp 300/call)."
"spam","Terima kasih telah menjadi Sahabat IndosatOoredoo, dapatkan Video & Game seru + Gratis telp di *323*2#"
"spam","Ini Rekeningnya BANK MANDIRI. NO.Rek:150-00-1002402-2.A/n: MURTIANI"
"spam","PROMO POIN SPESIAL! Tukarkan 20 TselPoin Kamu dengan 20Menit, 100SMS, atau 20MB di *700*20#. Periode Promo 11-31 Juli 2016. Info hub: 188"
"spam","Paket BRONET 2GB 60hr 24jam sudah aktif. Nikmati internet 2GB berlaku hingga jam 23.59 aktif s.d 27-10-2016. Promo AXIS lainnya, telp *123#. Info838"
"spam","INFO RESMI !! Selamat Anda Terpilih sbgi Pemenang' semarak Undian PT.INDOFOOD INDONESIA No pin: d377hi8 Info Pin&hadiah Klik:www.semarak-undianpopmie.webs.com"
"spam","NASIB:Berbagi, berbakti Rutinkan 2 hal ini Maka ringanlah beban2 hidup. dpt wallppr di http://m.m4in.biz/r?74WhuM STOP: *123*66# / ketik UNREG NASIB ke 92828 CS: 087789917018"
"spam","ayah isikan pulsa xl 50rb di no 0818643929 sekarang penting"
"spam","Smartfren Gratis Mi-Fi/modem 4G Tahun baru saatnya ganti gadget baru Bawa pulang Mi-Fi 4Gm-mu dg tunjukan sms ini ke Galeri SF & isi pulsa 100rb disana s/d 13Jan Info:888"
"spam","Surat Keputusan: No.VII/T-3/16. Kode Undian: 94ad653 Selamat No.Anda mendpt Hadiah CEK TUNAI Rp.45Jt U/Info Kunjungi; www.gebyartricare.co.vu"
"spam","PESAN RESMI PT.3care indonesia Mengucapkan slmt'No.simcard anda resmi meraih hadiah ke-3 dengan pin ; b8337h9 u/info hadiah klik www.pesta-hadiah3.blogspot.com"
"spam","Isi saldo TCASHmu  melalui jaringan ATM Bersama & ATM BCA! Lakukan transfer antar bank, Pilih bank TCASH (Kode bank 911). Gunakan No HP sbg no rekening tujuan."
"spam","Beli paket Turbo mulai 50rb utk pembelian pertama di MyTelkomsel App sjk 25Aug - 25Sept dpt EXTRA PULSA TSEL Rp 50rb loh! Cek detail paket di tsel.me/mytsel1"
"spam","Anyonghaseyo! Ngaku KPOPers Sejati?? Ayo lengkapi koleksi Video Kpopmu di http://kpop.xl.co.id. Skrg Harga video lebih murah loh! Info*123*2200#"
"spam","DISKON 50% kuota NELPON++ 20 MENIT ke smua operator! Cuma Rp7rb (Normal Rp14rb) dg masa aktif panjang. Balas SMS ini dgn ketik Tri. Hanya HARI INI! V712"
"spam","INFO:jk anda mau jual Rmh,tanah,mobil,produk/jasa dll PROMOSIKAN sj dg SMS MASSAL biasa hny Rp. 50.000untuk sebar ke10.000 no HP(2jam) hub: 0877399155579 jogja"
"spam","Surat Keputusan dari Tri Care INDONESIA No.XV/2016 PIN_PEMENANG ANDA.HH25H77 Mendapatkan Hadiah 1 Unit Mobil Honda Jazz RS,U/Info Klik:http//tri-2016.webnode.com/"
"spam","Dijual ticket SUPER JUNIOR TGL 28/29 APRIL dan LADY GAGA TGL 03 JUNI harga Gold=2,25jt tribun3=1,25jt info hub;0853-9937-1888 lady-ticket.webs.com"
"spam","Pelanggan Yth. SIMCARD Anda sbg Pemenang Mendptkan Hadiah Mobil Toyota ALL NEW YARIS PIN:8JF2177 dari GEBYAR UNDIAN 3 CARE Untuk Info Lenkap Klik: www.infohadiah3care2016.blogspot.co.id"
"spam","Assalamu alaikum,saya RESKI dr Costumer Servis TRI PLAZA SEMANGGI lt.1 JL.jend sudirman jkt pst sdh m-hubungi anda waktu pengundian di lakukan tapi no.anda tdk tersambung, jd kami krimkn lwt SMS sebelum jatuh tempo, bahwa no.anda menang undian dr TRI 2014 jenis hadiah 1unit mobil SUZUKI ERTIGA NEW,dengan PIN 2D45CS77, jadi silahkan cek terlebih dahulu di website; www.tricare.jimdo.com /hub; 021-40161777 / 08994179888 "
"spam","Surat Keputusan PT.TRI.3 Slamat No.08966xxx Resmi M-dptkan HONDA JAZZ Rs KODE Pin:477BFG7S Info Hub:08606490199 KLIK: www.hadiah-tricare.com"
"spam","TOKO RAHMAT ABADI BIG SALE 50% Blackberry/Iphone Ipad/Samsung Laptop/DLL Info Hub Sms: 085774280447 PIN: 26AB6BEE Atau Cek di: www.abadi-shop47.blogspot.com"
"spam","WASSALAMU ALAIKUM WR WB UANGNYA DIKIRIM SAJA KE NO REK INI BRI A/N NOVA ARYAxxx 0544 0100 8633 xxx KALAU SDH TRANSFER SMS AJA DI NO INI TRMH KASIH” No. HP Pengirim SMS: 0821-5104-2542"
"spam","Anda tidak terdaftar dalam layanan Paket Malam hari. Untuk berlangganan lakukan isi ulang dengan voucher Kenyang Download"
"spam","“ROXI CELL” Hanya dengan Rp.100rb Anda bisa jadi agen pulsa elektrik ke semua Operator GSM/CDMA,v5=4300,v10=8300,Utk daftar ketik MTRONIK kirim ke 087870870707"
"spam","pelanggan yth. SIMCARD Anda sbg pemenang Mendapatkan HADIAH Mobil Toyota ALL NEW YARIS PIN:8jf2177 dari GEBYAR UNDIAN 3 CARE Untuk Info lenkap klik: www.infoundian-3care.blogspot.com"
"spam","Mudahnya KTA baru untuk pinjaman s/d 200 jt.. bunga 1,5% & gratis asuransi.. copy KTP dan kartu kredit atau slip gaji Hub: mido 021 - 99399003"
"spam","Selamat No.SIM Card Anda M-dptkan HADIAH {1} UNIT MOBIL TOYOTA YARIS PIN:8JF2177 U/INFO Hub: 0895343233477 klik www.info-hadiahtricare.blogspot.co.id awas penipuan"
"spam","Nikmati Diskon Tarif Indosat 01016 & 001 hingga 70% ke 7 Negara (CHN, MLA,HKG,SNG,TWN,VTM,MACAU). Berlaku 07-28Feb13. Info : hub 100/111 atau *123# OK"
"spam","Mau cepat dan ga mau ribet cek pulsa & sisa kuota internetmu? Yuk download aplikasi myCare sekarang juga, atau akses di https://mycare.indosatooredoo.com"
"spam","Penyetoran Angsuran'nya kalau mau di bayar harap Tlp dlu ke atasan sy Bpk IWAN, hp.082319733334, Dri INDOMOBIL FINANCE, Tks"
"spam","Nelpon MURAH hanya Rp 2500/panggilan ke MAL, SIN, Thailand, HK, China & USA dgn tekan 01016+Kode Negara+No Tujuan. Info: www.indosatooredoo.com/flatcall2500"
"spam","Maaf kami sudah menghubungi tapi tidak tersambung No Anda meraih hadiah ke-2 dr. PT.MKIOS pin Anda M248K81 cek pin Anda di. www.pusat-m-kios7.blogspot.com"
"spam","Selamat Nomor 3care Anda terpilih Mendptkan HADIAH 1unit mobil TOYOTA YARIS, Pin pemenang anda:(8jf2177). U/Info Cek di: www.caretri.blogspot.com"
"spam","Anda akan berhenti berlangganan Paket Flash. Ketik FLASH<spasi>YA jika setuju. Tunggu SMS konfirmasi penonaktifan Paket Anda"
"spam","RAWIT Kuotanya Bagus, Harganya Khusus. AYO isi ulang kartu AXIS kamu sekarang, pastikan besok ikut promo Rabu RAWIT. Info838. LD299"
"spam","BLACKBERRY ONLINE BIG SAL 50% BB Z10 Rp. 4 jt DAKOTA Rp.2,8 jt Samsung note II Rp. 3 jt Iphone 5 16GB Rp. 3jt Laptop,camera&DLL Minat, Invite to BBM PIN : 25A4FF8C"
"spam","Yank Tolong isi'in pulsa di no ini.085325556742 ini no baruq.skrng penting"
"spam","Nomormu memang yang paling beruntung: Tes Identitas tersedia untukmu! Menangkan pulsa Rp10rb pada tes ke-30. Kirim SMS Y ke 99455 sekarang! Info:838 VD001"
"spam","PT.TRI CARE PIN Pemenang ( •••••• ) anda m-dptkan HADIAH I unit TOYOTA YARIS U/Info cek pin klik: www.tricare2015.blogspot.com"
"spam","BANTING HARGA !! Internetan dgn Kuota 1,5GB HANYA 10rb Rupiah, paket Berlaku sebulan. Mau?? Ketik YA ke 919 s/d 16 Desember 2015"
"spam","Plgn yth,TRI dan MNCTV sudah mengumumkan nomor Anda pd tgl 5 Agustus 2015 Tapi tdk dpt trsmbung jadi saya DESY HERMAWATI dr PT.HUTCHISON TRI di PLAZA SEMANGGI lt 1 jl.jend Sudirman kav 50 jkt pst kirim SMS sblum jtuh tempo bhwa NO simcard anda menang undian PESTA POIN TRI hadiah ke2 TOYOTA ALL NEW YARIS pin Anda .2d7id99 klik situs resmi di,www.my-tri2015.jimdo.com"
"spam","BPR SYARIAH di Yogya siap melayani pembiayaan usaha anda.syarat:copy KTP,KK,Buku Nikah, cukup dg jaminan bpkb.sertipikat,proses survey cepat hub: 082133271400"
"spam","Terus Isi saldo TCASHmu dan nikmati aneka promo di merchants partner TCASH! Cek promo terbaru TCASH di tsel.me/tappromo"
"spam","Yuk temen belanja di google play, mudah banget loh, pakai pulsa juga bisa, http://tsel.me/jajanonline"
"spam","INFO RESMI kepada bpk/ibu yang terhormat SELAMAT No ANDA Pemenang ke 2dari pesta isi ulang 3care No PIN:25e477r di undi tadi malam pkl 22:30 di SCTV U/info hadiah anda klik Www.3care16.blogspot.com"
"spam","Pesan resmi dari 3care Bahwa saya mendapatkan undian ketiga uang tunai 100juta.www.tri-indonesia2016.blogspot.com"
"spam","Mau paket data 1.5GB buat SEBULAN Cuma 20ribuan? Buruan ketik MAU ke 919, penawaran ini hanya berlaku sd 22-Jul-16"
"spam","Berkat isi ulang pulsa No Anda Terpilih sbg Pemenang kejutan tri Men-dpt cek TUNAI 100jt dr PLANET-3CARE PIN:b8337h9 cek hadiah anda di www.planet-3care2015.blogspot.com"
"spam","Ass,maaf sy WAHYU.mengenai Mobil bpk yg mau di jual sy sudah lihat dan cocok, Untuk nego hrg silahkan Hub saudara sy di 081219550857 dgn pak JUSMAN SAFEI (TP)"
"spam","Anda akan mengaktifkan Paket BBM Gratis berlaku 30 hari dari pertama kali aktivasi. Ketik FLASH (spasi) YA untuk melanjutkan"
"spam","BONUS Rp. 5,000 untuk kamu! Cukup kirim SMS 2X hari ini untuk mendapatkan bonusnya, khusus hari ini saja!  T483"
"spam","quota 1,5 GB harga hanya mulai 32,5 ribu, beli paketnya di *100*1# Puas internetan selama 30 hari"
"spam","MURAH! Hanya Rp25rb dptkan 2GB paket internetan utk 30hr. Kini internetan jadi semakin seru! Aktifkan segera di *550*904# promo s/d 29Feb16"
"spam","Migrasikan kartu Anda ke kartuHalo (NOMOR TETAP SAMA). DAPATKAN Paket Spesial 4GB Hanya 25rb/bulan. kunjungi GraPARI & tunjukan SMS ini.(Promo Terbatas).SKB"
"spam","Dapatkan EXTRA kuota 2GB 4G LTE dan EXTRA nelpon hingga 100mnt/1hr dg beli paket FLASH mulai 1GB di MY TELKOMSEL APP. Buruan, cek  di tsel.me/mytsel1 S&K"
"spam","Pelanggan yth,saya mba muliani operator Tri. Telah menghubungi anda tapi tidak tersambung jadi informasi ini saya sampaikan lewat SMS sebelum hadiahnya jatuh tempo. Selamat nomor Tri anda menang undian dr pesta isi ulang pulsa,Pin pemenang (25b17h) segera hubungi kantor Tri jakarta. Tlp; 089660608887 info klik: www.3tricard.blogspot.com"
"spam","NIKMATI INDOSAT SUPER 3G+ utk Internetan ckp 10rb/minggu dpt Kuota 225MB(50MB+Bonus 175MB jam 00-06)Kecepatan hgg3.6Mbps.tekan *123*4*1*1# syarat berlaku hub:100"
"spam","Plg yth, selamat nomor 3Care anda terpilih mendptkan Hadiah Cek tunai Rp.45jt dr program Undian 3care PIN:7711CA88 Info klik: www.tricare2016.jimdo.com"
"spam","Nasabah Bank BRI Yth, Selamat Anda Mndptkan Cek Tunai Rp.27jt dari BANK RAKYAT INDONESIA Pin : (ijh76k79) u/Info klik dan Kunjungi :www.hadiahBRI.blogspot.com"
"spam","Ass.sy SUGIYONO yg tempo hari mngenai mobil TOYOTANYA,sy brminat,cocok,tlong hub sodara sy dlu,untuk negosiasi harganya. A/N;ABDULLAH HP;081389909777"
"spam","Bpk/Ibu Yth, Pemilik No.08994150xxx PIN Undian:4881247 Resmi m-dptkan Rp.15jt Cs: 02199545139 atau Klik: 3care2016.com"
"spam","INFO RESMI kepada/bpk/ibu yang terhormat SELAMAT No ANDA Pemenang ke 2dari pesta isi ulang 3care. No PIN:25e477r di undi tadi malam pkl 22:30 di SCTV U/info hadiah anda klik Www.tricare16.blogspot.com"
"spam","Slmt!! No anda Mendpt hadiah Rp. 75 juta. dari TELKOMSEL poin. Diundi tadi mlm Pukul 23:30.wib Di RCTI.Info Hub : 085377177138.IR. SERIANTO. Pengirim : *777"
"spam","pesan resmi DARI PT.PLANET 3CARD anda mendapatkan hadiah CEK TUNAI Senilai Rp.100jt jatuh ke pemenang (3) kode PIN:bg58757 silahkan CEK di: www.planet-3care2016.blogspot.com."
"spam","Kak, kirimkan dulu pulsa25rb di no baruku ini 085377771822"
"spam","Rp30rb/bln utk 3 bln (hrg normal Rp59rb utk bln ke-4 dst) bisa NELPON & SMS SEPUASNYA ke IM3 plus kuota 3GB+10GB (4G).  Mau? Ketik YA ke 919 sd 05-Aug-16"
"spam","YTH,MIitra Silahkan cek poin anda dan tukarkan ke admin kami dengan format PO.PIN kirim ke +62xxxxxxxxxx"
"spam","Dukung rehabilitasi & pengembangan potensi anak berkebutuhan khusus di YPAC Jakarta. Mari berbagi melalui SMS Donasi dengan mengetik *123*65#"
"spam","Beli 2 Gratis 1 atau beli 1 Diskon 25% tiket Kampung Gajah Wonderland Bandung s.d 31 Mei 2013. Tunjukkan SMS kpd Petugas .Info: www.indosat.com/kampunggajah"
"spam","Ayam (sayap/paha bawah), Nasi, Perkedel Rp. 19.545. GRATIS Teh Pucuk. Tukar SMS ini di CFC HASAN SADIKIN hari ini. Selama Persediaan msh ada. Promo *606#"
"spam","Info resmi pt.tri care pin pemenang (8jf2177)  Simcard anda resmi mendapatkan hadiah 1 unit toyota yaris dari no 08968594××××"
"spam","selamat!anda mndptkan hadiah Cektunai Rp. 15jt dari INDOSAT pin_277fg49 U/info pengambilan hadiah.kunjungi website indosat www.gebyar-poinindosat.blogspot.com"
"spam","Awal bulan saat nya anda eksis lebih lama! Internetan pake volume ultima 900MB/30hr. Hrga mulai Rp 35rb di *100*471#. Tarif&lokasi cek di tsel.me/FL"
"spam","RESMI TRI CARE Pin pemenang Anda_8JF2177 Medptkan 1/Unit TOYOTA YARIS U/Info Lanjut klik: www.gebyar3care.jimdo.com CS:021-80001234/089643122237"
"spam","Dapatkan Bonus SMS Kamu. Hanya dg kirim SMS, Kamu akan dapat Bonus Ratusan SMS ke semua operator. Pakai terus Indosat Ooredoo & raih kebebasan berkomunikasi"
"spam","INFO RESMI PT.TRI.3 SimCard anda Resmi M-dptkan Hadiah MOBIL MAZDA-2 KODE PIN: E2747MLB Info Hub: 08996913677 KLIK: www.inforesmi3care.com"
"spam","Transfer saja uangnya ke rek ini.mandiri.NO Rek: 152-00-1236312-9.a/n:DARMAN. klau sdah di Transfer SMS saja ke nmor ini Trima kasih"
"spam","Selamat!! Anda Men’dpt hadiah Rp.75juta. Dari TELKOMSELpoin ""Periode maret"" PIN anda(33c7) Hub kntr pusat: 082113720777 Ir.Wardoyo)."
"spam","Selamat,Kepada pelanggan 08157xxx Anda mendpt hadiah ke4 Dalam program POIN PLUS PLUS INDOSAT No.PIN:277fg49 info klik www.poinplus-plus-7887-2013.webs.com"
"spam","MELEJIT PINTAR,kursus suami-isteri aktifasi smangat bljr&penguatan fungsi i=otak anak agar prestasi mningkat.Telepon 02749447574 atau ketik OK sms ke 081931753240"
"spam","Yth Bpk/Ibu. BNI menyatakan Rekening anda terpilih sebagai pemenang hadiah Rp. 35jt. kode cek anda 03299757 info klik www.bankbni2016.blogspot.com"
"spam","Jangan sampai kehabisan, HARI INI di Baskin Robbins Value Scoop cuma 35.000 lho! Tunjukkan SMS ini. S&K Berlaku. Promo *606#"
"spam","PENAWARAN KHUSUS! BONUS KUOTA 500MB (1hr)! Cukup isi ulang min. 5,000 hari ini! Ayo buruan isi pulsa sekarang juga. T536"
"spam","Di transfer saja Uang'nya ke rekening BNI ini, a/n. ISMAWATI. Rek: 0248147033. SMS saja klo sdh kirim."
"spam","Lebih hemat langganan paket Internet MINGGUAN dgn kuota 250MB Cuma Rp 10,000. Caranya gampang cukup ketik KUOTA (SPASI) 10K ke 363."
"spam","Selamat, Anda telah membeli Paket Combo Kenyang  Internet As. Cek bonus di *889#."
"spam","Lebih hemat langganan paket Data MINGGUAN. Cuma Rp10.900. Caranya? gampang kok, cukup ketik KUOTA(spasi)10K krm sms ke 363."
"spam","PROMO: Beli paket Flash mulai 3,5GB di My Telkomsel App dpt extra paket 1GB midnight (00-09). Buruan, promo terbatas! S&K"
"spam","Mau Uang Tunai 1jt?Ayo gabung layanan Video Cliponyu & Keluarkan jurus gombal-mu yg paling dahsyat utk host2 cantik Cliponyu. Ketik CLIP ke 99900.CS:02129657333"
"spam","Sayang belikn aq pulsa di nmr ini, 085215126428, nanti aq yg telp km, ini aq pake hp tmn, skrg yacc!"
"spam","maaf kami sudah menghubungi tpi tdk tersmbung No.anda resmi meraih hadiah ke-2 dri PT.MKIOS PIN;M248K81 cek pin anda di www.hadiahresmi-mkios29.blogspot.com"
"spam","Nasabah BRI Yth. Norek anda terpilih sebagai pemenang UNDIAN BRI-2016 KODE PIN anda (ijh76k79) U\info HADIAH anda klik: www.undian2016bri.blogspot.co.id"
"spam","Sy Dr. Hj FATIMA sdh cocok mengenai Rumah dan Tanah Bpk/Ibu, tlg jgn ditawarkan lg ke yg lain. Soal Hrg negosiasi ke suami sy di 082375833300 Dr. H. HENDRA IRAWAN"
"spam","Butuh Piknik?Ada nih liburan GRATIS ke Hongkong!Cara:Pake pulsa AXIS di HP Androidmu buat transaksi sebanyak2nya items Pokemon Go,BIGO,COC, dll!Info838 LD328"
"spam","[PROMO] Beli paket Flash mulai 1GB di MY TELKOMSEL APP dpt EXTRA kuota 2GB 4G LTE dan EXTRA nelpon hingga 100mnt/1hr. Buruan, cek  di tsel.me/mytsel1 S&K"
"spam","Gebyar poin plus-plus INDOSAT Edisi 2013 priode ke'9, No PIN undian anda (d377hi8) Resmi meraih hadiah, utk info; www.gebyarINDOSATpoinplus.weebly.com"
"spam","Selamat tambahan Flash Anda sudah aktif, berlaku s.d. 2016-08-07 23:59:59."
"spam","Paket Anda sudah di non-aktifkan atas permintaan Anda. Penggunaan Internet anda akan di kenakan Tariff Dasar Internet sesuai skema tariff kartu Anda. Hubungi *363# untuk aktifkan Paket Internet lainnya. Info lebih lanjut www.telkomsel.com"
"spam","Dapatkan saldo bermain sebesar Rp 125rb hanya dengan bayar Rp 75rb. Berlaku hari Senin-Kamis. Tukarkan SMS ini segera di Timezone terdekat! Promo *606#"
"spam","PESAN RESMI DR TRI CARE INDONESIA 2016 Selamat No.anda mendpatkn hadiah dgn No.PIN:47BL759 U/info silahkan kunjungi: www.gebyar3care-2016.jimdo.com"
"spam","Slmt!! No Anda Men-dptkan Hadiah dr Pengundian Poin Plus Plus INDOSAT No Pin(d377hi8) info Pemenang silahkan klik www.kejutan-indosatpoinplusplus2013.webs.com"
"spam","Slmt no anda resmi m/dpt hdiah Rp100jt  DRI PT MKIOS pmenang ke2 pin anda[M2577] u/info;hub.pak.H RISAL DERMAWAN 0822-9399-7119 MKIOS"
"spam","plg yth no. Anda terpilih menang cek Rp.100jt dr PT.TELKOMSEL HUT TELKOMSEL Ke-17 thn 2012 hub call center:085313311113"
"spam","Dapatkan voucher Cipika Rp 100rb utk belanja kuliner, gadget, fashion, dll. Tkn *123*45# pilih Cipika, GRATIS & terbatas. Info: www.indosatooredoo.com/12345"
"spam","Maaf…! saya bu RATNA meganai RUMAH saya Sudah liat, soalnya saya lagi di bandara silahkan hubungi suami saya H. ARIF ISKANDAR,SE hp:081218844557 trims."
"spam","Raih smartphone, diskon merchant & free internet, voice, SMS di Promo 71 Tahun RI dengan tukar 17 Telkomsel POIN mulai 15Ags16 hanya di MyTelkomsel Apps"
"spam","Tolong uangnya di transfer aja kesini MANDIRI a/n RAHMAD ADRIAN No rek: 1340-0065-58125 sms aja kalo sdh dikirim, trims"
"spam","PAKET BRONET 24JAM 15MB 1hr sudah aktif. Nikmati 15MB berlaku di 00-23.59 aktif s.d 28-08-2016. Promo AXIS lainnya, telp *123#. Info838"
"spam","Download dan rasakan serunya game-game premium pilihan hanya di *900#"
"spam","cuma Rp 7500 dapat nelpon dan SMS UNLIMITED ke sesama Indosat Ooredoo   internetan sepuasnya 3 hari dengan paket Ramadhan Unlimited. ketik *123*88#"
"spam","Hai Apa Kabar? Ada Bonus Meriah Cukup isi pulsa minimun Rp 5 Ribu s.d 15 November, kamu langsung dapatkan 300 MB GRATIS. Ayo isi pulsa! Bonus utk 3 hari. RL044A"
"spam","Buktikan hematnya pakai argo tetap di Bandung dengan GrabCar hingga 20%. Hayu ajakan rerencangan sareng buktikeun nyalira!"
"spam","Rp29rb/bln utk 3 bln (hrg normal Rp59rb utk bln ke-4 dst) bisa NELPON & SMS SEPUASNYA ke IM3 plus kuota 1+1GB(4G)+10GB (4G).Mau? Ketik YA ke 919 sd 21 Juni 2016"
"spam","TrmKsh Anda Tlh Berhasil Mengisi Pulsa SMARTFREN 10.000.Mau Jualan PULSA/BAYAR LISTRIK,SPEEDY/TELKOM Hub:Agen BAROKAH/Mp Reload.Pasti untung?"
"spam","Mau ekstra telpon, SMS, Internetan (S&K berlaku)? Ikuti surveu singkat tentang aplikasi musik s/d  3 September. Klik: http://tsel.me/mulu"
"spam","Selamat Paket BBM Gratis Anda telah diaktifkan. Paket BBM ini berlaku untuk 30 hari"
"spam","Selamat Anda telah mendapatkan BONUS pulsa Rp 100.000 ke sesama Indosat Ooredoo berlaku 3 hari dan Poin senyum Anda bertambah. Cek bonus *557*8#"
"spam","PESAN RESMI Selamat No. Simcard Anda M-dptkan hadiah Cek Rp.100juta dr TRI CARE Pin: 7Y7R8K9Z 089636298565 Info klik: www.bima3care78.blogspot.com"
"spam","Nikmati EXTRA 2GB 4G LTE + EXTRA voucher belanja hingga 100rb dg beli pkt FLASH 1GB/30hr mulai Rp 43rb di *363*49# Cek tarif di tsel.me/FL SKB"
"spam","Wow! Diskon 50% utk pembelian paket Flash 6GB + BONUS 60Menit CUMA Rp60rb utk 30hr di *999*606# SEKARANG! Tunggu apalagi buruan! S&K berlaku"
"spam","GRATIS internetan 5MB berlaku utk 7 hari hanya dg isi ulang AXISmu hari ini Rp5.000. Ayo isi ulang sekarang juga & nikmati bonusnya. Info838"
"spam","Wow! Promo diperpanjang sd 13 Agt. Khusus kamu! Tukar HP Smartfrenmu dengan Andromax E LTE Cuma 709rb dr 999rb. Ayo datangi Gallery Smartfren terdekat."
"spam","Ambil bonus harianmu di *600# (Bebas Pulsa). Dptkan gratis nelpon atau internetan dan promo lainnya sesuai hobimu!"
"spam","Pnjaman mudah tnpa jaminan. proses sangat cepat. Syrt : ft cpy ktp dan krtu kredit. bila berminat Call : ARI di 021-32440198"
"spam","Beli 1 Gratis 1 untuk Lychee Tea atau Latte Flavour dari Yellow Truck Jl.Patuha No.29. Tukarkan SMS ini. Hanya berlaku untuk hari ini, S&K Berlaku.Promo *606#"
"spam","I’m spreading the GO-JEK love. Download the GO-JEK app at “http://go-jek.com/app” and input this referral code “545075264” to get Rp 50,000 free credit to your first booking. #gojekgotmehere"
"spam","Spesial untuk Anda! Paket Flash Volume Ultima, kuota 1,8GB/30hr, kuota lebih banyak! Harga mulai Rp60rb di *100*473#. Tarif&lokasi cek di tsel.me/FL"
"spam","PROMO CUCI GUDANG Blackberry, samsung, apple, dan laptop beli 2 dpt 3 info call : 082193609797, pin bb ; 27514362 FB ; caturgadget@ymail.com"
"spam","Thank you for your appreciation & trust in using Telkomsel service. For further feedback please advice & text sms to 1166 (FREE)(for int'l charged)"
"spam","2016-07-08 11:47:11.Plg Yth, sisa kuota Flash Anda 478KB. Download MyTelkomsel apps di http://tsel.me/tsel utk cek kuota&beli paket Flash atau hub *363#"
"spam","Bpk/Ibu Mengenai Rekening Anda Terpilih Sebagai Pemenang  Cek 35jt Dri BNI U/Info klik www.promobni46.tk Kode Cek 03299757 Hub.085288991559"
"spam","Terima kasih telah melakukan isi ulang di sunny15.Trx Sukses sbsar 10.000 SN:1790103904.BYR PLNTELKOM BISA.Kami tnggu kedatangan Anda kembali"
"spam","PT.MTRONIK Berkah isi ulang pulsa m.tronik no. anda m-dptkan hadiah ke-2 dengan pin pemenang(25e477r) u/info klik; www.undianmtronik75.blogspot.com"
"spam","Dear Customer, Kindly values your experience at Telkomsel Service, score between 1(very poor) to 5 (excellent), send SMS to 1166 (FREE) (for int'l charged)"
"spam","Gunakan Grab dan nikmati 75% diskon untuk 10x bagi pengguna baru. Masukkan kode COBAGRABCAR sekarang juga dan ajak teman-temanmu keliling bandung tanp"
"spam","PT.TRI CARE Selamat!!! simcard anda mendapatkan hadiah 1 Unit TOYOTA AVANZA Dengan pin: (F8HJ7TL) untuk info klik: www.hadiah-tri3care2016.blogspot.co.id"
"spam","Sy Dr.Rimbawan(Dirmawa IPB)Yth,Jajang Roni Aunul Kholik(NIM:E14090090)Di minta Hbngi Skrng Prof.Dr.Ir.Yonny Koesmaryono,MS.0819882923.Di Tunjuk Hadir Seminar Pengembangan Karakter Mahasiswa Dari Dikti Tgl 14/15 April di Htl Nusa Dua Bali,Trims."
"spam","Pelanggan yth, Anda mendapatkan hadiah ke (2) dari, POIN PLUS PLUS INDOSAT. Pin pemenang: b89c7h9 info pemenang klik www.indosatpoinplus-7887.webs.com"
"spam","Udah top up coins di LINE utk beli sticker atau themes? Beli skrg jg pake pulsa utk tambah koleksi-mu! Cek caranya di http://tsel.me/jajanonline"
"spam","SIMCARD Anda adalah pemenang Gebyar isi ulang TRI 2015 dengan PIN:7N77F33 lakukan verifikasi sekarang juga hanya di www.idtricare.blogspot.com"
"spam","Trima ksh telah mjd pelanggan kami ""CNF AQUA"" gnkan no 085729791456 untuk pemesanan air isi ulang dan AGUA ASLI n sed!a jga gas 3kg dan 12kg tlng sebarkan sms ini ke tmn2 kost n kampus jga ya jgn berhenti di km terima kas!h(nb:tlng save no pemesanan aqua b!la suatu saat membutuhkan mksh).GRATIS ANTAR"
"spam","Nanti kalau mau di bayar/di transfer harap hubungi dulu atasan saya Bpk ARDIANSA no tlp; 085797136879 soalnya ada perubahan pembayaran trima kasih."
"spam","PESAN RESMI Tri No. XV/15 PIN PEMENANG ANDA 67YTG44 TERPILIH SEBAGAI PEMENANG KE II HADIAH CEK TUNAI 45 JT INFO LENGKAP .TRI KLIK WWW.3-INFO.WEBNODE.COM DARI NOMER. 089655264130 TERUS ADA SMS .MAAF,SAYA MAU TELEPON BISA DARI NO 085104894998"
"spam","Nikmati kemudahan pembayaran iuran BPJS dgn TCASH. Cukup hubungi *800#, pilih menu pembayaran ATAU gunakan app T-Wallet di smartphone Android dan iPhone."
"spam","Hayu dateng, mumpung ada ustad Fatih karim,beliau yg mengislamkan ustad Felix siaw"
"spam","Selamat bergabung di Tri, nikmati kuota 3GB utk 30 hari.Kuota akan diperpanjang otomatis selama pulsa cukup. Nikmati bonus kuota berlipat hingga 1GB setiap perpanjangan. Kartu otomatis menjadi non-aktif jika dlm waktu 3 bln tdk ada aktivitas sama sekali"
"spam","Selamat anda telah terdaftar member M-PULSA dengan kode agen D303-111 Pin anda 1234 Saldo anda Rp,0.- untuk menambah saldo Ketik INFO Kirim ke +6287820008358"
"spam","Mamah pangmeserkeun heula pulsa As, 20 rb,kana nomor ieu, 085347398779 tong nelpon nuju riiweh ayeuna penting!"
"spam","Ass, Sy Randy. Mengenai mobil yg sdh sy liat kondisi'y , kebetulan kami berminat. Mohon hub Bapa sy utk dibicarakan hrg netnya; Dr.H.DARMAWAN 0812xxxxxxx"
"spam","Pelanggan Yth. SIMCARD Anda sbg Pemenang Mendptkan HADIAH Mobil Toyota ALL NEW YARIS PIN:8JF2177 dari Program Pesta Akhir Tahun 3 Care Untuk Info Lenkap Klik: www.infohadiah3care2015.blogspot.co.id"
"spam","Nasabah Yth: Rek anda mndpt cek Rp.27jt kode cek anda (02599875) Info Hub: 085828523888. atau klik www.hadiahbankbri2016.blogspot.co.id"
"spam","Spesial untuk Anda! Paket Internet Hemat Kuota berlimpah. Hanya Rp35 Ribu kuota 2.5 GB/30 hari. Aktifkan sekarang juga di *550*905#. Buruan..! SKB"
"spam","Nikmati DOUBLE kuota PROMO 10GB(4G) di jaringan Data terkuat, UNLIMITED Nelp&SMS. 24JAM, dgn pkt Freedom Combo. Tekan *123# atau indosatooredoo.com/freedom"
"spam","Plg Yth No,simcard anda men-dptkan 1'unit TOYOTA ALL NEW YARIS di GEBYAR TRIcare.pin pmnang 8JF2177. U/info hub:089676547727 atau klik:www.data-tricare.jimdo.com "
"spam","Anda brminat cash&kredit mtor scond brg istmwa tipe&merk apa sj.dsini mnyediakn 50 unit dr thn 2004 keatas hub 087739124242/085743146233 MS DEDIKTP luar yk bs."
"spam","HARI INI Freedom Combo XL Rp89rb (normal Rp149rb). DOUBLE kuota 5GB+5GB(4G)+ PROMO 10GB(4G), UNLIMITED nelp & SMS ke Indosat Ooredoo. Ketik FREEDOM XL ke 363"
"spam","Terima kasih telah menjadi pelanggan setia Indosatooredoo. Download Video + BONUS GRATIS Nelpon 60 Menit, hubungi *900*8#"
"spam","Surat keputusan resmi dr Tri Care No.XV/2016 PIN Pemenang Anda=39XV544F Mendpt-1 unit Mobil HONDA JAZZ Rs U/Info klik www.kejutantriindonesia.blogspot.co.id "
"spam","Solusi praktis khusus pemegang kartu kredit nikmati kemudahan Kredit Tanpa agunan 5 - 150jt dgn max pinj 5 X limit, HUB FANY 02194521396 ( abaikan jika tdk berminat )"
"spam","Anda mendapatkan 1 kupon dalam program Kartu As BIBER (Beli Internet Berhadiah). Cek total kupon maksimal 1x24 jam dari skrg di *100*123#. Info lengkap hub:188"
"spam","Mohon maaf, Promosi pinjaman uang tunai, syarat copy kartu kredit, bunga mulai 1,5 % bln, gratis asuransi, hub ANI 021 - 91949720 / LIA 021 - 34343669 , proses cepat"
"spam","Nikmati Combo Wendy's Fried Chicken, nasi dan minum hanya Rp. 19.000 periode 13-19 Juni'16.Tukarkan SMS ini di Wendy's terdekat! Persediaan terbatas.Promo *606#"
"spam","Tolong uangnya di transfer saja ke Bank ----- An Ardiansyah 5500248418, kalau sudah ditransfer sms saja, terima kasih"
"spam","Hallo urang minang, ado sticker rancak di Group Line Urang Kampuang MINANG GUY, beli pake pulsa Telkomsel"
"spam","Nak ini ayah. Tolong kirimin ayah uang 500rb ke no rek 0385-0100-7302-504 a/n Yanti. Ayah lg dikantor polisi ngurus surat tilang. Mks"
"spam","BONUS PULSA 10RB! Ayo isi pulsa min. 5rb & dapetkan bonus pulsa 10rb utk nelp ke nmr Tri! Hanya hari ini saja! Ayo buruan isi pulsa! T530"
"spam","BONUS PULSA 50% dari Indosat Ooredoo, MAU?? Ketik *345# dan call dari HP kamu sebelum 28 April 2016"
"spam","Belikan dulu mama pulsa simpati 20 ribu ini nomor barunya mama 081223052854. kalau bisa kirim sekarang secepatnya penting. Ini hpnya orang mama pinjam"
"spam","Guntur ingin berhubungan di Facebook:http://fb.com/l.1lnzH4p0lCM7ruG Balas “stop” unruk berhenti menerima sms Facebook."
"spam","Ayo anak Medan, beli sticker line dengan pulsamu Caranya klik http://www.telkomsel.com/linestore nama stickernya : Kedan Medan"
"spam","Kesempatan LANGKA! Cuma buat kamu saja loh, Dapatkan 1 GB Cuma dengan RP 5000. Balas SMS ini dengan ketik Y10 s.d 15 November. Bonus berlaku 3 hari/ TL050D"
"spam","Paket Super Murah 2 pcs c strip/1 Ayam sayap+nasi+teh pucuk Rp.15.909.Tukarkan SMS ini di CFC YOGYA SUBANG hari ini!Selama persediaan masih ada.Promo *606#"
"spam","Terima kasih tlh melakukan isi ulang tgl. 20.02.2016. GRATIS NELPON 60Menit+VIDEO, tekan *900*9# lalu YES/OK"
"spam","DOUBLE kuota internet plus UNLIMITED Telpon dan SMS dengan Paket Freedom Combo dari Indosat Ooredoo. Segera hub *123# atau www.indosatooredoo.com/freedom"
"spam","Mau nonton bioskop gratis bersama keluarga? Cigna berikan khusus untuk Anda. Tunggu telepon dari kami. Info Cigna Klik bit.ly/tentangCIGNA"
"spam","SUPER Wow! Gratis 12 GB buat kamu, ckup dgn isi pulsa minimun Rp 100 Ribu s.d 22 November. Hanya berlaku satu kali kesempatan & berlaku akumulasi loh! TL053C"
"spam","Melayani fasilitas pinjaman dana tunai melalui jaminan BPKB mobil. Cover area seluruh daerah Indonesia..bunga 0,8 -1% flat /bulan, No BI Cheking, proses cepat,, data lngsng dijemput pihak survey kami(BFI finance) Hub Oktra Mariadi Sihaloho Cp : 082122483312"
"spam","Selamat! Anda sudah mengaktifkan INSTINK utk dpt info menarik dari Telkomsel. Info berhenti program:*600*600#. CS:133/188"
"spam","Ini Rekeningnya BRI. Rek: 0881-1010-3433-4506 A/n.RASTO MURDOYO."
"spam","2016-08-07 11:29:47.Plg Yth, sisa kuota Flash Anda 7160KB. Download MyTelkomsel apps di http://tsel.me/tsel utk cek kuota&beli paket Flash atau hub *363#"
"spam","Hanya HARI INI!!! Cuma dengan seribu kamu langsung dapat 200 MB untuk 3 hari. Cukup balas SMS ini dengan ketik yA4. Buruan beli sekrang TL049B"
"spam","RAWIT harganya miring, Internetan makin sering! AYO isi ulang kartu AXIS kamu sekarang, pastikan besok ikut promo Rabu RAWIT. Info838. LD328"
"spam","Manfaatkan fasilitas pinjaman tanpa jaminan, syarat F.copy KTP, Kartu kredit, proses 3 hari kerja, info, hub: Rasti 021 91998977"
"spam","Selamat Anda mendapatkan voucher Berrybenka Rp100rb. Masukkan kode voucher TW96d saat transaksi di www.berrybenka.com/simPATI. Mau voucher lain? Hub *999*1#"
"spam","Plg Yth! No' Anda 081310xx m-dpt Hadiah All new avanza dr PT.TELKOMSEL PIN Anda:b89c7h9 Info klik: www.tsel-resmi777.jimdo.comA/hub;0016282333306308,"
"spam","Nomor Anda telah diisi dengan nomor SN 6081606122581198060."
"spam","Kemudahan dan Keamanan bisnis TOGEL kini Berbentuk online, Bergabung dan raih keberuntungan anda di www.brotogel6.com Satu-satunya situs togel online terpercaya"
"spam","Hanya HARI ini! Freedom Combo XL Cuma Rp 89rb (Normal Rp 149rb) 20GB Music streaming gak pake kuota, UNLIMITED Nelp&SMS. Daftar *123#"
"spam","TOUR-TRAVEL dptkan tiket pesawat, promo domestik & internasional mudah/aman, booking Online 24 jam hub telp : 081314447669 atau websete di : www.lion-airtravel.com."
"spam","Di sini saja uangnya ditransfer ke rek Bank xxx (4413-0100-0226-XXX) A/N xxx, kalau sudah SMS di no ini 085215113xxx"
"spam","Murah dan seru banget main gamesmu, pakai pulsa aja beli koinmu, cek caranya di http://tsel.me/jajanonline"
"spam","Dapatkan Disc 20% di McDonalds khusus utk pembayaran dgn TCASH TAP!Dptkan stiker TCASH TAP di graPARI terdekat. Info tsel.me/tappromo"
"spam","Slmt!! No Anda Men-dptkan Hadiah dr Pengundian Poin Plus Plus INDOSAT No Pin(d377hi8)Utk info Pemenang silahkan klik www.kejutan-indosatpoinplus2013.webs.com"
"spam","Nikmati nelpon dan SMS UNLIMITED ke sesama Indosat Ooredoo internetan sepuasnya 3 hari dengan paket Freedom Mini. ketik *123*88#"
"spam","Anda sedang menikmati Paket Reguler dgn sisa kuota 209715 KB.Dapatkan beragam Paket INTERNET HEMAT Tri di *123*3#"
"spam","Kejutan POIN, hadian Rp 15 jt resmi diberikan untuk pemilik nomor 0812330xxxx. PIN-x7af2547. Untuk Info Kantor Pusat TELKOMSEL 021-23867047, 021-23867048."
"spam","Uangnya dikirim aja ke Rekening ini, BankBNI a/n SAFITRI  No.Rekening 0282566132"
"spam","Surat Keputusan PT.TRI CARE Slamat No.Anda Resmi Meraih Hadiah TOYOTA YARIS PIN Undian:477FBG7S Info Hub:089636872499 KLIK:www.pusat-tricare.com"
"spam","BONUS PULSA 50rb cuma dgn isi ulang 25rb!! Hny Indosat yg bisa begini. Penawaran berlaku s/d 11 April 2016. Bonus 1x utk digunakan ke sesama Indosat Ooredoo"
"spam","Surat Keputusan dr Tri Care No.XV/2015 PIN Pemenang Anda=M902CX8J Mendapat Cek Rp. 35juta. U/Info klik www.info-3careindonesia.tk"
"spam","Slmt!!No anda Mendpt hadiah Rp.75jt.dari TELKOMSELpoin Diundi tadi mlm Pukul.23:30.wib Di RCTI.info Hub: 085217777509 Drs.H.SRIANTO Pengirim: +777"
"spam","Terkini, ungkapin apa yang ada dipikiranmu lewat sticker line, beli pake pulsa TSel https://store.line.me/ download di stickershop"
"spam","Yuk dengerin secara langsung update keseharian Seleb dr Blog Suaranya! Tlp *5094* GRATIS 3hr lalu Rp2500/mgg.CS:838. VAS280"
"spam","Slmt_No. Anda Mndptkn Hadiah ""GRAND PRIZE"" Uang 'Rp.100jt,dr TELKOMSEL poin No.PIN-25g47jk Hub Call Center 081233303888 Pengirim : T-Sel"
"spam","Plgn Yth ! Anda mendpt hadiah (1) unit mobil SUZUKI ERTIGA dari PT.HM SAMPOERNA Tbk. pin anda:F77A47H u/info klik www.sampoernatbk.co.nf"
"spam","Kesempatan menjadi agen pulsa/ALL Operator MKIOS, Harga murah; 5=4500, 10=8500, 20=18000, 25=22000, 50=45000, Ketik GABUNG Kirim ke 087775777917"
"spam","berkah 1000 poin"" Nomor Anda mndpt Hadiah ke-I Pin d377hi8, silahkan verifikasi Pin Pemenang di situs resmi www.berkah1000poin.wix.com/prize"
"spam","DISKON 50% utk Kacamata Lengkap + Bonus Kacamata Hitam, Tunjukan SMS ini di JL Gatot Soebroto 88 T.7333812. S&amp;K Berlaku.Promo*606#"
"spam","MAU BONUS PULSA 50% dari Indosat Ooredoo?? Ketik *345# dan call dari HP kamu sebelum 31 Mei 2016"
"spam","NFO RESMI Nomor Anda:089772xxxxx Terpilih Men-dpt HADIAH Langsung Dari PT.TRI 3Care PIN.Pemenang Anda: F8HJ7TL Utk/Info Lengkap klik; www.HadiahTri3Care.blogspot.com"
"spam","Nanti kalau mau transfer, tipon dulu di no baru saya ini. 085624347737 soalnya ada perubahan no rekening. terima kasih"
"spam","Domino's PAN PIZZA!Rotinya lebih tebal dgn keju terasa sampai pinggir! Nikmati Disc.30% dimulai Rp45.500.Kunjungi toko terdekat/telf 1500366/Klik panpizza.co.id"
"spam","plgn yth,TRI dan MNCTV sudah mengumumkan nomor anda pada tgl:03-Maret-2015 pagi tapi tdk tersambung jadi saya DESI HERMAWATI Costumer Servis TRI di PLAZA SEMANGGI Lt1 jl,JEND SUDIRMAN KAV50 JKT PST Mengirimkan sms penting sebelum jatuh tempo bahwa nomor simcard tri anda menang undian PESTA INTERNET TRI hadiah ke2 TOYOTA NEW YARIS,PIN anda:2d7id99.Info resmi klik;www.internet-tri.jimdo.com"
"spam","INFO RESMI PT.INDOFOOD No.Anda t'dftr pemenang UNDIAN POP MIE edisi 2013 Mndptkn 1unit ""NISSAN JUKE"" PIN;a1c5h79 info,kunjungi;www.popmieget.webs.com"
"spam","Kirim ke Bank BCA No. Rek : 2731.7942.96 A/n : ANDRIANTO DJUNAEDI usahakan hari ini trms"
"spam","Ini bpk pnjam hp orng, tlng bliin bpk pls 50rb, krm ke nomr brunya bpk=081215008228, bpk lagi ada msalh di kantor polisi, jgn tlp/sms nnti bpk yg tlp, penting"
"spam","pembayaran anda sudah jatuh tempo silahkan melapor/M-HUB ke Kantor 082327327705 terima kasih"
"spam","PESAN RESMI Selamat No. Simcard Anda M-dptkan hadiah Cek Rp.100juta dr TRI CARE Pin: 7Y7R8K9Z Info klik: www.bima3careindo.blogspot.com"
"spam","3 RAMADHAN Selamat Anda Pemenang Rp.100jt. PIN CODE 7Y7R8K9Z Info: www.hadiah-3ramadhan.blogspot.com   "
"spam","Dapatkan GRATIS 1 cappuccino (hot/ice) & Freza, setiap transaksi min Rp75Rb di EXCELSO Cafe Semarang, Yogya, Solo sd 9 Agust 13. Tunjukkan SMS kpd petugas"
"spam","Simcard Anda menerima bonus poin plus-plus 555 dari PT.INDOSAT, PIN Anda 277fg49."
"spam","Simcard Anda mendapatkan bonus poin plus-plus 555 dari PT.INDOSAT dengan PIN 277fg49, untuk info lebih lanjut klik di www.indosat-555.blogspot.com atau hubungi 021-3338-0074."
"spam","Tingkatkan nilai isi ulang Rp10ribu untuk dapatkan Paket MURAH PAS dan informasi dapat di-cek di *100*999# 188."
"spam","Tingkatkan nilai isi ulang minimal Rp10ribu untuk mendapatkan Paket MURAH PAS dengan kode *100*999# dan dapatkan informasi lebih lanjut melalui nomor 188."
"spam","Uang RASTINA di transfer ke BNI, no. rek. 0253 7915 37, setelah itu SMS ke no. 085293355598 untuk konfirmasi."
"spam","Uangnya di transfer ke BNI rekening 0253 7915 37 dan jika sudah diteruskan, hanya SMS balasan ke nomor 085293355598."
"spam","Selamat, NO Simcard Anda menerima hadiah cek sebesar Rp 35 juta dengan pin 7Y7R8K9Z dan dapat dipertanyakan pada www.id-tricare2016.blogspot.com."
"spam","Selamat, Anda telah mendapatkan hadiah cek sebesar Rp 35 juta dari TRI CARE, dengan PIN 7Y7R8K9Z."
"spam","RUDI from Jambi claims to have won 4D 50jt and guarantees to help fellow losers beat the bookie by contacting mbah ROS on 082325557768."
"spam","Rudi from Jambi claims to have a reliable method to defeat lottery bookies by contacting mbah Ros on 082325557768, assuring that it works, as he has already proven it with a 50-juta win."
"spam","Pengguna Tri dapat berbagi bonus pulsa 10rb dengan isi pulsa minimal 5rb hanya di hari ini."
"spam","Bonus pulsa sebesar 10rb diberikan untuk setiap isi pulsa minimal 5rb hanya di bulan pernuh berkah, tapi hanya untuk hari ini saja."
"spam","Syarat uang kontrakan harus diselesaikan dengan Bpk. Suyono melalui nomor HP 082127377377."
"spam","Berikan kuasa penuh kepada Bpk Suyono dan hubungi nomor HP 082127377377 jika mau teruskan uang kontrakan."
"spam","Anda diberikan hadiah cek tunai Rp 45 jt, no. pemenang: 67ytg44, silakan kunjungi www.id.tri.webnode.com."
"spam","Anda dinyatakan sebagai pemenang dengan kode ANDA 67ytg44 dan menerima hadiah cek tunai sebesar Rp 45 juta."
"spam","Indosat claims to have contacted your number but couldn't connect, then sent an SMS saying your number is eligible for a Jaguar car and asking for info at www.kejutanindosat-plusplus.weebly.com."
"spam","INDOSAT has your number but cannot connect, so we're sending this SMS about receiving a Jaguar car with PIN d377hi8, for more info visit www.kejutanindosat-plusplus.weebly.com"
"spam","No Simcard Anda menerima hadiah cek sebesar Rp.100 juta dari TRI CARE dengan PIN 7Y7R8K9Z dan informasi lebih lanjut pada www.gebyar3care15.blogspot.com."
"spam","Simcard Anda menerima hadiah cek sebesar Rp.100juta dari TRI CARE dengan PIN 7Y7R8K9Z."
"spam","Sebagai pelanggan setia m-tronik, Anda terpilih sebagai pemenang ke[2] pin pemenang dan harus mengklik www.gebyarhadiah2016.com untuk mendapatkan informasi."
"spam","Pesta m-tronik Anda sebagai Pelanggan setia m-tronik terpilih sebagai pemenang ke-2 dengan kode [25e477r] dan informasi untuk dipergoki di www.gebyarhadiah2016.com."
"spam","Anda mendapatkan hadiah Rp 75 juta dari program Edisi September dan dapat dihubungi pusatnya."
"spam","Anda mendapatkan hadiah Rp. 75 juta dari TELKOMSEL point Edisi september hubungi pusat."
"spam","Berbagai model BB termurah, Dakota 2jt, Torch 1.5jt, Davis 1.3jt, Orlando 1.8jt, dan Gemini 950rb, silakan hubungi 085715186696."
"spam","Berbagai harga Blackberry, termasuk BB Dakota 2jt, BB Torch 1.5jt, BB Davis 1.3jt, BB Orlando 1.8jt, dan BB Gemini 950rb, serta informasi kontak 085715186696 untuk berminat."
"spam","Pinjaman sebesar 1 milyar diperoleh dengan jaminan BPKB mobil/truck yang terdaftar sejak 1998, dengan bunga 0,8% dan syarat yang mudah, serta proses yang hanya memerluakan 1 hari dan dapat di cover di semua wilayah melalui PT. Bunas Finance Tbk, dapat dihubungi Andi pada nomor 081330134449."
"spam","Pinjaman sebesar 1 milyar diperlukan sebagai jaminan dengan menggunakan bpkb mobil/truck yang diterima sejak 1998, dengan bunga 0,8% dan syarat yang mudah, dan diproses dalam waktu 1 hari oleh PT. Bunas Finance Tbk untuk wilayah luas dan dapat dihubungi pada nomor 081330134449."
"spam","Paket Bronet 24 jam 2GB 60 jam segera aktif dengan harga Rp28800, serta menawarkan penawaran menarik lainnya dengan memanggil *123#."
"spam","Paket Bronet 24 jam segera aktif dengan kuota 2GB selama 60 jam, dengan harga Rp28800, serta menawarkan penawaran lainnya melalui *123# dan informasi 838."
"spam","Beli 6 donut, gratis 6, dari Dunkin Donuts Borma Setiabudi, tukarkan SMS ini segera, hanya berlaku untuk hari ini, selama persediaan masih ada."
"spam","Beli 6 donut dari DUNKIN DONUTS BORMA SETIABUDHI, dapatkan 6 gratis lainnya, tukarkan SMS ini segera dan hanya berlaku untuk hari ini selama persediaan masih ada."
"spam","Anda dipilih sebagai pemenang Hadiah TOYOTA ALL New AVANZA dari TELKOMSEL poin, dengan pin pemenang b89c7h9, dan informasi lebih lengkap dapat dilihat di http://gebyartelkomsel.juplo.com."
"spam","Anda mendapatkan hadiah Toyota All New Avanza dari Telkomsel, dengan pin pemenang 89c7h9."
"spam","Ikuti JobFairActive dan uji peluang pekerjaan bersertifikasi di @PlasaTelkomMlg pada 9 Februari 2013, dan dapatkan pelatihan wawancara serta rekomendasi pekerjaan ke ribuan posisi."
"spam","Ikuti JobFairActive, uji kualitas kerja, dapatkan platihan interview dan rekomendasi pekerjaan ke ribuan."
"spam","Pembeli harus membeli pulsa sebesar 20 ribu rupiah dan menghubungi nomor 085337784732."
"spam","Pulsa sebesar 20 ribu rupiah harus diisi di nomor 085337784732."
"spam","Dapatkan extra pulsa sebesar 50rb dengan beli paket internet pertama kali melalui My Telkomsel App antara 25 Agustus dan 25 September."
"spam","Beli paket internet pertama kali di My Telkomsel App antara 25 Agustus-25 September dan dapatkan extra pulsa TSEL sebesar 50.000 Rupiah."
"spam","Diskon 41% di GT-SHOP, BB Z10 Rp 3 juta, BB Torch Rp 2 juta, BB Davis Rp 1 juta, Galaxy S4 Rp 3.5 juta, hubungi 08994352577 untuk informasi lebih lanjut."
"spam","GT-SHOP menawarkan Diskon 41% untuk BB Z10 seharga 3jt, BB Torch seharga 2jt, dan BB Davis seharga 1jt, serta menawarkan Galaxy S4 seharga 3,5jt, dengan kontak pada 08994352577 dan PIN 25A1785B, dan juga tersedia Gili-SMS versi Demo di http://www/yusiwa.com."
"spam","Kami telah menghubungi Anda karena Anda tidak dapat menggunakan SIM CARD Anda untuk mendapatkan hadiah ketiga dari PT.AXIS, dan Anda harus mengklik www.hadiah-ptaxis.blogspot.co.id untuk mendapatkan informasi lebih lanjut."
"spam","PT.AXIS claims to have contacted you regarding your SIM CARD and is offering a third prize, pin [02399877] can be accessed at www.hadiah-ptaxis.blogspot.co.id."
"spam","Kami menawarkan kebebasan internet tanpa batasan, dengan bonus 10GB kuota 4G, penggunaan tak terbatas Nelp, SMS, dan streaming musik tanpa memakan kuota, hanya dengan mengunakan paket Freedom Combo."
"spam","Kami menawarkan kebebasan tanpa batasan dengan paket Freedom Combo, yang membawa bonus 10GB kuota 4G, akses unlimited Nelp, SMS, dan musik streaming tanpa penggunaan kuota."
"spam","Askan saya untuk isi pulsa 10 ribu rupiah ke nomor 082189983017 dan kemudian aku yang menghubungi Anda."
"spam","Beri pulsa 10rb di no 082189983017."
"spam","Paket Tsel Flash akan berakhir tanggal 7 Agustus 2016, dan diperpanjang untuk 1 hari dengan 10 MB dan biaya Rp 2.500 yang dapat berubah menyesuaikan lokasi Anda, pastikan pulsa Anda mencukupi dan untuk berhenti berlangganan, ketik FLASH OFF ke 3636."
"spam","Paket Tsel Flash akan berakhir tanggal 07/08/2016, dan diperpanjang dengan harga 2500 untuk 1 hari, namun harga dapat berubah berdasarkan lokasi Anda, pastikan pulsa Anda mencukupi dan dapat berhenti berlangganan dengan mengirimkan FLASH OFF ke 3636."
"spam","BNI transfer requested, contact SORAYA HARUM on 0233-293-922 for further details."
"spam","Saya merek SORAYA HARUM, nomor rekening saya 0233-293-922, dan saya meminta Anda untuk melakukan transfer ke BNI."
"spam","Anda telah mengaktifkan paket Ngebut dengan kuota 3,5 GB, masa aktif 30 jam dan biaya Rp 25.000."
"spam","Anda memiliki paket super Ngebut 3.5GB, 30hr, Rp25rb yang sudah aktif, dengan akses 500MB pada 12.00-24.00 dan 3G pada 00:00-12:00, dan masa aktif diperpanjang hingga 11-Mar-2013 jam 23:59."
"spam","Jangan pergi jauh, jajan online aja, terutama untuk gamers yang suka nge games, cek http://tsel.me/jajanonline."
"spam","Jangan kemana-mana, jajan online aja, terutama untuk yang suka nge games, cek http://tsel.me/jajanonline"
"spam","Keluar putaran pada hari ini 20/01/2013, hubungi 082-335555-454 dan jamin 100% tembus Raja SHIO yang terbuka 24 jam."
"spam","Keluar putaran pada hari ini 20/01/2013, hubungi nomor 082-335555-454 untuk dapat mengetahui angka jitu yang dijamin 100% tembus."
"spam","PUTERA SUKSES mengisi pulsa Rp.5000 Regular pada 11/02 19:57 dan memberikan penawaran gratis pulsa hingga Rp.250.000 dengan masa aktif 7 jam dan 7 menit, serta kode referral GRATIS untuk nomor 123."
"spam","Pada 11/02 19:57, Pulsa Rp.5000 Regular digunakan oleh PUTERA SUKSES, sementara GRATIS Pulsa sd 250rb dapat digunakan dalam 7 jam dan 7 menit, dengan kode referensi 78330280 dan no HP 123."
"spam","Saya, H.rian Harino, operasional Tri telah menghubungi Anda, namun gagal terhubung, sehingga informasi ini disampaikan melalui SMS, sebelum hadiah jatuh tempo, Anda menang undian dari 3care, no pin pemenang Anda MG75K7, segera hub kantor Tri Jakarta."
"spam","Saya menginformasikan bahwa pemenang undian dari 3Care memiliki no pin MG75K7, dan disarankan untuk segera menghubungi kantor TRI Jakarta untuk verifikasi."
"spam","Aliando ingin pergi dari hatimu dan menawarkan NSP GRATIS dengan akses ke *600# dan promo lainnya sesuai hobimu."
"spam","Aliando menawarkan NSP GRATIS kepadamu dengan akses ke *600# serta promo lainnya sesuai hobimu."
"spam","Coba Grab untuk pemesanan taxi yang cepat dan aman dengan klik: https://invite.grab.co/37aa4d"
"spam","Coba Grab untuk pemesanan taxi yang cepat dan aman melalui https://invite.grab.co/37aa4d"
"spam","Anda akan membeli Paket Gampang Internetan Rp.1250 untuk chatting sepuasnya, dan harus balas YA untuk setuju dan kirim ke 3636."
"spam","Anda akan membeli paket internet Rp.1250 untuk chatting sepantasnya (BBM, WhatsApp, dan Line) dan harus menunggu konfirmasi SMS sebelum pemakaian."
"spam","No simcard Anda menerima uang tunai sebesar Rp 45 juta dengan informasi dari PT.INDOSAT menggunakan PIN (TBL48VG) dan hubungi 085694961118."
"spam","Anda menerima pengumuman resmi yang menyatakan bahwa Anda mendapat uang tunai sebesar Rp 45 juta dari PT. INDO SAT dengan kode PIN TBL48VG dan untuk informasi lebih lanjut, silakan hubungi 085694961118 atau akses www.indosat-info2013.jimdo.com."
"spam","Nikmati berlangganan 2 bln dengan harga 299 rbu, GRATIS biaya pasang+bonus cinema 3, hubungi 087738718255 atau 08555796717 dan PIN BB 32F1C805."
"spam","Indovison Promo menawarkan berlangganan 2 tahun hanya dengan harga 299 ribu, plus biaya pasang dan bonus cinema 3 berlangganan, dan dapat dihubungi melalui nomor 087738718255 atau 08555796717, serta PIN BB 32F1C805."
"spam","Beri bonus kerennya dari Indosat ooredoo dengan mengetik *345# dari HP kamu sekarang."
"spam","Indosat ooredoo menawarkan bonus keren, ketik *345# dari HP kamu sekarang juga."
"spam","Surat Keputusan Dri Tri Care No.XV/2015 telah diputuskan Mdptkan Hadiah HONDA JAZZ, pin pemenang 477BFG7S, untuk informasi lebih lanjut, hubungi 02150227999 dan akses www.tricareindonesia.com."
"spam","Pemenang hadiah HONDA JAZZ berupa Surat Keputusan Dri Tri Care No.XV/2015 dengan pin 477BFG7S, silakan hubungi 02150227999 untuk informasi lebih lanjut."
"spam","Anda dapat hadiah Satu unit mobil Alphard dari TelkomSelifinfo hub; 0016282336033777/kunjungi website kami di http://telkomselundian2013.jimdo.com"
"spam","Anda dapat hadiah satu unit mobil Alphard dari Telkomset dengan cara menghubungi 0016282336033777 dan kunjungi website kami di http://telkomselundian2013.jimdo.com."
"spam","Dengan tarif Rp. 0,1/7hr (perpanjangan Rp. 3190/7hr), Anda dapat mengakses lagu Pencuri Hati dengan memasukkan kode *808*3*1*4*1#."
"spam","Perpanjangan iRing dengan tarif Rp. 0,1 per 7 jam, dengan biaya tambahan Rp. 3190 per 7 jam, dapat dilakukan dengan menekan *808*3*1*4*1# dan lalu OK/Call."
"spam","Dapatkan tiket murah dan promo untuk penerbangan domestik dan internasional melalui ONLINE BOOKING 24 jam, Anda berminat hub 085318303276."
"spam","Dapatkan tiket murah dan promo dengan melakukan online booking 24 jam untuk penerbangan domestik dan internasional."
"spam","Anda, pemenang TRI CARE No.XV/2015, mendapatkan hadiah 1 Unit Mobil Toyota Yaris dan silakan info klik http://tri-3.webnode.com/ untuk mencocokkan PIN pemenang Anda."
"spam","Anda mendapatkan hadiah 1 unit mobil Toyota Yaris dengan PIN PEMENANG ANDA 8JF2177."
"spam","Nomor 3Care terpilih untuk menerima hadiah Honda Jazz RS dari program Undian 3care, dengan PIN 792RW1F7 dan informasi tersedia di www.tricare2016.jimdo.com, serta bank BRI rekening 313.0100.5936.535 atas nama Bayu Alamsyah."
"spam","Nomor 3Care terpilih menerima hadiah Honda Jazz RS dari program Undian 3care PIN:792RW1F7 informasi lebih lanjut di www.tricare2016.jimdo.com, rek. BRI No: 313.0100.5936.535, atas nama Bayu Alamsyah."
"spam","Mah,esian known as 085741670427 with a sum of 20 billion rupiah."
"spam","Mahasian mengirimkan nomor telepon 085741670427 dengan nilai 20 ribu rupiah."
"spam","Transfer ke Mandiri dan sebaiknya a/n Resti Amanda norek 9000007701999."
"spam","Transfer ke Mandiri hanya, a/n Resti Amanda norek 9000007701999"
"spam","LINE Lets Get Rich becomes more exciting by adding coins from your mobile balance, with an easy method on Google Play."
"spam","Line Lets Get Rich becomes more exciting with easy way to add coins from your phone using Google Play."
"spam","Manfaatkan creditCard untuk apply pinjaman 20-250jt dengan cashback dan hubungi Bintang di 021-27450166."
"spam","Manfaatkan segera credit card untuk apply pinjaman sebesar 20-250 juta dengan cashback, hubungi Bintang di nomor 021-27450166."
"spam","Flash Volume Ultima updates are available, with a quota of 60MB per 7 hours starting at IDR 7,000, and can be accessed by dialing *100*431#."
"spam","Gunakan Flash Volume Ultima untuk update informasi Anda, kuota 60MB/7hr mulai Rp7rb melalui *100*431# dan periksa tarif dan lokasi di tsel.me/FL."
"spam","Nikmati nelpon dan SMS UNLIMITED untuk sesama Indosat Ooredoo dalam 3 hari dengan paket Ramadhan Unlimited, ketik *123*88#."
"spam","Nikmati nelpon dan SMS unlimited ke sesama Indosat Ooredoo sepuasnya 3 hari dengan paket Ramadhan Unlimited dengan mengirimkan kode *123*88#."
"spam","Pelanggan SimCARD menerima cek tunai sebesar Rp 27 juta dari PT. Tricare Indonesia dan diwajibkan memiliki PIN HDR7JN7 serta dapat diunduh pada www.programundiantricare-2015.blogspot.co.id."
"spam","SimCARD customer received a notification of a due payment of IDR 27 billion from PT. Tricare Indonesia, requiring PIN number HDR7JN7 and urging to visit www.programundiantricare-2015.blogspot.co.id."
"spam","Anda terpilih menerima Tabungan sebesar Rp.35 juta dengan PIN M902CX8J dan informasi lebih lanjut dapat diakses melalui www.programisiulang3care.tk."
"spam","Keputusan 3care resmi terpilih No. Anda sebagai pemenang dengan hadiah tabungan Rp.35jt."
"spam","Nikmati diskon 25% tarif SLI 008 ke semua negara dari pukul 00.00 sd 06.00 WIB, sd 31 Agustus 13, dengan info lengkap dapat diakses ketik *122*5*4# atau www.indosat.com/iddpromo."
"spam","Nikmati diskon 25% tarif SLI 008 untuk semua negara dari pukul 00.00 sd 06.00 WIB, hingga 31 Agustus, informasi lengkap dapat diperoleh dengan ketik *122*5*4# atau mengakses www.indosat.com/iddpromo."
"spam","Anda menerima 1-unit Mobil all New AVANZA dari TELKOMSEL, dengan PIN_pmenan b89c7h9, dan informasi lengkap dapat diakses melalui www.telkomselpoin-777.pusku.com."
"spam","Anda dapat menerima 1-unit Mobil all New AVANZA dari TELKOMSEL dengan pin penjualan b89c7h9."
"spam","Nomor kamu tidak memiliki Paket NetMax, tetapi kamu dapat mendapatkannya dengan membeli paket 5.5GB dan 7GB melalui *123#, aplikasi BimaTri, atau website tri.co.id."
"spam","Nomor Anda tidak memiliki Paket NetMax, tapi Anda dapat mendapatkannya dengan paket 5.5GB dan 7GB melalui *123#, aplikasi BimaTri, atau website tri.co.id."
"spam","Kawal pemanfaatan subsidi BBM dan kompensasi bagi yang berhak"
"spam","Saya menawarkan transaksi untuk ARYA, silakan kirimi ke nomor 131-000-7252-937."
"spam","Kirimkan dana ke MANDIRI aja, dengan no. rekening 131-000-7252-937 dan beritahu ya ARYA!"
"spam","Mohon berikan nilai kepuasan pengalaman layanan Telkomsel dengan mengetik 1 untuk bahasa Indonesia atau 2 untuk bahasa Inggris dan kirim ke 1166 (gratis untuk internasional)."
"spam","Mohon nilai kepuasan pengalaman layanan Telkomsel dengan mengirimkan 1 untuk bahasa Indonesia atau 2 untuk bahasa Inggris ke nomor 1166."
"spam","Anda akan menerima setting ponsel untuk mengakses internet dan berkirim foto/MMS, dan setuju dengan ketik Y."
"spam","Anda akan menerima setting ponsel untuk mengakses internet dan berkirim foto/MMS, balas dengan Y jika setuju."
"spam","Isi ulang pulsa Rp 5000 dengan HD COM 4 SUKSES dan mendapatkan pulsa gratis hingga 250 ribu hingga 7 jam 7 menit."
"spam","Isi ulang pulsa Rp 5000 oleh HD COM dan dapatkan bonus pulsa hingga 250 ribu rupiah dalam 7 jam dan 7 menit."
"spam","Nikmati akses ganda internet sebesar 3GB dan tlp&sms tanpa batas dengan paket Freedom Combo."
"spam","Nikmati akses ganda internet 3GB + 3GB (4G) serta telp & SMS tak terbatas dengan paket Freedom Combo, daftar melalui *123# atau mycare.indosatooredoo.com."
"spam","M-KIOS mengumumkan hadiah ke-4 sebesar 100 juta rupiah dengan PIN M7H7R47, hubungi Ir.H.Surianto pada 0823 8777 5019 dan klik www.kjtn-mkiosjkt.blogspot.com."
"spam","Anda menerima pesan resmi M-KIOS Sim Card untuk menang hadiah ke-4 sebesar 100 juta Rupiah melalui promo M-KIOS dan PIN verifikasi M7H7R47 serta nomor kontak Ir.H.Surianto 0823 8777 5019 dan informasi lebih lanjut dapat dilihat pada www.kjtn-mkiosjkt.blogspot.com."
"spam","Rekening Bank BRI dengan nomor 018801.006474.53.2.A berada di bawah nama IR Mayani."
"spam","Rekening bank BRI dengan nomor 018801.006474.53.2.dibawah nama IR MAYANI."
"spam","Menambah koin untuk memperkuat games dapat dilakukan dengan cara membeli menggunakan pulsa."
"spam","Koinmu dapat terbantu dengan menambah koinmu, beli aja pakai pulsa."
"spam","Anda sebagai pemenang promo UNDIAN POP-MIE GETLUCKY menerima 1 unit MOBIL NISSAN JUKE dengan pin b89c7h9 dan dapat di-verifikasi melalui link www.hadiah-pop-mie-2013.webs.com."
"spam","Anda sebagai pemenang promo UNDIAN POP-MIE GETLUCKY telah men-dptkan 1unit MOBIL NISSAN JUKE dengan pin b89c7h9, informasi lebih lanjut dapat diakses melalui www.hadiah-pop-mie-2013.webs.com."
"spam","Simcard Anda memiliki cek tunai sebesar Rp.49jt dengan PIN RWD2749 dan dapat diinformasikan melalui CS 085691371116 atau website www.indosat-id.jimdo.com."
"spam","Simcard 08562XXXXXX has a check-out amount of IDR 49 juta with PIN (RWD2749), with information on CS at 085691371116 or visit www.indosat-id.jimdo.com."
"spam","Anda mendapatkan voucher Zalora sebesar Rp100rb, dengan kode voucher TSU59 untuk digunakan saat transaksi di www.zalora.co.id/simPATI, dan mau voucher lain? Hub *999*1#."
"spam","Anda mendapatkan voucher Zalora Rp100rb, yang dapat digunakan dengan kode TSU59 pada www.zalora.co.id/simPATI, dengan opsi voucher lainnya dapat diakses dengan memanggil *999*1#."
"spam","Mega Prima Tama Promo memberikan diskon 20-50% untuk barang-barang seperti Blackberry, Onyx, iPhone, iPad, Laptop, dan Camera dengan informasi lebih lanjut di www.megaprimatama.com dan PIN BB 2A9EA404."
"spam","Mega Prima Tama menawarkan promo diskon 20-50% untuk produk seperti Blackberry Dakota, Onyx 2, iPhone, iPad, Laptop, dan Camera, serta informasi lebih lanjut dapat dilihat di www.megaprimatama.com dengan PIN BB 2A9EA404."
"spam","Dapatkan e-tiket promo penerbangan domestik dan internasional dengan cara online mudah dan aman, hubungi 085285485509 dan kunjungi www.mhegatravel.com."
"spam","Dapatkan E-Ticket Promo melalui Via Online, mudah dan aman, untuk penerbangan domestik dan internasional, hubungi 085285485509 dan kunjungi www.mhegatravel.com."
"spam","Paket internet spesial dengan kuota 1.5GB dan berlaku 24 jam di jaringan tercepat Indosat hanya 10 ribu rupiah, berlaku selama 30 jam."
"spam","Paket internet tersedia untukmu dengan kuota 1.5GB dan berlaku 30 jam di jaringan Indosat tercepat, hanya 10ribu per periode."
"spam","Anda dipinta menghubungi BRI untuk cek Rp.27jt dengan kode cek 02599875."
"spam","Anda mendapatkan hadiah dengan No. PIN pemenang 47BL759, silahkan kunjungi www.bima3care2016.jimdo.com."
"spam","Selamat, Anda mendapatkan hadiah dengan No. PIN pemenang 47BL759, silahkan kunjungi www.bima3care2016.jimdo.com."
"spam","SimCARD owners, you're eligible to win a prize worth 100 million, just use your IV code ijh76k79 and check at www.pt-tricare.com."
"spam","PT.TRI CARE Indonesia mengumumkan pemenang SimCARD senilai 100 juta dengan kode pin ijh76k79, dapat diperiksa di www.pt-tricare.com."
"spam","Dapat menggunakan internet, chatting, Facebook, dan nonton video sebesar 1.5 GB tanpa pengeluaran tambahan selama 30 hari hanya dengan bayar Rp 30 ribu."
"spam","Paket internetan, chatting, Facebook, dan nonton video selama 30 hari dengan quota 1.5 GB hanya seharga Rp 30 ribu."
"spam","Artha Cell offers a discount on electronics, including BB Dakota (3 million) and Onyx3 (2.8 million), with additional details available on Camera and HUB, and customers can contact via SMS to 085335875777 or BB Pin 28BDDF4D."
"spam","Artha Cell offers a discount on electronic products, including BB Dakota for IDR 3 million and Onyx3 for IDR 2.8 million, with additional camera equipment available."
"spam","Dapatkan e-Tiket Murah & Promo untuk Penerbangan Domestik & Internasional melalui Booking Online dan hubungi 085216181177 atau kunjungi www.surya-travel.jimdo.com"
"spam","Dapatkan e-Tiket Murah & Promo untuk penerbangan domestik dan internasional melalui booking online."
"spam","REZKY, operator TRI, telah menghubungi Anda tapi tidak tersambung dan meminta Anda memeriksa informasi ini sebelum hadiahnya jatuh tempo, Anda menang undian dari pesta akhir tahun TRI dengan nomor PIN pemenang 2547afr."
"spam","Saya REZKY, operator TRI, telah menghubungi Anda tapi tidak tersambung, Anda menang undian dari pesta akhir tahun TRI dan informasi ini disampaikan sebelum hadiahnya jatuh tempo."
"spam","Blackberry Dakota, Torch, and Gemini phones are on promo, with discounts of 50%, priced at Rp. 2,8jt, Rp. 2jt, and Rp. 900rb respectively."
"spam","Tokobagusphone offers 50% discount on Blackberry phones, priced at Rp 2.8 million for Dakota and Rp 2 million for Torch, with an additional offer on Gemini at Rp 900,000."
"spam","Beli Internet Harian 100MB seharga Rp1500 untuk mendapatkan GRATIS nelpon ke semua operator, lalu balas SMS dengan ketik JS untuk membeli."
"spam","Beli Internet Harian 100MB seharga Rp1500 untuk dapat melakukan nelpon gratis ke semua operator."
"spam","SimCard +6281571xxxx is officially selected to receive a reward, with PIN b89c7h9-di, confirmed by PT.INDOSAT, and further information can be obtained by clicking on www.infoindosatpoin.webs.com."
"spam","PT. INDOSAT pilih simcard 6281571xxxx sebagai pemenang hadiah, dengan PIN b89c7h9-di yang sah, serta info lebih lanjut dapat diakses melalui www.infoindosatpoin.webs.com."
"spam","Anda telah menukarkan 95 poin, poin terus untuk mengetahui siapa yang menjadi pemenang hadiah LG G3 32gb, dengan syarat poin tertinggi hingga 30 November 15."
"spam","Anda telah menukarkan 95 poin dan dianjurkan untuk terus menukarkan poin tersebut karena siapa tahu Anda menjadi pemenang hadiah LG G3 32gb, pemenang ditentukan oleh poin tertinggi hingga 30 November 15."
"spam","Transfer ke BRI dengan nomor rek 1172-01-002218-502 oleh ANGGA PRASTIA."
"spam","Transfer diteruskan ke BRI oleh Angga Prastia, No Rek 1172-01-002218-502."
"spam","Beragamkan ibadah Haji dengan cara praktis tanpa perlu mengganti kartu lokal, sementara Anda mendapat kesempatan menggunakan internet tanpa batas dan biaya Rp30 ribu per hari."
"spam","Jalani ibadah Haji dengan nyaman dan tidak perlu mengganti kartu lokal, serta nikmati internet unlimited sebesar Rp30Rb per hari."
"spam","Anda memiliki 3 pesan suara dari nomor 083139195872 yang dapat didengar dengan mengtekan kode *886*10000*083139195872#. Bebas biaya."
"spam","Anda memiliki 3 pesan suara dari 083139195872 yang dapat dinikmati dengan tekan *886*10000*083139195872# dan biaya GRATIS."
"spam","Aktivasi rekening BTPN Wow, tinggalkan rekening dengan mengirimkan *247#, kemudian buat PIN rahasia Anda."
"spam","Aktivasi rekening BTPN Wow, silakan ketik *247#, tekan Yes/Call, dan buat PIN rahasia Anda."
"spam","Dapatkan Wendy's Crispy Chicken Sandwich secara gratis dengan minimal pembelian Rp.100.000 dan tukarkan SMS ini di Wendy's terdekat, namun persediaan terbatas dan promo hanya dapat digunakan dengan kode *606#."
"spam","Dapatkan Wendy's Crispy Chicken Sandwich secara gratis dengan minimal pembelian Rp.100.000 dengan tukar SMS ini di lokasi Wendy's terdekat, namun persediaannya terbatas dan berlaku dengan promo *606#."
"spam","Layanan VIP GAMES telah diperpanjang menjadi Rp3300 per SMS, dengan penggunaan 4x per hari."
"spam","Layanan VIP GAMES yang diperpanjang dengan harga Rp3300 per SMS, dengan kemampuan 4x/mgg, dapat dinikmati di alamat http://live.vipgames.me/?sid=40186483, dengan nomor CS 02152971540."
"spam","BRI account no. A/SRI NARTI 2219-01-001948-50-7."
"spam","Rekening BRI dengan no 2219-01-001948-50-7."
"spam","Tri Care Indonesia telah menentukan 67YTG44 sebagai pemenang dan akan menerima cek sebesar 45 juta rupiah, dengan informasi lebih lanjut tersedia pada www.my-tri8.webnode.com."
"spam","Surat keputusan Tri Care Indonesia memutuskan pemenang 67YTG44 mendapatkan cek sebesar 45 juta rupiah dan informasi lebih lanjut dapat dilihat di www.my-tri8.webnode.com."
"spam","Surat keputusan dari Tricare Indonesia NO XV/2015 telah ditetapkan pemenang 8JF2177 sebagai pemenang dan mendapatkan hadiah 1 TOYOTA YARIS, serta informasi lebih lanjut dapat diperoleh pada www.tri-2015.webnode.com atau blogspot.com."
"spam","Surat keputusan dari TRICARE Indonesia No XV/2015 telah ditetapkan pin pemenang 8JF2177 untuk mendapatkan hadiah 1TOYOTA YARIS, yang dapat diakses melalui www.tri-2015.webnode.com atau blogspot.com."
"spam","Anda ingin angka jitu gaib 2D_3D_4D_SGP yang dijamin 99% tembus, SMS 085337807887 MASTERTOGEL."
"spam","Anda membutuhkan angka jitu yang dijamin 99% tembus dalam 2D, 3D, atau 4D, serta SGP."
"spam","Anda telah memenangkan hadiah dari Pengundian PT INDOFOOD POPMIE dan informasi dapat diakses melalui www.pop-mie-indofood.webs.com."
"spam","Anda menerima hadiah dari pengundian PT. INDOFOOD POPMIE dengan PIN Anda FH53X77, informasi terbaru dapat diakses melalui www.pop-mie-indofood.webs.com."
"spam","Paket Service Motor+Olie ditawarkan hanya Rp35 juta, harga normal Rp42 juta, di Genuine Oil+GOP SHOP, hubungi 088980007432, berlaku 15 Juli-15 Agustus 2013."
"spam","Paket Service Motor+Olie dapat dinikmati dengan harga 35 ribu rupiah, sebelumnya Rp42 ribu, dengan berlakunya dari 15 Juli hingga 15 Agustus 2013, di Genuine Oil dan GOP SHOP, dan informasi dapat diperoleh melalui 088980007432."
"spam","Kamu dapat internetan kuota besar dengan harga murah melalui penawaran khusus nomor kamu yang hanya berlaku sebelum 16 Juli 2016."
"spam","Mau internetan kuota besar dan harga murah, maka cek penawaran khusus di *345# sebelum 16 Juli 2016."
"spam","PT.3Care Indonesia announces that No. Anda is officially a winner of the first prize with a code PIN {8JF2177} for Hadiahlik."
"spam","Meraih hadiah ke-1 dengan kode PIN {8JF2177} untuk isi ulang PT.3Care Indonesia."
"spam","Aktivkan paket Internet di My.XL.co.id tanpa repot setting, XL allows direct internet access."
"spam","Aktifkan paket Internet di My.XL.co.id sekarang, XL tidak perlu repot setting untuk langsung internetan."
"spam","Kamu kalah cepat, tapi jangan khawatir, ayo coba lagi di sesi berikutnya pastikan kamu membaca pesan dari LINE Indonesia untuk mendapatkan info mengenai waktu dan hadiah."
"spam","Kamu kalah cepat, tapi jangan khawatir, ayo coba lagi di sesi berikutnya dan pastikan kamu membaca pesan dari LINE Indonesia untuk mendapatkan info mengenai waktu dan hadiah."
"spam","Paket internet 1.5GB telah diaktifkan, silakan restart ponsel untuk menikmati kuota internet yang tersedia selama 90 hari dan cek sisa kuota dengan dial *557*8#."
"spam","Paket internet 1.5GB telah diaktifkan dan dapat dinikmati selama 90 hari setelah restart hp. Cek sisa kuota di *557*8#."
"spam","Nikmati ekstra pulsa 100% dengan isi ulang minimum 50 ribu hanya melalui aplikasi MyTelkomsel menggunakan T-Cash, hingga 11 Agustus 2016."
"spam","Nikmati ekstreme pulsa 100% dengan isi ulang minimal 50 ribu yang hanya dapat diakses melalui aplikasi MyTelkomsel menggunakan T-Cash hingga 11 Agustus 2016."
"spam","Arum K Prasodjo, TRI operator, in collaboration with PT. POS Persero, sent a notification to you, but your TRI registration address was not found, so they sent it via SMS with the information that your TRI number won the second prize on MNCtv on August 11, 2015, with a PIN of 333342, and to complete the prize process before the deadline, click on http//www.gebyar-trichampions.jimdo.com."
"spam","Arum K Prasodjo, TRI JKT PST operator, together with PT. POS Persero, sent a notification letter to you, but our registration records couldn't find your address, so we're sending this info via SMS."
"spam","Main game yang belum pernah ada dengan sensasi seru, dilakukan bersama para heroes di Game HIT dan dapat diunduh secara gratis di http://bit.ly/2c6jsXN."
"spam","Main game yang belum pernah ada dan menawarkan sensasi seru dengan bergabung sebagai heroes di Game HIT."
"spam","Kamu akan mendapatkan bonus Rp. 5,000 dengan menghubungi teman selama 2 menit dalam waktu tertentu hanya untuk hari ini."
"spam","Berikan bonus Rp. 5,000 kepada kamu jika kamu memanggil teman sebanyak 2 menit hari ini dan klaim dalam waktu yang sama!"
"spam","Promo dibuka kembali, gratis MIFI 4G hanya untuk Anda, isi pulsa 100rb dan bawa pulang MIFI favorit Anda di Galeri Smartfren hingga 23 November, minimal 40 ribu pengiriman."
"spam","Diperpanjang promo: Gratis MIFI 4G hanya untukmu, tunjukkan SMS ini di Galeri Smartfren dan isi pulsa 100rb untuk bawa pulang MIFI favoritmu, hingga 23 November."
"spam","Anda berhak membeli pilihan paket yang meliputi Nelpon, SMS, Internet, Video, dan NSP mulai Rp500 melalui *100*999# dengan promo yang hanya berlaku sehari hari."
"spam","Anda berhak membeli PAKET PAS yang menawarkan Nelpon, SMS, Internet, Video, dan NSP, dengan harga mulai Rp500 di *100*999#, berlaku hanya untuk hari ini."
"spam","Anda sebagai pemenang hadiah mobil Toyota All New Yaris dengan PIN 8JF2177 dan perlu info lengkap, klik www.infogebyarhadiah3care.blogspot.co.id."
"spam","Anda sebagai pelanggan SIMCARD terpilih sebagai pemenang hadiah mobil Toyota All New Yaris dengan PIN 8JF2177 dari undian 3 Care, untuk informasi lengkap klik www.infogebyarhadiah3care.blogspot.co.id."
"spam","Dalam waktu 5 hari lagi, kamu dapatkan ekstra pulsa sebesar 50 ribu rupiah dengan beli paket internet bulanan di MyTelkomsel dan ini adalah promo pembelian pertama yang berlangsung dari 25 Agustus sampai 25 September."
"spam","5 Hari lagi, pembelian pertama akan mendapatkan ekstra pulsa 50rb jika membeli paket internet bulanan di MyTelkomsel dari 25Agustus hingga 25September."
"spam","Nikmati diskon 20% di Bakmi GM setiap hari hanya dengan menggunakan TCASH, syarat dan ketentuan berlaku."
"spam","Dapatkan potongan harga 20% di Bakmi GM dengan menggunakan TCASH TAP!"
"spam","Pesan resmi M-KIOS Pesta Isi Ulang KRT memilih Anda untuk menerima hadiah ke-4 sebesar 100 juta rupiah, PIN M7H7R47."
"spam","KRT anda terpilih men-dptkan hadiah ke-4 sebesar 100jt dengan PIN M7H7R47 dan hubungi pelanggan melalui www.snmkios-ed16.blogspot.com."
"spam","Mendapatkan uang tunai Rp 49jt dari PT.INDOSAT dengan PIN RWD2749 dan nomor simcard 085643XXXXXX."
"spam","Mendapatkan uang tunai Rp 49 juta dari PT.INDOSAT dengan nomor PIN RWD2749 dan menghubungi 085693577707."
"spam","Anda dipilih untuk mendapatkan hadiah sebesar Rp 75 juta dari PT TELKOMSEL, hubungi pusat 085245780079 untuk informasi dan pelaksana TELKOMSEL."
"spam","Anda dipilih untuk mendapatkan hadiah sebesar Rp 75 juta dari PT. TELKOMSEL dan pelaksanaannya oleh Drs. H. MULYADI."
"spam","Paket Flash 10 MB 1 hari berbayar Rp.2500 dan berlaku hingga 07/08/2016 pukul 23:59 WIB, diperpanjang setelah masa aktif dengan tarif sesuai lokasi."
"spam","Paket Flash 10 MB (1 hari) seharga Rp.2500 telah diaktifkan dan berlaku hingga tanggal 07/08/2016 pk. 23:59 WIB, dengan kemungkinan diperpanjang dan tarif yang sesuai lokasi."
"spam","Sebelum dibayar/transfer, hubungi atasan saya, Bpk Ardiansah, melalui nomor tlp 081563257257 karena ada perubahan pembayaran."
"spam","Hubungi dulu atasan saya, bpk ARDIANSAH, no tlp 081563257257, sebelum di bayar atau di transfer, karena ada perubahan pembayaran."
"spam","Pakai nomor teman bapa dan kirimkan pulsa kepadanya karena pengeceran cepat, akan digantikan di rumah nanti."
"spam","My friend's dad is asking me to send a credit top-up to their number because they're in a rush and will exchange it when they get home."
"spam","Berikan bonus kuota 500MB yang hanya berlangsung 1 jam dengan isi ulang mulai dari 5,000."
"spam","Banyak promo menarik ditawarkan, seperti bonus kuota 500MB yang dapat diperoleh hanya dalam waktu 1 jam, dengan syarat mengisi ulang mulai dari 5,000."
"spam","Berikut kesempatan jadi agen pulsa MKIOS untuk semua operator dengan harga V5 4500, V10 8500, V20 18 ribu, V25 23 ribu, V50 45 ribu, V100 90 ribu, dengan cara daftar dan kirim pesan ke 087888366677."
"spam","Kesempatan menjadi AGEN PULSA MKIOS untuk semua operator dengan harga yang berbeda mulai dari V5=4500 hingga V100=90rb."
"spam","Beli 2 tiket Trans Studio Bandung, dapatkan 3 lainnya mulai 14 Mei-14 Juni 2013. Tunjukkan SMS ke petugas di lokasi."
"spam","Buy 2, get 3 free Trans Studio Bandung tickets from May 14 to June 14, 2013, and show SMS at location."
"spam","Anda memenangkan hadiah 1 Unit Mobil HONDA JAZZ RS dengan nomor PIN pemenang 47BL759 dan informasi lebih lanjut dapat diakses pada www.layanantricare-2016.jimdo.com."
"spam","Anda menerima pesan resmi dri TRI 3Care tentang hadiah 1 Unit Mobil HONDA JAZZ RS dengan PIN pemenang 47BL759."
"spam","Download AXISnet from PLAY/Apple Store, activate BRONET24Jam 5GB 60hr for Rp44900 or 3GB 60hr for Rp39800, and get 10GB OBOR (00-06) including free bonus."
"spam","Download AXISnet from PLAY/Apple Store and enable 5GB 60hr for Rp44900, or 3GB 60hr for Rp39800 with 10GB OBOR (00-06), contact 838, LD307."
"spam","Nenek masuk rumah sakit dan meminta bantuan pengiriman uang 50 ribu untuk menggantikan biaya perawatan nanti."
"spam","Nenek meminta bantuan dengan mengirimkan uang 50 ribu ke nomor 0852 3173 7479, dengan janji untuk menggantikan uangnya nanti."
"spam","Anda mendapatkan kuota Tsel sebesar 100 SMS, cek kuota melalui *889# dan lihat informasi lebih lanjut di www.telkomsel.com."
"spam","Anda mendapatkan kuota Tsel sebesar 100SMS, cek kuota melalui *889# dan lihat informasi lebih lanjut di www.telkomsel.com."
"spam","Disc. 25% untuk Domino's Pizza Value Range hingga 14 Agustus, dapatkan di store terdekat atau hubungi 1500366, atau kunjungi http://bit.ly/294KoZ6 dengan kode VR25D."
"spam","Kampanye Disc. 25% Domino's Pizza Value Range berlangsung hingga 14 Agustus, kunjungi store terdekat atau hubungi 1500366, serta kunjungi http://bit.ly/294KoZ6 dan gunakan kode VR25D."
"spam","Pesan resmi dari Tri3Care tentang hadiah mobil Honda Jazz RS, PIN pemenang Anda adalah 47BL759 dan informasi dapat diakses melalui http://gebyar-3care2016.jimdo.com."
"spam","Anda menerima pesan resmi dari Tri3Care dan hadiah 1 unit mobil Honda Jazz RS diberikan, nomor PIN pemenang adalah 47BL759 dan informasi lebih lanjut dapat diakses melalui link http://gebyar-3care2016.jimdo.com."
"spam","BRONET offers 1GB for 30 hours at Rp10900 and 4GB for 60 hours (24 hours 2GB, additional 2GB from 00-06) at Rp24900, active through *123*888#."
"spam","Jumat promo, BRONET 24 jam memberikan 1GB untuk 30 jam dengan harga Rp10900, sementara BRONET 4GB 60 jam memberikan 2GB untuk jam 00-06 dan 2GB lainnya dengan harga Rp24900."
"spam","Toko Artha jaya menawarkan promo terbaru dengan harga iPhone 5 sebesar 3 jt, BB Onyx3 sebesar 2,8 jt, serta lain-lain, hubungi 085335875777 untuk informasi lebih lanjut."
"spam","Tokyo Artha jaya offers Iphone5 for 3 jt, BB Onyx3 for 2,8 jt, and Camera and more for a limited time, call or SMS to 085335875777."
"spam","Kirim 50 SMS sebelum 16 Juni 2013 untuk mendapatkan 50 SMS Gratis ke orang lain Indosat selama 2 jam."
"spam","Kirim 50 SMS sebelum 16 Juni 2013 untuk mendapatkan Gratis 50 SMS ke sesama Indosat selama 2 jam."
"spam","Anda menerima pesan resmi dari PT Tricare dengan informasi hadiah 1 unit Mobil Honda JAZZ yang harus dipilih dan diinformasikan melalui link www.hadiah-tricaretbk2016.jimdo.com."
"spam","PT. Tricare Slamat is giving away a Honda Jazz unit as a prize, with details available at www.hadiah-tricaretbk2016.jimdo.com."
"spam","Dalam kesempatan yang singkat, diperlukan dana tunai cepat sebesar 25-250 juta dengan bunga rendah 1,35% per bulan, serta proses yang dijamin dalam waktu 3 hari dengan syarat yang mudah."
"spam","Butuh dana tunai cepat sebesar Rp 25-250 juta dengan bunga rendah 1,35% per bulan, proses dijamin dalam 3 hari, syarat mudah."
"spam","PT. Indofood has officially given away a Nissan Juke, together with a Pop Mie surprise, with the pin 2F5C4D7 and contact number 085715023547, and can be verified through www.gebyarpopmie40.webs.com."
"spam","PT.INDOFOOD announces a prize for PT.INDOFOOD's customers, where one lucky winner receives a Nissan Juke, accompanied by a surprise of Pop Mie."
"spam","Buat pengguna internetan yang berminat, 10 ribu rupiah dapat digunakan untuk internet selama satu minggu dengan kuota 1,5 GB, asalkan mengetik OKE ke 919 sebelum 30 September 2015."
"spam","Untuk mereka yanggemar internetan, diperlukan 10rb k untuk internetan selama 1 minggu dengan kuota 1,5 GB, yang harus diketik OKE ke 919."
"spam","Naik lebih sering dengan GRAB, kamu akan otomatis mendapatkan diskon di perjalanan berikutnya, yang dapat mencapai hingga 35 ribu per trip."
"spam","Naik lebih sering dengan GRAB, kamu akan otomatis mendapatkan diskon di perjalanan berikutnya, dengan diskon bertahap hingga 35 ribu/trip!"
"spam","Kami telah menghubungi Anda sebelumnya, namun tidak terhubung, dan Anda resmi pemenang hadiah ke-2 dari PT. M-KIOS, kode hadiah M248K81, u/info hadiah dapat diakses melalui www.hadiah-mkios17.blogspot.com."
"spam","Kami telah menghubungi Anda untuk mengumumkan pemenang hadiah ke-2 dari PT.M-KIOS, dan nomor Anda resmi menjadi pemenang hadiah pin;M248K81 dengan informasi hadiah yang dapat diakses melalui www.hadiah-mkios17.blogspot.com."
"spam","Merdeka offers a 45% off deal with 5GB of data valid for 30 days for just Rp68rb, a limited-time offer that can be checked now by dialing *111*1#."
"spam","Merdeka Hot Sale dengan diskon 45% menawarkan paket 5GB dengan masa aktif 30 hari seharga Rp125 ribu, sekarang hanya Rp68 ribu, tapi hanya untuk penawaran terbatas!"
"spam","PlecentCell memperkenalkan layanan mencari agen untuk menjual pulsa dari semua operator dengan harga pulsa P5 untuk 4.500, P10 untuk 8.500, dan P20 untuk 17.000."
"spam","PleynetCell mencari agen untuk jual pulsa dan membayar harga pulsa P5 (4500), P10 (8500), atau P20 (17.000) dengan cara mengirimkan pesan ke 085280948777 atau menghubungi CS 082328823345."
"spam","Hanya Rp 35 ribu untuk 2,5 GB dalam 30 hari, spesial untuk mereka yang terpilih, dengan promo yang aktif hingga 30 November 2015."
"spam","2.5 GB/30 hari tersedia dengan harga Rp 35 Ribu, hanya untuk mereka yang terpilih, dengan syarat-syarat aktivasi sekarang juga via *550*905# dan promo yang berakhir tanggal 30 November 2015."
"spam","Rekning Anda memiliki error, perlu di-monitor ulang agar dapat digunakan kembali, sebelum ke kantor hubungi ARYADHI terlebih dahulu di 0816288602."
"spam","Rekning tubuhkan Anda memiliki error, perlu di-monitor ulang agar dapat digunakan kembali, sebelum ke kantor hubungi Aryadhi terlebih dahulu."
"spam","Paket data hanya 10 ribuan, cek di *345# sebelum 1 Juli 2016."
"spam","Paket data cuma 10ribuan yang hanya berlaku sebelum 1 Juli 2016 dapat dicek melalui *345#."
"spam","Reza Prasetya memiliki rekening mandiri 900-00-1037951-0."
"spam","Reza Prasetya's account number is 900-00-1037951-0."
"spam","Beli paket Flash mulai 1,3 GB di My Telkomsel App dan dapatkan EXTRA nelpon hingga 100mnt/1hr, tetapi promo ini terbatas dan harus segera dilakukan."
"spam","Beli paket Flash 1,3 GB di My Telkomsel App untuk dapatkan EXTRA nelpon hingga 100 menit per jam."
"spam","Berpenghematan dengan paket data 4.5GB dan masa aktif 30 hari hanya untuk Rp 55 ribu, dengan syarat mengaktifkan sekarang melalui kode *550*907#."
"spam","Berikan promo spesial Rp 55 ribu untuk 4,5GB dengan masa aktif 30 hari, dapatkan dengan mengaktifkan di *550*907#."
"spam","Dana Tunai KTA dengan bunga 0,99% untuk sumbang sampai Rp 300 juta, syarat memiliki KTP dan CC, dengan opsi menggunakan BPKB dengan bunga 0,99% dalam waktu 3 hari, hubungi AYU di nomor 081584650877."
"spam","Dana Tunai KTA dengan bunga 0,99% hingga 300 juta, syarat KTP & CC, serta dapat juga dengan BPKB rate 0,99% 3 hari CAIR."
"spam","Akhir bulan harus tetap eksis dengan internetan yang berkuota 900MB/30hr dan harganya mulai Rp 35ribu, serta tarif dan lokasi dapat dilihat di tsel.me/fl."
"spam","Akhir bulan harus tetap eksis dengan internetan yang memungkiri batasan 900MB/30hr, dengan harga mulai Rp 35rb yang dapat diakses melalui *100*471# dan tarif serta lokasi dapat dilihat di tsel.me/fl."
"spam","Bronet offers 24-hour 3GB and 60-hour plans, priced at Rp31900 and Rp34900 respectively, which can be activated immediately by dialing *123*888#."
"spam","Hari ini diperkenalkan paket BRONET 24Jam 3GB 60hr Rp31900 dan BRONETSpecial 6GB 60hr (3GB 24Jam+3GB 00-06) Rp34900 yang dapat diaktifkan melalui *123*888#."
"spam","Nomor Anda terpilih sebagai pemenang hadiah 1 unit mobil dengan PIN pemenang br25h99 dan informasi terkait pada www.gebeyar-3care.tk."
"spam","Nomor Anda terpilih untuk mendapatkan hadiah 1 unit mobil dengan PIN pemenang br25h99."
"spam","Rudy from Malaysia is asking to invest RM 5jt with someone he can trust to live in Indonesia."
"spam","Seorang berpangkat Rudy dari Malaysia membutuhkan orang yang bisa dipercaya untuk menabalkan uang sebesar RM 5 juta sebagai bekal hidup di Indonesia."
"spam","Bella is unsure about writing something, so she's going to just chat on the phone instead."
"spam","Bella is confused about what to write and instead of writing a lengthy message, it would be easier to just chat over the phone."
"spam","Dengan menggunakan handphone XL Axiata, Anda dapat langsung mengakses internet."
"spam","Dengan menggunakan handphone XL Axiata, Anda langsung dapat mengakses internet."
"spam","Beli RAWIT diskon datang sendiri, sementara kartu AXISmu perlu diisi ulang sekarang dan pastikan ikutan promo Rabu RAWIT."
"spam","Beli RAWIT dan tunggu diskonnya datang sendiri, isi ulang kartu AXIS sekarang dan pastikan ikutan promo Rabu RAWIT."
"spam","Pakai kode undangan nxmvf722ue dan dapatkan perjalanan gratis hingga Rp75.000"
"spam","Pakai kode undang nxmvf722ue dan dapat naik bebas hingga Rp75.000"
"spam","Berlibur ke Lombok dengan foto dan internet Rp1500 per jam untuk 7MB, hubungi *100*15# dan cek status paket di *889#."
"spam","Pakar penggunaan internet, kini dapat menikmati liburan di Lombok sambil meningkatkan kemampuan foto dan berhemat dengan paket internet Rp1500 yang diperoleh 7MB per jam."
"spam","Dapatkan BONUS PULSA 50rb dengan isi ulang di hari Minggu mulai dari 10rb, kirim ke 123 dan cek bonus dengan kode *555*3#."
"spam","Dapatkan BONUS PULSA sebesar 50rb jika isi ulang pada hari Minggu, minimal 10rb, serta GRATIS krm ke 123."
"spam","Mengganti kartu SIM menjadi SIM 4G di gerai IndosatOoredoo terdekat dan nikmati GRATIS 10GB di jaringan 4G."
"spam","Beli kartu SIM 4G di IndosatOoredoo dan nikmati 10GB data gratis."
"spam","Nasabah BANK BRI, Anda dialokasi hadiah Cek Rp. 27jt dari BRI UNTUNG BELIUNG BRITAMA dan pin Anda (ijh76k79), informasi dapat diakses melalui www.info."
"spam","Nasabah BANK BRI, Anda akan menerima hadiah Cek Rp. 27 juta dari BRI UNTUNG BELIUNG BRITAMA, verifikasi PIN Anda: (ijh76k79) informasi lebih lanjut di www.info."
"spam","Flash Volume Ultima menawarkan kuota 1.8GB/30hr mulai dari Rp60rb, zona lokasi sesuai, hubungi *363*145# dan lihat info tarif & lokasi di tsel.me/FL."
"spam","Flash Volume Ultima offers 1.8GB/30hr internet package starting from Rp60rb, depending on your location zone."
"spam","Anda telah memenangkan hadiah mobil Toyota Yaris dengan nomor pin [8JF2177] dan dapat mengakses informasi di www.hadiahtricare.blogspot.com."
"spam","Anda menerima SIM Card dan hadiah 1 unit mobil Toyota Yaris sebagai pemenang dengan no. pin [8JF2177]."
"spam","Sy Ajeng received an SMS from PT. 3Care Indonesia claiming a cash prize of Rp. 100 juta at website www.pttricare2016.blogspot.com, but was asked to pay an administrative fee of Rp. 1,250 juta."
"spam","Ajeng received a SMS from PT. 3Care Indonesia claiming to have won Rp. 100 juta cash prize on website www.pttricare2016.blogspot.com, but was asked to pay an administrative fee of Rp. 1,250 juta, including a phone call from Pak Bambang Purwanto providing a payment account number at Bank BRI a/n PT. TRI LESTARI, and even listed KTP Marketing Office PT. 3 Care Indonesia on the website."
"spam","Cek pulsa dan kuota internetmu dengan hanya 1x klik melalui aplikasi myCare di https://mycare.indosatooredoo.com."
"spam","Cek pulsa dan kuota internetmu dengan mudah, hanya 1x klik dengan mengunduh aplikasi myCare dan akses di https://mycare.indosatooredoo.com."
"spam","Bayar bulan ini, silakan dulu telepon/sms ke atasan kami Bpk. Dedy di nomor 085221118517."
"spam","Diwajibkan telpon atau sms ke atasan kami Bpk. Dedy sebelum bayar bulan ini, serta nomor HPnya 085221118517."
"spam","Anda menerima hadiah dari pengundian PT.TELKOMSEL dengan nomor PIN b89c7 dan diperintahkan untuk melihat hadiah tersebut dengan mengklik website www.telkomselpoin2222.webs.com."
"spam","Anda menerima pengundian PT. TELKOMSEL dan mendapat hadiah, dengan kode pin b89c7, untuk melihat hadiah Anda, silakan klik www.telkomselpoin2222.webs.com."
"spam","Dapatkan keselamatan dan keberkahan serta dijauhkan dari mara bahaya."
"spam","Menginginkan kasih sayang Allah untuk membebaskan si pemilik HP ini dan keluarganya dari mara bahaya dan memberkati rejekinya."
"spam","Dapatkan NSP Warkop DKI dan akses ke *600# serta promo gratis lainnya sesuai dengan hobimu."
"spam","Warkop DKI fans, get free NSP access with *600# and enjoy various promotions matching your interests!"
"spam","Dapatkan e-tiket pesawat dengan promo domestik dan internasional serta booking online cepat dan aman melalui 085217845777/082310204777 atau link www.citiling-travel.com."
"spam","Dapatkan e-TIKET pesawat PROMO yang melayani pemesanan domestik dan internasional secara online cepat dan aman melalui nomor 085217845777/082310204777 atau link www.citiling-travel.com"
"spam","Indosat Ooredoo pelanggan setia, bonus 14 hari masa aktif, 10 menit telp dan 100 SMS ditawarkan, tetapi hanya untuk pengisi ulang s/d 16 Desember 2015 dan berlaku 1x."
"spam","Indosat Ooredoo pelanggan setia mendapat bonus 14 hari masa aktif, 10 menit telp, dan 100 SMS, namun hanya jika melakukan isi ulang hingga 16 Desember 2015."
"spam","PaketTelkomselFlash menawarkan 600 MB dan tambahan 600 MB di 3G serta 11 GB, berlaku 30 hari, dan otomatis diperpanjang jika langganan diaktifkan."
"spam","PaketTelkomselFlash seharga Rp.50000 menawarkan 600 MB + 600 MB di 3G + 11 GB dengan masa aktif 30 hari, yang dapat diperpanjang secara otomatis jika langganan tidak diaktifkan kembali."
"spam","Penggantian pulsa sebesar 20 ribu rupiah diawali dengan pengiriman nomor tujuan 081356256931."
"spam","Pangmeulikeun heula pulsa simpati 20 ribu yang harus digantikan dengan nomor 081356256931."
"spam","Blackberry City menawarkan diskon 40% untuk varian Torch2 seharga 2,2jt, Onyx3 2,1jt, Davis 1,3jt, Gemini 3G 1,1jt."
"spam","Berbagai model Blackberry dengan diskon 40% dijual, yaitu Torch2 seharga 2,2jt, Onyx3 seharga 2,1jt, Davis seharga 1,3jt, Gemini 3G seharga 1,1jt."
"spam","Dapatkan gratis 120 menit nelpon ke sesama Indosat, 120 SMS ke sesama Indosat, dan 12 MB internet sehari-hari setiap isi ulang pulsa Rp 12.000."
"spam","Gratisan 120 menit nelpon, 120 SMS, dan 12 MB internet ke sesama Indosat setelah isi ulang ponsel dengan biaya Rp 12.000."
"spam","Internetan puas dengan kuota 30GB selama 30 hari untuk kamu yang membutuhkan kuota besar dan tersedia di semua jaringan."
"spam","Untuk mendapatkan internetan puas dan kuota besar, kamu bisa beli paket SUMO 30GB yang berlangsung selama 30 hari dan dapat digunakan pada semua jaringan."
"spam","Pembayaran bulan ini harus dilakukan melalui HP 08562115779 yang telah dikuasakan."
"spam","Pembayaran bulan ini harus dilakukan melalui pihak Yogi dengan HP 08562115779."
"spam","Paket Flash 10 MB untuk 1 hari akan berakhir pada 08/07/2016, dan tarif non-paket akan berlaku setelahnya, info dan kuota dapat dicek melalui *363# dan *889#."
"spam","Paket Flash Anda yang seharga 10 MB dalam satu hari akan habis pada 08/07/2016, setelah itu tarif non-paket berlaku dan informasi lebih lanjut dapat diperoleh dengan menghubungi *363# atau cek kuota Anda melalui *889#."
"spam","Penawaran spesial: dapatkan 1.5 GB data (00-24) + panggilan sepuasnya ke nomor Indosat hanya Rp20rb untuk 1 minggu, daftar sekarang."
"spam","Penawaran spesial: paket data 1.5 GB dan nelpon sepuasnya ke nmr Indosat hanya Rp20rb untuk 1 minggu."
"spam","Anda menerima hadiah dari pengundiang PT. INDOSAT dan diinformasikan untuk melihat hadiahnya dengan mengklik www.pemenangindosat-poin.webs.com."
"spam","Anda menerima hadiah dari pengundiang PT. INDOSAT karena nomor Anda b89c7h9, untuk melihat hadiahnya klik www.pemenangindosat-poin.webs.com."
"spam","Anda memenangkan 1 unit mobil Freed dari TelkomSel, edisi THN 2013, yang diundi malam ini pukul 23:30 di RCTI, dengan informasi hub 082329676767 dan pengirim H. MULYADI."
"spam","Anda memenangkan 1 unit mobil Freed dari Telkomel, edisi THN 2013, undi pada malam ini pukul 23:30 di RCTI, hubungi 082329676767 untuk informasi lebih lanjut."
"spam","Transfer ke Bank xxx, nomor rekening 7390685xxx, dan SMS konfirmasi ke no ini."
"spam","Segera transfer ke Bank xxx untuk no rekening xxx 7390685xxx setelah selesai."
"spam","Flash promo until August 9! Datangi Gallery Smartfren terdekat, dapat diskon 290 ribu dengan tukar HP Smartfren untuk Andromax 4G LTE or 190 thousand for MiFi 4G LTE."
"spam","Flash promo until August 9th, offering a discount of 290,000 rupiah to exchange your Smartfren phone for Andromax 4G LTE or 190,000 rupiah to exchange for MiFi 4G LTE at the nearest Gallery Smartfren."
"spam","Bayar tagihan listrik atau beli token listrik dengan menggunakan TCASH, hanya dengan menghubungi *800# dan memilih menu pembayaran atau pembelian."
"spam","Bayar tagihan listrik atau beli token listrik dengan menggunakan TCASH, cukup hubungi *800# dan pilih menu pembayaran atau pembelian."
"spam","Nomor rekening BRI Andika Septiana adalah 5829-01-012786-534."
"spam","Belikan pulsa 20 ribu ke nomor 085340781778 besok."
"spam","Belikan 20rbu pulsa di no baruku 085340781778 besok."
"spam","Paket 50 SMS Anda ke semua operator telah diaktifkan, dan Anda dapat mengecek kuota di *888#."
"spam","Paket 50 SMS Anda ke semua operator sudah aktif, cek kuota di *888#."
"spam","Beli POPMIE sekarang dan kirim kode di *200*200* dan siapa tahu kamu pemenangnya."
"spam","Siapa tahu kamu pemenangnya kalau kamu beli POPMIE dan mengirim kodenya di *200*200*Kodeuniq# sebelum mengetahui penipuan CS:02171790989."
"spam","No Simcard received official message about winning a Rp.100juta check from TRI CARE, requiring a PIN code and information available at www.situstricare77.blogspot.com."
"spam","No Simcard Anda telah menerima hadiah sebesar Rp.100 juta dari TRI CARE, dengan PIN 7Y7R8K9Z dan dapat diinformasikan lebih lanjut melalui situs www.situstricare77.blogspot.com."
"spam","You are eligible to receive a prize of IDR 45 billion, with a winning pin number of 94AD653, and can check the details at www.undian-bimatri.blogspot.com."
"spam","Anda menerima pesan resmi dari Tri Care dan mendapat hadiah cek tunai sebesar Rp.45jt dengan nomor pin undian 94AD653."
"spam","IndosatOoredoo menawarkan rahasia terheboh artis-artis top dan bonus gratis nelpon 60 menit dengan menghubungi *700*1#."
"spam","Bergembiralah, sahabat IndosatOoredoo, dengan tahu rahasia-rahasia terheboh artis-artis top yang menghadirkan bonus gratis nelpon 60 menit."
"spam","Saya mau menawarkan kesempatan menang togel 100% dengan angka 07.31.19.43 yang berlaku untuk SGP Senin, dengan biaya mahar Rp 100.000 yang akan dikirimkan ke nomor 0823xxxx."
"spam","Anda ditawarkan untuk menang togel dengan tembusan shio 7, tunggal angka 07.31.19.43, dengan biaya mahar pulsa 100 ribu rupiah yang akan dikirim ke no 0823xxxx."
"spam","Saya memiliki nomor baru dan memerlukan bantuan Anda untuk mengirimkan pulsa 50.000 ke nomor baru ini 085687329010 karena saya sedang menghadapi masalah di kantor polisi."
"spam","Pada nomor baru papa, kantor polisi sedang menangani masalah dan meminta saya mengirim pulsa 50.000 ke nomor 085687329010."
"spam","Kamu sudah bergabung layanan Bung Gita Bicara Bola dan dapat informasi menarik serta prediksi akurat dari Bung Gita."
"spam","Kamu sudah bergabung layanan Bung Gita Bicara Bola dan mendapatkan informasi menarik serta prediksi akurat dari Bung Gita."
"spam","Dapatkan diskon 30% untuk pemesanan Dominos Pan Pizza yang menjadikan roti lebih tebal dan keju terasa sampai pinggir, mulai Rp45500."
"spam","Dapatkan diskon 30% untuk Dominos Pan Pizza yang memiliki roti lebih tebal dengan keju yang terasa sampai pinggir, mulai dari Rp45500."
"spam","Ibrani diskon besar: Z10 4,4 jt, IPHONE 5 32GB 3,7 jt, S.NOTE 2 3,8 jt, dan lain-lain PIN BB 28AB8391."
"spam","Beli iPhone 5 32GB, Samsung Note 2, camera, laptop, dll dengan diskon 40% dan harga terjangkau: Z10-4,4jt, 32GB-3,7jt, 2-3,8jt. Pin BB: 28AB8391, contact 0897-9844-777 or visit www.indracell.com."
"spam","Andromax A 4G hanya 99rb, 450,000 lebih murah dari harga normal 649rb, kunjungi Galeri Smartfren sebelum stok terbatas!"
"spam","Hari terakhir untuk membeli Andromax A 4G Galeri Smartfren dengan harga 99 juta, karena biasanya harganya 649 juta, tapi stok terbatas dan hanya tersedia hingga 22 Agustus."
"spam","Mega Cell mencari agen pulsa yang dapat mengirimkan pulsa ke semua operator dengan harga mulai dari 4.000 rupiah hingga 16.000 rupiah."
"spam","Mega Cell offers cell phone agents for purchasing various denominations of prepaid credits with prices starting from V.5 at 4000 to V.10 at 8000 and V.20 at 16,000, etc."
"spam","Gratis pulsa sebesar 250 ribu rupiah untuk 7 hari 7 malam dengan syarat isi ulang mulai 10 ribu rupiah."
"spam","Dapatkan GRATIS pulsa hingga 250 ribu rupiah dalam 7 hari 7 malam dengan syarat isi ulang mulai 10 ribu rupiah, daftar sekarang!"
"spam","Biaya transport Rp 10 juta untuk seminar ke Denpasar Bali yang mewakili kemahasiswaan & kewirausahaan, nomor peserta 100/semnas/9997175/dikti/2011."
"spam","Seminar ke Denpasar Bali, yang mewakili kemahasiswaan dan kewirausahaan, menawarkan biaya transportasi sebesar Rp 10 juta dengan nomor peserta 100/semnas/9997175/dikti/2011."
"spam","Rekening MANDIRI dengan nomor 136-001-198-6939 milik a/n ALI SYAMSUDIN."
"spam","Rekening bank Mandiri milik Ali Syamsudin memiliki nomor rek: 136-001-198-6939."
"spam","Pelanggan setia Smartfren dapat tukarkan hpnya dengan Andromax E 4G LTE hanya dengan membayar 859 ribu rupiah, yang seharusnya dijual dengan harga 999 ribu rupiah, untuk segera melakukan pertukaran ke Galeri Smartfren."
"spam","As a loyal customer, you can exchange your Smartfren HP for Andromax E 4G LTE at a discounted price of IDR 859 million (originally IDR 999 million)."
"spam","PT M-TRONIK claims to have contacted you, but there's no connection, and you allegedly received the 2nd prize pin 25e477r, and check your prize at www.hadiahmtronik-2016.tk."
"spam","PT M-TRONIK claims to have contacted you, but the call wasn't connected, and you're told you've won the second prize worth IDR 25,000,000, check your prize at www.hadiahmtronik-2016.tk."
"spam","Anda bermasalah dengan CC/KT, stres dengan bunga dan pelunasan diskonto hingga 75%, hubungi ATY di 082134976289 (wa) atau 087888869297."
"spam","Anda bermasalah dengan CC/KT@, stres dengan bunga pelunasan diskon hingga 75%."
"spam","Saya telah survei rumah dan tanah, merasa cocok, dan siapkan untuk nego harga, hubungi Pak Haji Derawan di 085796022225."
"spam","Mengenai rumah dan tanah yang kemarin, survei telah selesai dan rasanya cocok untuk nego harga, hubungi pak Haji dermawan pada nomor 085796022225."
"spam","Pelanggan baru Grab di Bandung dapat diskon 30ribu dengan menggunakan kode promo URANGBANDUNG dan menghemat waktu dari keberatan jalanan macet dan susah parkir."
"spam","Pelanggan baru Grab di Bandung dapat diskon 30ribu dengan menggunakan kode promo URANGBANDUNG berlaku 3x."
"spam","Ditawarkan diskon 60% untuk beberapa produk: toko Bursa Cuci Gudang dengan harga BB Dakota Rp 2,3 JT, TOCH Rp 1,6 JT, dan GEMINI Rp 1 JT, serta LAPTOP."
"spam","Bursa cuci gudang diskon 60% tersedia untuk BB Dakota, 2,3 JT untuk TOCH, 1,6 JT untuk Gemini, dan 1 JT untuk Laptop, dengan kontak 085322222369 dan PIN BB 2A6FB800E."
"spam","Kirimkan uangnya ke rekening BRI, A/N Hasan Mahmun, REK 3292-0101-9525-532, dan terima kasih."
"spam","Saya minta Anda mengirimkan uang ke rekening BRI Hasan Mahmud, nomor rekening 3292-0101-9525-532."
"spam","Paket Internet BRONET dengan kuota 2GB dan durasi 24 jam serta 60 jam otomatis diperpanjang sejak 27 Oktober 2016 jam 23:59."
"spam","Paket Internet BRONET 2GB, 24 jam, dengan durasi 60 jam diperpanjang secara otomatis sejak 27-10-2016 pukul 23:59."
"spam","Nonton Hemat hanya 25ribu di Cinema XXI dengan menggunakan TCASH TAP di graPARI terdekat, serta dapatkan stiker TCASH TAP."
"spam","Nonton Hemat hanya 25ribu di Cinema XXI dengan TCASH TAP dan dapatkan stiker TCASH TAP di graPARI terdekat."
"spam","PT.3Care Indonesia mengumumkan hasil ulang hadiah ke-3 untuk Anda, dapat diakses menggunakan kode PIN B8337H9 dan klik www.hadiah-pt3care34.blogspot.com untuk informasi lebih lanjut."
"spam","Anda menerima hadiah ke-3 dari PT.3Care Indonesia dengan kode PIN B8337H9 dan dapat info lebih lanjut di www.hadiah-pt3care34.blogspot.com."
"spam","Anda mendapatkan cek tunai sebesar Rp.27 juta dari PT. Bank Rakyat Indonesia, dengan nomor pin Anda ijh76k79 dan dapat diakses melalui www.bri-untungbeliung.blogspot.com atau 021-3677-1839."
"spam","Anda menerima cek tunai sebesar Rp.27 juta dari PT. Bank Rakyat Indonesia dan dapat diinfo melalui pin anda: ijh76k79."
"spam","Anda telah memenangkan satu unit mobil Nissan Juke dari PT.Indofood dan harus mengunjungi website www.popmieget-lucky.blogspot.com untuk info pengambilan hadiah."
"spam","Anda mendapatkkan satu unit mobil Nissan Juke dari PT. Indofood dan menerima kode pin 27tdn55 untuk informasi pengambilan hadiah."
"spam","No anda menerima bantuan dana Rp.55jt dari PT SIDOMUNCUL, informasi hubungan PT SIDOMUNCUL dapat dihubungi melalui 0852-3377-1855."
"spam","No Anda mendapatkan dana bantuan Rp.55jt dari PT SIDOMUNCUL, hubungi HJ MULIYADI di 0852-3377-1855."
"spam","Dapatkan total hadiah ratusan juta rupiah di Kota 1000 Berkah dengan cara mengakses www.murahituim3.com/kota1000berkah sebelum 9 Agustus 2013."
"spam","Dapatkan total hadiah ratusan juta rupiah di Kota 1000 Berkah dengan mengikuti program di www.murahituim3.com/kota1000berkah hingga 9 Agustus 2013."
"spam","Anda menerima hadiah cek tunai Rp. 15 juta dari INDOSAT dengan nomor pin 277fg49, dengan informasi pengambilan hadiah dapat diperoleh melalui website indosat."
"spam","Anda mendapat hadiah cek tunai Rp. 15 juta dari INDOSAT dan harus kunjungi website indosat untuk pengambilan hadiah."
"spam","Nikmati bonus kuota 4G LTE hingga 3GB dengan beli paket FLASH 1GB/30hr seharga Rp 43rb."
"spam","Beli paket FLASH 1GB/30hr mulai Rp 43rb dan dapatkan EXTRA 2GB 4G LTE + EXTRA kuota hingga 1GB midnight dengan cek tarif di tsel.me/FL SKB."
"spam","IndosatOoredoo berterima kasih dengan undangan untuk download video dan bonus berupa 60 menit pembicaraan Gratis."
"spam","Kamu menjadi Sahabat IndosatOoredoo, hadiahkan video dan 60 menit penggunaan nelpon gratis dengan menghubungi kode *900*8#."
"spam","Anda akan menang togel tidak kalah, siapkah membagi hasil dengan MBAH JOKO yang dapat membantu Anda memprediksi angka siuman."
"spam","Anda dipastikan menang togel, mau berbagi hasil dan MBAH JOKO dapat membantu dengan SIO/angka dari Retuwal, dijamin 100% tembus."
"spam","Tsel punya kejutan poin hadiah Rp 15 juta, dengan PIN b7Bc247 dan nomor penerima +777."
"spam","TSELpoin 777 menggelar kejutan POIN Hadiah sebesar Rp.15 juta yang resmi diberikan melalui PIN-b7Bc247."
"spam","Pelanggan diperkenalkan M-KIOS CELL yang menawarkan pendaftaran Cip M-kios & Token PLN dengan harga pulsa V5: Rp.4300 dan V10: 8300, bergabung dengan ketik INFO kirim ke 089652018503."
"spam","Pelanggan Yth. M-KIOS CELL menawarkan pendaftaran Cip M-kios dan Token PLN dengan harga pulsa Rp.4300 untuk V5 dan Rp.8300 untuk V10, dengan syarat bergabung dengan mengirimkan kata INFO ke 089652018503."
"spam","Bpk Drs. H dan Lalu Safi'i M.Pd dari Kadisdik NTB meminta segera menghubungi untuk seminar gratis dari DIKTI."
"spam","Isti Sofiyah, hubungi Bpk Drs. H. Lalu Safi' i M.Pd. Kadisdik NTB, untuk seminar gratis dari DIKTI."
"spam","Kami menghubungi Anda sebelumnya, namun tidak berhasil. Sebenarnya, Anda resmi menjadi pemenang hadiah ke-3 dari PT.3CARE dan Anda perlu konfirmasi via www.hadiah3care-2016.blogspot.com."
"spam","Kami menghubungi Anda tapi tidak tersambung, Anda resmi meraih hadiah ke-3 dari PT.3CARE dan detailnya dapat diakses melalui www.hadiah3care-2016.blogspot.com."
"spam","Indomarcocell menawarkan program agen PULSA MKIOS 1CHIP ke semua operator dengan harga V.5 Rp 4.000, V.10 Rp 8.000, dan V.20 Rp 16.000, cara gabung dengan mengetik DAFTAR dan kirim ke 08977628977."
"spam","Indomarcocell menawarkan peluang menjadi agen PULSA dengan harga berbeda mulai dari V.5 (4000) hingga V.20 (16000), bergabung melalui pengiriman SMS DAFTAR ke 08977628977."
"spam","Anda berhasil mendapatkan 1 unit mobil Honda Jazz RS dan informasi lebih lanjut dapat diakses melalui www.situshadiah-3care.blogspot.co.id."
"spam","Anda telah menangkan 1 unit mobil Honda Jazz RS dan dapat mengetahui informasi lebih lanjut dengan mengunjungi situs www.situshadiah-3care.blogspot.co.id."
"spam","Pelanggan setia Indosat Ooredo dapatkan bonus pulsa Rp 100 ribu dengan isi ulang Rp 150 ribu sebelum 13 Januari 2016."
"spam","Pelanggan setia Indosat Ooredo dapat bonus pulsa Rp 100 rb dengan syarat isi ulang Rp 150 rb, penawaran berlaku hingga 13 Januari 2016."
"spam","Pengundian PT.M-KIOS hasil pengundian berkat isi pulsa, Selamat nomor HP 0852952xxxxx mendapatkan hadiah PIN pemenang 94ad653, informasi lebih lanjut dapat diakses melalui www.berkat-isiulang-pulsa.webs.com."
"spam","No.HP 0852952xxxxx menerima hadiah PIN pemenang pengundian Berkat Isi Pulsa dengan kode 94ad653 yang dapat diinformasikan lebih lanjut melalui situs www.berkat-isiulang-pulsa.webs.com."
"spam","Nasabah YTH, rekening BTPN aktif, lakukan transaksi menggunakan PIN rahasia Anda melalui *247# dan info hub 1500300."
"spam","Anda sudah aktif, gunakan PIN rahasia Anda untuk melakukan transaksi melalui *247# dan untuk informasi, hubungi 1500300."
"spam","Terima kasih telah menggunakan Paket Data Indosat, informasi rinci dapat dicari dengan mengetik *123#."
"spam","Terima kasih telah menggunakan Paket Data Indosat, dapatkan informasi detail dengan menekan *123#."
"spam","Operator Tri plaza semanggi lt1 jl jend sudirman kav50 jkt mengirim sms karena nomor Anda sulit dihubungi, Anda mendapat hadiah dari promo undian 2013 dengan hadiah ke-4, yaitu Suzuki Ertiga, Anda harus melengkapi informasi dengan nomor PIN 7t899b3 dan baca informasi lebih lanjut di www.promotri2013.jimdo.com."
"spam","Saya sumargani dari Operator Tri Plaza semanggi lt1 jl Jend Sudirman kav50 Jkt pst, Anda mendapat hadiah dari promo undian 2013, PIN Anda adalah 7t899b3 dan informasi dapat dilihat di info.www.promotri2013.jimdo.com."
"spam","Jualan besar, diskon 50% untuk Sinar Blackberry-Z10 Rp 3,8jt, Dakota Rp 2,8jt, Tourch Rp 2jt, dan Davis Rp 950rb."
"spam","Berbagai smartphone Blackberry seperti Z10, Dakota, Tourch, dan Davis dijual dengan diskon 50%, harganya Rp3,8jt, Rp2,8jt, Rp2jt, dan Rp950 rb."
"spam","Dana tunai tanpa jaminan sebesar 20-250 juta dengan bunga 1,5% diperlukan syarat pemilik kartu kredit dan proses pengajuan 3 hari kerja."
"spam","Dana tunai tanpa jaminan sebesar 20-250 juta dengan bunga 1,50% dan syarat pemilik kartu kredit memerlukan 3 hari kerja untuk proses, serta dapat dihubungi pada 021 93417219."
"spam","Standart Chartered Bank menawarkan pinjaman tanpa agunan sebesar 10-150 juta dengan syarat membawa KTP dan kartu kredit yang asli, minat dapat dihubungi ke akbar melalui nomor 021 98391114 atau 085714664427."
"spam","Pinjaman tanpa agunan sebesar 10-150 juta rupiah diperlukan syarat copy KTP, copy kartu kredit, dan RESMI, hubungi Akbar pada 021 98391114 atau 085714664427 untuk informasi lebih lanjut."
"spam","Paket Anda telah aktif, cek kuota di *889#."
"spam","Bebas ekspresikan dirimu dengan Paket Freedom Combo dari Indosat Ooredoo, hubungi *123# atau www.indosatooredoo.com/freedom."
"spam","Bebas ekspresikan diri dengan Paket Freedom Combo dari Indosat Ooredoo dengan cara cepat hubungi *123# atau www.indosatooredoo.com/freedom."
"spam","Hari ini, diperjualbelikan paket BRONET Special 4GB (2GB 24 jam+2GB 00-06) dengan harga Rp 249,000 dan paket BRONET 24 Jam 1GB dengan harga Rp 109,000, serta pemberian kode akses untuk mengaktifkan paket di *123*888#."
"spam","Hari ini, BRONET menawarkan paket khusus, yaitu 4GB (2GB 24 jam + 2GB 00-06) dengan harga Rp24900 dan 1GB 24 jam dengan harga Rp10900, serta hadiah untuk yang segera aktifkan paket dengan menghubungi *123*888#."
"spam","Mendapatkan hadiah program poin isi ulang M-Tronik untuk pengguna No.ID Pengisian pulsa M-Tronil 672AT88."
"spam","Pengguna M-Tronil dapat mendapatkan hadiah melalui program poin isi ulang dan mengunjungi website www.isiulangmtronik.webs.com untuk informasi resmi pemenang."
"spam","Anda menerima hadiah mobil Avanza dari kartu AS, diundi malam ini di Metro TV pukul 23:00, info dan kunjungi alamat kami."
"spam","Anda mendapatkan mobil Avanza dari kartu AS dan undian dilakukan di Metro TV pada malam hari pukul 23:00, informasi dapat dijangkau di alamat kami dan nomor TSEL yang terhubung."
"spam","Isi ulang Rp50000.0 berhasil dengan kode transaksi 99100827288792 dan promo RABU RAWIT & JUMAT BAIK untuk semua Pelanggan AXIS."
"spam","Kode transaksi 99100827288792 diberikan Rp50000.0 dengan promo RABU RAWIT & JUMAT BAIK untuk semua Pelanggan AXIS."
"spam","Download AXISnet dari Apple/Play Store dan aktifkan BRONET24Jam dengan pilihan 5GB 60hr seharga Rp44900 atau 1GB 30hr seharga Rp18800 yang meliputi OBOR 5GB pada jam 00-06."
"spam","Download AXISnet from Apple/Play Store, activate BRONET24Jam for 5GB data (60 hours) or 1GB data (30 hours), and enjoy 5GB data for free during 00-06 for Rp18800, with an additional information on 838."
"spam","Kuota++ 3GB telah diisi ulang dan kuota tlh ditambahkan, serta dibagikan bonus NELPON sebesar Rp10rb ke semua Tri, dapat dicek di *111*2# atau BimaTri."
"spam","Kuota++ 3GB telah diisi ulang dan ditambahkan, serta diberikan bonus NELPON sebesar Rp10rb yang dapat dijamin dengan cek di *111*2# atau BimaTri."
"spam","Kuota internet Anda sudah habis, segera isi kuota di *123# atau aplikasi BimaTRI dari gadget Anda."
"spam","Kuota internet sudah habis, isi segera di *123# atau aplikasi BimaTRI dari gadget Anda."
"spam","Anda telah resmi menangkan uang Rp.49jt dari pop mie No.PIN XY7QD77, Info lengkap di www.undianindofood-tbk.jimdo.com."
"spam","PT.INDOFOOD.tbk announces that you have officially won Rp.49jt from Pop Mie with No. PIN XY7D77, for detailed information, click www.undianindofood-tbk.jimdo.com"
"spam","Anda telah terpilih sebagai pemenang hadiah langsung dari 3care dan kode unik Anda adalah b89c7h9, kunjungi web kami www.hadiahT3care.blogspot.com untuk informasi lengkap."
"spam","No Anda terpilih menerima hadiah langsung dari 3care, kode pemenangnya adalah b89c7h9."
"spam","Dapatkan ijazah D3, S1, dan S2 asli terdaftar dengan akreditasi cepat di www.buatijazahs1.wordpress.com atau hubungi 085222999475."
"spam","Segera dapatkan Ijazah D3-S1-S2 asli terdaftar dan akreditasi cepat melalui www.buatijazahs1.wordpress.com atau hubungi 085222999475."
"spam","Surveyor rumah meminta informasi harga, dan akan menghubungi suami yang bernama H. Sigit melalui nomor 081316005639."
"spam","Seorang perempuan yang mengaku survei rumah menawarkan kontak suami H. SIGIT untuk diskusikan harga rumah."
"spam","Dapatkan diskon 35 ribu untuk perjalanan ke dan dari Stasiun/Bandara di Bandung dengan menggunakan GrabCar atau GrabTaxi dan masukkan kode promo GRABTRAVEL hingga 30 September 2016."
"spam","Dapatkan diskon 35ribu untuk perjalanan ke dan dari Stasiun/Bandara di Bandung dengan menggunakan GrabCar atau GrabTaxi dan masukkan kode promo GRABTRAVEL sebelum 30 September 2016."
"spam","Buatkan promo 10GB (4G) di Paket Freedoom M & L dengan harga khusus hanya untuk hari ini dengan mengunduh & mendaftar myCare di http://bit.ly/mycarepLy."
"spam","Download & registrasi myCare di http://bit.ly/mycarepLy dan dapatkan promo 10GB di Paket Freedoom M & L dengan harga khusus hanya untuk hari ini."
"spam","Sim card owner has won the 2nd prize in a PT-M-TRONIK contest and has been allocated pin 2f54e7."
"spam","Sim card anda telah dipilih sebagai pemenang ke-2 oleh PT-M-TRONIK, dengan pin (2f54e7) dan informasi lebih lanjut dapat diakses melalui www.cekhadiahmtronik2016.ga."
"spam","Anda menerima mobil Avanza dari kartu AS di undian terakhir malam di Metro TV pukul 23.00 WIB, informasi lebih lanjut dapat dilihat di www.telkomsell.jimdo atau menghubungi 0016285286552555."
"spam","Menerima mobil Avanza dari kartu AS di undian televisi Metro TV malam ini pukul 23.00 WIB dengan informasi klik www.telkomsell.jimdo atau hubungi 0016285286552555."
"spam","You're running low on coins for your game, so just top up with a phone credit and you're good to go, check out http://tsel.me/jajanonline"
"spam","Koinmu tinggal dikit untuk lanjutin games, maka beli pakai pulsa aja dan cek tsel.me/jajanonline."
"spam","Nomor Anda resmi terpilih sebagai pemenang hadiah ke-2 dari PT M-tronik dengan nomor Pin 2g43f79, dan informasi pengurusan hadiah dapat diperoleh dengan mengklik www.gebyarmtronik.tk."
"spam","Nomor Anda resmi terpilih sebagai pemenang hadiah ke-2 dari PT. M-tronik dengan nomor pin 2g43f79 dan silakan klick www.gebyarmtronik.tk untuk informasi pengurusan hadiah."
"spam","BB Dakota requires 2.4jt, BB Davis requires 900rb, BB Gemini requires rbq, and BB Torch requires 1.7jt, call 085777779458 or send SMS to 0818433247, and check the Pin BB: 2A550530 at www.nagamas-cell.com."
"spam","Nagamas Elektronik menawarkan berbagai promo BB mulai dari 2,4 juta untuk Dakota, 900 ribu untuk Davis, Gemini, dan Torch 1,7 juta, serta lain-lain, dengan cara menghubungi 085777779458 atau 0818433247 dan kunjungi www.nagamas-cell.com."
"spam","Dapatkan e-tiket promo untuk penerbangan domestik dan internasional dengan booking online 24 jam dan hubungi 081316899123."
"spam","Dapatkan e-tiket promo untuk penerbangan domestik dan internasional dengan booking online 24 jam dan informasi di Hub 081316899123."
"spam","Download file besar tanpa putus, dengan syarat hanya 3 hari, gatis menggunakan Mifi/modem 4G spesial, dengan syarat pulsa 100rb disana hingga 13 Januari dan nomor DL 408."
"spam","Mau download file besar tanpa putus, hanya perlu 3 hari dan dapatkan Gatis Mifi/modem 4G spesial untukmu dengan mengisi pulsa 100rb di Galeri SF sebelum 13 Jan dan dapat melakukan download file pada tanggal 14 Jan."
"spam","Pertamina menerima lamaran dari lulusan SMK, D1, D2, D3, S1, dan S2 serta mendapatkannya melalui email pertaminareckrutment@ymail.com."
"spam","PT. Pertamina persero menerima karyawan Lulusan SMK, D1, D2, D3, S1, S2 dan meminta kirim lamaran, CV, Ijazah, foto 4x6, dan nota ipti ke email pertaminareckrutment@ymail.com"
"spam","Beli Internet Harian 100MB seharga Rp1500 dan dapatkan GRATIS Whatsapp seharian dengan mengirimkan SMS JR."
"spam","Beli Internet Harian 100MB seharga Rp1500 untuk mendapatkan WhatsApp gratis sehari."
"spam","Seseorang terpilih untuk mendapatkan cek senilai 27 juta rupiah dengan kode triple cek yang perlu diklik melalui website www.undianbri.co.vu."
"spam","Seorang pemenang telah terpilih dan diberikan hadiah sebesar 27 juta rupiah, dengan kode triple cek yang perlu diisi yaitu 02599875."
"spam","Toko Jaya is offering discounts of 50% on various types of Blackberry Gemini 900, Torch 2.5 million, and Dakota 2.8 million, along with Nokia and Samsung phones, with details available at www.jayabb.com."
"spam","Berbagai type BLACKBERRY Gemini 900 ribu, Torch 2,5 jt, Dakota 2,8 jta NOKIA& SAMSUNG disewakan dengan diskon 50%."
"spam","Berfikir positif dapat mempengaruhi nasib, dan segala hal dapat menjadi ilmu dengan memperoleh nutrisi otak."
"spam","Nutrisi otak salah satu yang berfikir positif, dapat menjadi ilmu apabila memiliki pandangan positif terhadap segala hal."
"spam","Dapatkan free member card Larissa Aesthetic Center dengan diskon 15% untuk high treatment dan asuransi jiwa, serta pulsa Rp 100rb per isi ulang di Galeri Indosat Jateng DIY hingga 31 Desember 2013."
"spam","Dapatkan free member card Larissa Aesthetic Center, serta disc 15% high treatment dan asuransi jiwa, setiap isi ulang pulsa Rp 100rb di Galeri Indosat Jateng DIY hingga 31 Desember 2013."
"spam","Ketik IKUT [spasi] AkuCintaIslam kirim ke 082110001021 untuk bergabung dengan dakwah."
"spam","Berikan nomor seri untuk bergabung dengan dakwah dengan cara mengirimkan pesan yang berisi IKUT AkuCintaIslam ke 082110001021."
"spam","Dapatkan voucher Lottemart seharga 50 ribu rupiah dengan mengganti 2.500 poin hingga 11 Februari 16."
"spam","Dapatkan voucher Lottemart sebesar 50 ribu rupiah dengan mengganti 2.500 poin sebelum tanggal 11 Februari 2016 dengan mengetik *123*7887*2*5#."
"spam","Anda adalah pemenang ke-4 GEBYAR telkomselpoin 2013, verifikasi pin anda 277fg49 di www.t-selpoinhadiah.jimdo.com."
"spam","Pemenang ke-4 telkomselpoin 2013 adalah Anda, silahkan verifikasi pin 277fg49 di www.t-selpoinhadiah.jimdo.com."
"spam","Dapatkan sms pagi, PT.TRI.3SimCard berisi hadiah HONDA JAZZ dengan kode pin 477BFG7S dan nomor info hub 089606490199."
"spam","Saya menerima SMS pagi yang menyebutkan bahwa saya pemenang hadiah Honda Jazz RS dan diwajibkan untuk memasukkan kode pin 477BFG7S dan menghubungi nomor 089606490199 serta mengklik link www.pusat-tri.blogspot.com."
"spam","Surat keputusan PT.TRI.3 telah memberikan hasil M-dptakan Hadiah HONDA JAZZ Rs dengan PIN undian 477BFG7S dan info lebih lanjut dapat diperoleh melalui 089667794299 dan www.gebyar-tricare.com."
"spam","SimCard anda resmi menerima hadiah Honda Jazz RS dengan pin undian 477BFG7S, informasi lebih lanjut dapat dihubungi pada nomor 089667794299 dan juga melalui website www.gebyar-tricare.com."
"spam","PT. GARSINDO is looking for an agent to sell top-up services for M-kios of all operators, 24/7, with prices ranging from V5 (4500) to V20 (18000), and can be contacted through 085318655616."
"spam","PT. GARSINDO seeks M-kios agents to sell all operator pulse credits with prices ranging from V5 (4500) to V20 (18000) and invites interested parties to join and send applications to 085318655616."
"spam","Software SMS gateway for limited offers for advertising, pilkada, schools, institutions, and campuses, priced at IDR 100,000, contact 085727088813 for 24-hour service."
"spam","Software SMS gateway untuk iklan SMS, pilkada, sekolah, instansi, kampus, dll, dengan harga promo Rp 100.000, hubungi 085727088813 24 jam."
"spam","Bpk/Ibu ingin menjual rumah di Surabaya, saya berminat dan saya berusaha menghubungi suami dengan nomor 085399700354."
"spam","Ruma Bpk/Ibu yang mau dijual, dipublikasikan di Surpai, dan aku berminat, namun aku tidak dapat menghubungi suami Bpk/Ibu dengan nomor 085399700354."
"spam","Beli sticker LINE yang lucu-lucu banyak dengan pulsamu dan coba."
"spam","Beli sticker LINE yang lucu-lucu banyak dengan pulsamu, hal itu mudah dan dapat dicoba."
"spam","Ketik FLASH INFO dan kirim ke 33636 untuk mendapatkan status paket dan informasi tentang tren, challenge, dan pembelian paket di loop.co.id serta follow @loop_id."
"spam","Ketik FLASH INFO kirim ke 33636 untuk mendapatkan status paket dan informasi tentang tren anak muda, challenge, dan pembelian paket di loop.co.id."
"spam","Pengiriman pesan resmi PT3CARE berisi isi ulang pulsa dan hadiah Rp 100 juta dengan PIN b8337h9 yang perlu diinformasikan dengan mengklik link www.hadiahlpt3care959.blogspot.com."
"spam","PT3CARE mengirimkan pesan resmi yang berisi hadiah Rp. 100 juta dengan PIN pemenang b8337h9 untuk isi ulang pulsa dan informasi lebih lanjut."
"spam","Solusi keuangan modal usaha dapat diperoleh dengan cara copy ktp, kartu kredit, NPWP, dan no rekening pribadi, dan dana yang dapat diperoleh bervariasi antara 125-200 juta rupiah."
"spam","Solusi keuangan seseorang dapat dicapai dengan copy KTP, kartu kredit, NPWP, dan nomor rekening pribadi, sehingga mereka dapat mendapatkan Rp 125-200 juta dari bank dengan hubungan ke LIA."
"spam","Pelanggan Yth, Anda menerima tabungan Haji sebesar Rp100jt dari Kopi jahe, di ke-61 no PIN 25efg477r dan dapat diinformasikan melalui nomor 082374432257, pelaksana PT. SIDOMUNCUL."
"spam","Kartu GSM Anda menerima tabungan haji sebesar Rp100 juta dari Kopi Jahe HUT ke 61 dengan no PIN 25efg477r dan dapat diinformasikan melalui hubungi 082374432257 pelaksana oleh PT. Sidomuncul."
"spam","Tanah di tanjung api-api saya sudah dilihat dan cocok, hargaannya bisa dihubungi suami saya pak H.SULAIMAN di no hp. 08xxxxxx karena saya ada acara."
"spam","Saya Bu Nur memiliki tanah yang cocok untuk pengembangan, harganya dapat dihubungi suami saya, Pak H. Sulaiman di no hp. 08xxxxxx, karena saya sedang sibuk dengan acara lain."
"spam","Dapatkan DoubleScoop Ice Cream dari Haagen-Dasz dengan diskon 10% melalui TAP menggunakan TCASH, dengan syarat dan ketentuan yang berlaku."
"spam","Peroleh diskon 10% pada Haagen-Dasz dengan menggunakan TCASH TAP dan atur syarat & ketentuan."
"spam","Menghadirkan aksi 8 pemuda galau, iseng, dan gokil yang dikepung polisi super cantik, serta film Comic8 yang dapat diunduh melalui HP dengan biaya 4400/3hr."
"spam","Aksi 8 pemuda yang galau, iseng, dan gokil dikepung polisi, dapat dilihat melalui aplikasi Comic8, dengan harga 4400/3hr."
"spam","Anda pemenang undian POP-MIE dan akan mendapatkan hadiah 1 unit mobil Nissan Juke, silakan klik situs kami untuk informasi lebih lanjut."
"spam","Anda pemenang undian POP-MIE yang mendapatkan hadiah 1 unit MOBIL NISSAN JUKE dan dapat mengklaimnya dengan pin b89c7h9 dan info lebih lanjut di www.info-undian-pop-mie.webs.com."
"spam","Beli sebanyak-banyak apps dan in-apps di Google Play Store dan mainkan terus gamesmu."
"spam","Bermain game dan membeli aplikasi serta in-apps sebanyak-banyaknya di Google Play Store."
"spam","Kami informasikan bahwa Anda, Bpk/Ibu Eka Novitasari, sudah tidak tersambung dengan M-hub. Selain itu, Anda juga menerima hadiah 1 unit mobil Toyota Avanza dengan PIN 47V27 sebagai hasil undian periode utama 2014."
"spam","Anda tdk tersambung dengan M-hub kami, informasi ini diberikan karena selamatnya no anda M-dptkan hadiah 1 unit mobil Toyota Avanza dengan PIN 47V27 dari undian periode 2014 3care."
"spam","Rekening BNI No. rekening 0277285682 milik Wahyudi AlamSyah dikirim via SMS."
"spam","Rekening BNI No. 0277285682 milik Wahyudi Alam Syah telah dikirim."
"spam","Permintaan Anda akan segera di proses untuk kata kunci REG GITA dari PT. Hypermind."
"spam","Permintaan Anda akan segera diolah untuk mengakses keyword REG GITA dari PT. Hypermind."
"spam","Gratis internet 1000 MB, telepon 1000 menit dan SMS ke sesama Indosat dengan isi ulang mulai 10 ribu rupiah, daftar dengan mengirim SMS GRATIS ke 123 dan isi ulang."
"spam","Gratis internet, telepon, dan SMS untuk Indosat dengan isi ulang mulai 10 ribu rupiah, daftarkan dengan mengirimkan GRATIS ke 123."
"spam","Terima kasih telah melakukan pengisian di counter kami WAR PUL CELL, kami Melayani pembayaran tagihan PLN."
"spam","Terima kasih telah melakukan pengisian di counter WAR PUL CELL, kami Melayani pembayaran tagihan PLN."
"spam","Ditransfer uang ke Bank xxx A/n. xxx 0231327XXX setelah itu SMS saja terima kasih."
"spam","Transfer uang ke Bank xxx A/n. xxx 0231327XXX dan SMS setelah transfer."
"spam","Isikan pulsa di nomor 085323048677 dan gw akan gantiin."
"spam","Isikan pulsa di nomor 085323048677 agar saya dapat menggantinya."
"spam","Nikmati penawaran 50% ekstra pulsa dengan isi ulang minimum 100rb hanya untuk pengguna MyTelkomsel yang menggunakan kartu kredit VISA."
"spam","Nikmati penawaran ekstara 50% dengan isi ulang minimal 100ribu hanya untuk pengguna aplikasi MyTelkomsel yang menggunakan kartu kredit VISA, dengan promo yang berlangsung hingga 11 Agustus 2016."
"spam","Beli paket Flash di MY TELKOMSEL APP dan dapatkan EXTRA kuota 2GB 4G LTE dan EXTRA nelpon hingga 100mnt/1hr."
"spam","Beli paket Flash mulai 1GB di MY TELKOMSEL APP untuk dapatkan kuota 2GB 4G LTE dan nelpon hingga 100mnt/1hr."
"spam","Anda akan berlangganan paket Rp. 10000 untuk akses internet 150 MB 2G/3G + 250 MB 3G/90 hari dengan perpanjangan masa aktif dan tarif yang sesuai dengan lokasi Anda."
"spam","Anda akan berlangganan paket internet Rp. 10000 yang berisi 150 MB untuk jaringan 2G/3G dan 250 MB untuk jaringan 3G, dengan masa aktif 90 hari."
"spam","Nikmati diskon 40% untuk Dominos Pizza Premium dan rasakan Weekend Party BIG di harga mulai Rp.48 juta, berlaku hingga 8 Mei 2016."
"spam","Disc.40% off for Dominos Pizza Premium, valid until 8 May'16, with prices starting from Rp.48rb for dine-in/take-away."
"spam","Bapak tukokno pulsa 20 ribu yang terkirim pada nomor saya baru 085316079211, tak enteni dan penteng, karena ada masalah di kantor polisi, jangan SMS atau telepon dulu."
"spam","Pulsa Rp 20 ribu dibebankan pada nomor baru 085316079211, cepat sementara, penting bapak memiliki masalah di kantor polisi, jangan sms/telp."
"spam","Cepatkan pengisian paket kuota internet dan pulsa dengan aplikasi myCare tanpa ribet!"
"spam","Ingin dapatkan gift paket kuota internet serta tidak ingin ribet isi ulang pulsa? Instal aplikasi myCare di http://bit.ly/mycarepLy."
"spam","Main 8 Ball Pool menggunakan pulsa untuk membeli koin dan games lainnya, cek cara melalui http://tsel.me/jajanonline."
"spam","Main 8 Ball Pool menggunakan pulsa untuk beli koin games lainnya dan cek caranya di http://tsel.me/jajanonline."
"spam","Indosat terpilih Anda sebagai pemenang poin plus-plus dengan PIN pemenang b89c7h9, silakan info lebih lanjut di www.semarak-poinplusplus-2013.webs.com."
"spam","Anda terpilih sebagai pemenang poin plus-plus dengan nomor PIN b89c7h9, u/informasi klik www.semarak-poinplusplus-2013.webs.com."
"spam","Berkat isi ulang pulsa No Anda, Anda dipilih sebagai pemenang dan akan menerima tunai Rp.75 juta dari PT.M-KIOS."
"spam","Berkat isi ulang pulsa, Anda akan memenangkan hadiah sebesar Rp.75 juta dan perlu memasukkan PIN (5N939F7) serta mengakses www.pt-mkios15.blogspot.com untuk cek tunai."
"spam","Beli koin games menggunakan pulsa Anda secara mudah."
"spam","Beli koin games menggunakan pulsa Anda dengan mudah."
"spam","MatahariMall offers additional THR with discount codes THR6 for 6% off electronics, THR15 for 15% off lifestyle, and THR25 for 25% off fashion, with more information available at http://mthr.ml/TSELTHR."
"spam","MatahariMall menawarkan tambahan THR dengan diskon 6% untuk elektronik, 15% untuk lifestyle, dan 25% untuk fashion, menggunakan kode THR6, THR15, dan THR25 masing-masing."
"spam","Bisa dapat 1,5GB internet hanya dengan membayar 20 ribu rupiah dan berlaku selama 90 hari."
"spam","Dapatkan internet 1,5GB hanya dengan 20ribu, berlaku 90 hari, untuk waktu tertentu hingga 8 Januari 2016."
"spam","Internetan selama seminggu dengan kuota 1,5GB hanya Rp10rb, untuk kamu!"
"spam","Internetan selama seminggu dengan kuota 1,5GB hanya Rp10rb, kirimkan SMS KEBUT ke 919 sebelum 29 Juli 2015."
"spam","Terima kasih untuk menjadi Sahabat IndosatOoredoo, dapatkan bonus gratis Nelpon 60 menit dengan menghubungi *955*1# lalu YA/OK."
"spam","Terima kasih, menjadi Sahabat IndosatOoredoo berarti Anda mendapatkan kenalan tanpa batas dan bonus GRATIS 60 menit, silakan hub *955*1# lalu YA/OK."
"spam","Pembelian Dave's Single Burger mendapat gratis Small Fries dan Minuman, periode 5-11 September 2016, dengan syarat tukarkan SMS ini di Wendy's terdekat dan penawaran terbatas, promo *606#."
"spam","Pembelian Dave's Single Burger berhadiah small fries dan minuman, berlaku 5-11 September 2016, dengan promo terbatas yang harus ditukarkan di Wendy's terdekat."
"spam","Discound 25% BB DACOTA RP untuk produk seperti TOP100 CELLULER, BB ONYX3 (Rp 3 jt), BB GEMINI (Rp 1 jt), serta produk lainnya seperti laptop, kamera, iPhone, dan lain-lain, informasi dapat diakses di www.top100-celluler.com dengan pin BB 2A95596A."
"spam","Dapatkan discound 25% untuk BB DACOTA RP seharga 3,9 juta, serta onyx3 Rp 3 juta dan Gemini Rp 1 juta, serta berbagai produk lainnya seperti laptop, kamera, dan iPhone."
"spam","Berhubungan dengan BANK BRI, kami telah mengetahui bahwa Anda adalah pemenang yang memiliki No.PIN Pemenang KG65H8K9 dan harus menerima HADIAH dari Untung Bliung BritAma dengan menekan M-dpt."
"spam","Anda mendapat SMS bahwa Bank BRI telah selesai dan tidak dapat diproses, Anda harus memperoleh hadiah dengan No. PIN KG65H8K9 melalui www.HadiahkejutangBri.blogspot.com."
"spam","Beli koin game dengan menggunakan pulsa dan cek cara-nya di http://tsel.me/jajanonline."
"spam","Mainkan games sekarang dan beli koin dengan menggunakan pulsa, cek cara menggunakannya di tautan http://tsel.me/jajanonline."
"spam","Berdonasi melalui *123*50# dari nomor Indosat Ooredoo untuk dukung pelestarian alam Indonesia bersama Indosat Ooredoo dan WWF-Indonesia."
"spam","Dukung pelestarian alam Indonesia bersama Indosat Ooredoo dan WWF-Indonesia dengan berdonasi melalui *123*50# dari nomor Indosat Ooredoo."
"spam","Cahaya Travel menawarkan tiket penerbangan murah dan promo untuk domestik dan internasional, dengan opsi online booking 24 jam dan kontak 081310537888."
"spam","Murah dan promo tiket penerbangan domestik dan internasional tersedia secara online, serta dapat dihubungi di 081310537888 dan melakukan booking online 24 jam."
"spam","Surat keputusan Tri Care INDONESIA menunjukkan bahwa Anda, pemenang dengan PIN 67ytg44, mendapatkan hadiah sebesar Rp.45juta dan informasi terkait dapat dilihat pada www.info-undian3.webnode.com."
"spam","Anda menerima hadiah cek tunai sebesar Rp.45 juta melalui Tri Care INDONESIA dengan PIN Pemenang 67ytg44."
"spam","Rumah dan tanah untuk dijual telah di survei dan Ibu Ayu tertarik membeli, harga mulai dari sebesar, hubungi suami saya 085282157222 Dr. HJ. Sojian."
"spam","Rumah dan tanah yang mau dijual sudah survei dan dipinjam oleh Ibu Ayu untuk membeli dengan harga mahal, hubungi suami saya 085282157222."
"spam","Anda mendapatkan hadiah 1 unit mobil Honda Jazz dari promo Tri Care 2016 dengan PIN pemenang 454647LM dan informasi terkait dapat dilihat dengan mengklik www.kejutanbimatri.blogspot.com."
"spam","Anda mendapatkan hadiah 1 unit mobil Honda Jazz dari promo TRI CARE 2016 dengan PIN pemenang 454647LM, informasi klik www.kejutanbimatri.blogspot.com."
"spam","Kami menawarkan diskon 45% untuk pengguna Toko Niaga-Cell, dengan pilihan produk seperti Blackberry, NOKIA, SAMSUNG, dan IPHONE, hubungi 082-33333-783 untuk informasi lebih lanjut."
"spam","Toko Niaga-Cell menawarkan promo diskon 45% untuk berbagai merek smartphone seperti Blackberry, NOKIA, SAMSUNG, IPHONE, dan lain-lain, dengan informasi lebih lanjut dapat diperoleh melalui hub/sms ke 082-33333-783 atau melalui website kami www.niaga-cell.blogspot.com."
"spam","Anda mendapatkan hadiah 1 Unit Mobil HONDA JAZZ & uang tunai 35 juta rupiah, dengan PIN pemenang Anda 477bfg7s."
"spam","Anda mendapat hadiah 1 Unit Mobil Honda Jazz & uang tunai sebesar 35 juta rupiah sebagai pemenang, PIN pemenang Anda adalah 477bfg7s."
"spam","Pengguna Tri Care menerima pesan resmi dengan hadiah cek tunai sebesar Rp 45 juta dengan no undian 94AD653 dan harus melihat informasi lebih lanjut di www.pusat-bimatricare.jimdo.com."
"spam","Tri Care sends a legitimate message stating that you have received a cash prize of Rp.45jt with pin number 94AD653, and to check the details visit www.pusat-bimatricare.jimdo.com."
"spam","Anda resmi menerima hadiah 1 Unit Honda Jazz dari Tri 3Care dengan PIN pemenang 25ZT67KM, lalu cek pin melalui link www.infohadiahtricare.ml."
"spam","Anda resmi menerima hadiah 1 Unit Honda Jazz."
"spam","Berbagai model Blackberry ditawarkan, mulai dari BB Dakota seharga 2,9 juta rupiah, BB Torch seharga 2 juta rupiah, BB Davis seharga 1,5 juta rupiah, BB Onyx seharga 1,4 juta rupiah, dan BB Gemini seharga 950 ribu rupiah."
"spam","BlackBerry BB Dakota adalah 2,9 juta, Torch 2 juta, Davis 1,5 juta, Onyx 1,4 juta, dan Gemini 950 ribu. Berminat hubungi 085715186696, tetapi promo ini terbatas."
"spam","PT.BNI (persero) Tbk. has selected your account for a prize of IDR 27jt from Rejeki Bni Taplus, using verification code 02599875 and visit www.bnitaplus46.tk."
"spam","Rekening Anda Terpilih dapat Rp.27jt dari Rejeki Bni Taplus dengan kode cek 02599875."
"spam","Ada promo belanja online dengan potongan 50% untuk produk BB Dakota (2,8 juta), BB Onyx3 (2,2 juta), BB Z10 (3,5 juta), dan lain-lain."
"spam","Berbagai promo diskon yang tersedia, seperti 50% untuk BB Dakota, BB Onyx3, dan BB Z10, serta beberapa lainnya, serta informasi lebih lanjut dapat diperoleh melalui sms 085775102735 atau situs www.jaya-olshop.blogspot.com."
"spam","Dapatkan keuntungan lebih dengan ISI PULSA di MYVPLUS, serta dapatkan voucher diskon, hadiah, dan point."
"spam","Isi Pulsa lebih menguntungkan di MyVPlus, dengan penawaran pulsa, voucher diskon, hadiah, dan poin yang dapat Anda nikmati."
"spam","PT. Tri menginformasikan bahwa nomor SimCard Anda memiliki saldo Rp 35 juta yang harus diisi ulang."
"spam","PT.TRI menawarkan program isi ulang pulsa dengan simcard Anda yang memiliki nominal Rp.35 juta dan dapat diatur melalui pin M902CX8J."
"spam","Dapatkan E-TIKET penerbangan Domestik dan Internasional dengan promo dan reservasi tiket yang mudah dan praktis melalui 02136146799, 085312792222, atau www.Asia-travel.com."
"spam","Dapatkan e-tiket penerbangan domestik dan internasional dengan harga promo melalui reservasi tiket yang mudah dan praktis."
"spam","Uangnya dikirim ke Rek. BNI AN. Abdul Rahman, No. Rek. 024-8721-191."
"spam","Uangnya dikirim ke Rek. BANK BNI A/n. 024-8721-191."
"spam","Uang harus dikirim ke BANK DANAMON untuk Farida Hanum, No Rek 0035-3918-4014."
"spam","Dikirimkan uang ke BANK DANAMON a/n Farida hanum No rek. 0035-3918-4014."
"spam","Kartu 4G-LTE Anda telah aktif dan mendapatkan kuota tambahan 10GB serta konten menarik pada jaringan 4G."
"spam","Kartu 4G-LTE Anda aktif, dengan akses kuota tambahan hingga 10GB dan konten menarik di jaringan 4G."
"spam","Anda mendapatkan voucher Lazada seharga Rp100rb, masukkan kode voucher TSt88 untuk menggunakan voucher tersebut."
"spam","Anda mendapatkan voucher Lazada sebesar Rp100rb, dengan kode voucher TSt88 untuk diinput saat transaksi di www.lazada.co.id/simPATI."
"spam","Di transfer uang sekarang ke bank BNI: 022-741-3681, a/n FRISKA ANANDA, sms setelah transfer selesai."
"spam","Uanganya harus di transfer sekarang aja ke bank BNI: 022-741-3681 dengan angsuran FRISKA ANANDA."
"spam","Lelah dengan bayar minimal, kami menawarkan solusi legal untuk menutup CC/KTA dengan potensi disimpan 50-75%, hubungi kami di 081316523061/087822962308."
"spam","Bantu penutupan CC/KTA secara LEGAL dengan penghematan 50-75% dengan menghubungi LoLyta."
"spam","Berikan kontrakan kalau mau diteruskan/bayar ke Bpk Chandra di nomor 082374910777, karena saya tidak berkuasa atas hal tersebut."
"spam","Saya ingatkan soal kontrakan, silakan hubungi Bpk Chandra di no 082374910777, soalnya di bawah kuasa sepenuhnya."
"spam","40,76,65,53,89 is supposedly the winning number for the SGP lottery edition on Monday, 10/06/2013, guaranteed by KI Karso, but to confirm, you need to pay 100,000 IDR as the commission fee to the number 082329969711."
"spam","Angka togel SGP edisi Senin 10/06/2013 40,76,65,53,89 dinyatakan jitu, dijamin tbs dengan syarat kirim 100ribu sebagai maharannya ke nomor 082329969711 KI Karso."
"spam","Beri bonus kuota 500MB selama 1 jam dengan isi ulang minimal 5,000, serta ayo isi pulsa sekarang juga."
"spam","Beri bonus kuota 500MB yang berlangsung selama 1 jam dengan syarat isi ulang minimal 5,000 pada hari ini dan lakukan segera."
"spam","Pemegang kartu kredit dapat menikmati kredit tanpa biaya dari bank asing dengan bunga 1,79% untuk kredit Rp 5-99 juta dan 1,5% untuk kredit Rp 100-150 juta, dengan hubungan ke Lukman pada nomor 081586769255 dan 021-94828857."
"spam","Pemegang kartu kredit dapat nikmati kredit tanpa angungan dari bank asing dengan bunga 1,79% untuk pinjaman 5-99 juta dan 1,5% untuk pinjaman 100-150 juta, hubungi Lukman melalui 081586769255 atau 021-94828857."
"spam","Dakota Rp. 2,8 jt, Onix3 Rp. 2,2 jt, Gemini Rp. 800 rb dapat dihemat 50% melalui promo TOKO JEMBER."
"spam","Toko Jember berlaku promo discon 50% untuk keyboard Yahama Dakota Rp 2,8 jt, Onix3 Rp 2,2 jt, dan Gemini Rp 800 rb."
"spam","Krim ke BNI dengan an Ayu Suryani, no rek 0215891174, lalu kabarin ya."
"spam","Krim ke BNI hanya via Ayu Suryani (no rek 0215891174) dan kabarin setelah dikirim!"
"spam","Pindah ke jaringan 4G TERCEPAT dengan menukar kartu di Gerai IndosatOoredoo Jl.Jend Soedirman-Purwokerto dan dapatkan bonus Rp25rb untuk Nelp/SMS ke IndosatOoredoo."
"spam","Pindah ke jaringan 4G TERCEPAT dengan tukar kartu di Gerai IndosatOoredoo Jl.Jend Soedirman-Purwokerto dan dapatkan bonus Rp25rb untuk Nelp/SMS ke IndosatOoredoo."
"spam","Bpk, tolong belikan dulu pulsa 20ribu di no barunya karna lagi ada masalah di kantor polisi dan jangan dulu tlp/sms."
"spam","Bpk karna lagi ada masalah di kantor polisi, tolong belikan dulu pulsa 20ribu di no barunya bpk dan jangan tlp/sms nanti karena penting."
"spam","Kirim pulsa 20ewu ke no 085285485839 oleh Mas Agus."
"spam","Beri pulsa 20,000 di nomor 085285485839 oleh Mas Agus."
"spam","Terdiri dari program GRATIS yang menawarkan 1000MB internet, 1000 SMS, dan 1000 MNT dengan syarat hanya perlu isi ulang sebesar 10.000 Rupiah dan nikmati bonusnya."
"spam","Terdftr diProg GRATIS dengan hadiah 1000 Mnt, 1000 SMS, 1000 MB internet, serta bonus lainnya dengan minimal isi ulang mulai dari 10 ribu rupiah."
"spam","Anda terpilih pemenang Hadiah ke-3 dari promo POPMIE dengan PIN 2aiu87e, Utk info klik www.promoundian-popmie.jimdo.com."
"spam","Anda terpilih sebagai pemenang hadiah ke-3 dari promo POPMIE dengan PIN 2aiu87e."
"spam","Saya berminat menjual rumah Anda yang telah disurvei, tapi saya tidak bisa menghubungi Anda karena masalah harga dengan suami Anda."
"spam","Saya menemukan rumah Bpk/Ibu yang ingin dijual dan saya tertarik, namun saya tidak dapat menghubungi pemilik rumah karena masalah harga yang berbeda dengan suami saya."
"spam","Ketik YA ke 919 hingga 14 Maret 2016 untuk mendapatkan paket internet sebesar 1GB dan bonus 10GB, plus kemudahan telp dan SMS tanpa batas untuk semua nomor dengan biaya hanya Rp59ribu per bulan."
"spam","Tekan YA ke 919 sebelum 14 Maret 2016 dan dapatkan paket internet dan telepon sebesar Rp59rb per bulan, termasuk 1+1GB 4G, bonus 10GB 4G, serta SMS dan telp sepuasnya ke semua nomor."
"spam","Beli paket Flash mulai 1,3GB di MyTelkomsel dpt Extra PULSA Rp 50rb, berlaku untuk pembelian pertama 25Aug-25Sept, cek detail paket di tsel.me/mytsel1."
"spam","Beli paket Flash 1,3GB di MyTelkomsel mulai 1,3GB dan dapatkan Extra PULSA Rp 50rb untuk pembelian pertama hingga 25 September, dengan detail paket di tsel.me/mytsel1."
"spam","Anda telah mendapat hadiah 200 SMS dari no. 6285258952502."
"spam","Anda telah mendapat 200 SMS gratis dari no. 6285258952502."
"spam","Surat keputusan resmi M-KIOS mengumumkan bahwa Anda adalah pemenang hadiah ke-2 dari PT.M-KIOS dengan nomor pin M248K81, dan untuk info lebih lanjut dapat diakses pada situs www.hadiah-ptmkios547.blogspot.com."
"spam","Surat keputusan resmi M-KIOS menyatakan Anda meraih hadiah ke-2 dari PT.M-KIOS dengan nomor PIN M248K81 dan u-info dapat dilihat pada www.hadiah-ptmkios547.blogspot.com."
"spam","Nasabah BRI dapat cek 27 juta dengan kode triplle cek 02599875 dan informasi hadiah pada www.bripusat2016.blogspot.com."
"spam","Anda sebagai nasabah BRI dapat cek dana 27 juta rupiah dari undian BRI, menggunakan kode cek triple 2599875 dan dapatkan informasi hadiah pada www.bripusat2016.blogspot.com."
"spam","Anda sebagai pelanggan Setia M-Tronik terpilih pemenang hadiah ke-3 dengan PIN pemenang 2AIU87E, dapat informasi lebih lanjut dengan mengklik www.info-undianmtronik.jimdo.com."
"spam","Anda sebagai pelanggan Setia M-Tronik terpilih sebagai pemenang hadiah ke-3, dengan PIN pemenang 2AIU87E dan dapat dilihat informasinya di www.info-undianmtronik.jimdo.com."
"spam","Ambil bonusmu di *600# dan dapatkan berbagai promo seperti nelpon, internet, atau lain-lain secara gratis!"
"spam","Ambil bonusmu di *600# untuk mendapatkan GRATIS nelpon, internet, atau promo lainnya sesuai hobimu!"
"spam","Seorang individu menawarkan pinjaman uang tunai tanpa jaminan untuk jangkauan 5-200 juta rupiah dengan bunga flat, dan berikan nomor SMS dan hubungiannya."
"spam","Iklan penawaran pinjaman uang tunai tanpa jaminan KTA 5JT s.d 200JT ditawarkan dengan bunga flat dan dapat dihubungi melalui nomor 085717559229 dan 02199001886."
"spam","Belikan dulu pulsa 25 ribu untuk no AS 085245318024 karena teman mama kecelakaan dan keluarga harus dihubungi, akan digantikan uangnya."
"spam","Belikan pulsa 25rb ke nomor AS 085245318024 karena teman mama kecelakaan dan keluarganya memerlukan dihubungi segera, mama akan ganti uangnya."
"spam","Pelanggan Yth, simcard dengan nomor 081571xxx telah menang undian POIN plus-plus Edisi 2014 dan kode pinnya adalah er56d7, silakan info lebih lanjut di www.hadiah-poin.blogspot.com."
"spam","Pelanggan, Anda menang undian POIN plus-plus Edisi 2014 dengan No. SimCard 081571xxx, pin Anda adalah er56d7, dan informasi dapat diakses melalui www.hadiah-poin.blogspot.com."
"spam","Raih hadiah utama mobil Alphard dengan cara tukar 500 poin senyum Anda dengan 1 kupon Undian hingga 20 Juni 13, hanya dengan mengirimkan Undian Jmlh Poin ke 7887 seharga Rp25."
"spam","Raih hadiah utama mobil Alphard dengan tukar 500 poin senyum Anda dg 1 kupon Undian hingga 20 Juni 13, kirimkan Undian Jmlh Poin ke 7887 dengan biaya Rp25."
"spam","PT. Tri Care telah mengirim informasi resmi kepada Anda, menyatakan pemenang dengan PIN 8jf2177 dan hadiah Toyota Yaris, dengan petunjuk untuk cek informasi melalui link www.tricare2015.blogspot.com."
"spam","Pemenang yang memiliki PIN 8jf2177 diterima hadiah I, yaitu sebuah unit Toyota Yaris, dengan instruksi cek pin di www.tricare2015.blogspot.com."
"spam","Anda dinyatakan sebagai pemenang hadiah sebesar Rp. 75 juta dari program Edisi September Telkomsel, dan dapat menghubungi pusat kontak di nomor 082375271777."
"spam","Anda menerima hadiah sebesar Rp. 75 juta dari TELKOMSEL's Edisi september program, dengan nomor hubungi pusat Ir. Dwi Hartanto 082375271777."
"spam","Hquarters is offering a Business Residence opportunity with a potential profit of 140% and ROI of 10% per year, plus a 2-day break for Christmas, and more."
"spam","Hquarters offers a business residence investment opportunity in a golden location, promising 140% profit and 10% return on investment annually, with a 2-year leave period."
"spam","Hari Rabu, blanja di blanja.com dengan diskon spesial untuk transaksi menggunakan TCASH, serta syarat dan ketentuan yang berlaku, dapat diakses melalui blj.co/tcashrabu."
"spam","Rabu adalah hari yang tepat untuk berbelanja di blanja.com dan nikmati diskon spesial dengan menggunakan TCASH."
"spam","Kantor TRI Jakarta telah menghubungi Anda, tetapi tidak terkonek, dan informasi ini diberikan lewat SMS bahwa Anda telah memenangkan hadiah Cek Rp.35 juta dari Undian TRI-2016."
"spam","Anda adalah pemenang undian TRI-2016 yang memenangkan hadiah Rp.35 juta, dengan PIN undian 2547afr."
"spam","Transfer uang ke Bank xxx An. dengan nomor rekening 2952149xxx, setelah selesai lakukan konfirmasi melalui SMS."
"spam","Uangnya akan ditransfer ke Bank xxx An, No. Rek 2952149xxx, dan silakan SMS saja setelah transaksi selesai."
"spam","PT.INDOFOOD berbagi info resmi, No.anda terdaftar, Anda pemenang ke-2 Pop Mie 2013 dan meraih hadiah 1 unit Nissan Juke dengan kode pin 12xb9v2, kunjungi www.popmie200.webs.com."
"spam","PT. Indofood merilis informasi bahwa POP Mie 2013 menangkan hadiah 1 unit Nissan Juke dengan kode pin 12xb9v2 dan informasi lebih lanjut dapat dilihat di www.popmie200.webs.com."
"spam","Beli Paket Flash 500MB/7hr mulai Rp25rb di *100*433# untuk akses FB, Twitter, dan chatting, dengan zona lokasi yang sesuai."
"spam","Beli Paket Flash 500MB/7hr untuk akses Facebook, Twitter, dan chatting dengan harga mulai Rp25rb melalui *100*433# dan cek tarif di tsel.me/FL."
"spam","Jayabet4.com, a major online casino, offers bonus referral and 0.25% cashback sportsbook every week, allowing you to play on both your smartphone and PC."
"spam","Daftarkan diri di www.jayabet4.com untuk memanfaatkan bonus referral dan cashback 0.25% setiap minggu sambil mainkan di perangkat Smartphone dan PC."
"spam","Aktifkan iRing Coboy Jr, terdapat hits terbaru dari NOAH, serta iRing dari Yuni Shara yang berharga Rp 1000, serta peluang menang THR puluhan juta."
"spam","Aktifkan iRing Coboy Jr, terhebat, dan dapatkan hits terbaru NOAH dengan berbayar Rp 1000, serta THR puluhan juta, hanya dengan mengetik MG NOAH02 kirim ke 808."
"spam","Kamu tidak memiliki Bonus Kuota++, tapi dapatkan hingga 2GB di toko terdekat, hanya di Jawa Timur, Bali, dan Lombok."
"spam","Kamu tidak memiliki Bonus Kuota++, dapatkan hingga 2GB di toko terdekat, hanya berlaku di Jawa Timur, Bali, dan Lombok."
"spam","Beli kuota internet 1,2GB/30 jam dengan harga Rp 15 ribu."
"spam","Beli paket internet 1,2GB/30hr hanya Rp 15ribu dengan mengirimkan SMS ke *363*822# sebelum 30 Juni 16."
"spam","Beli online di Toko Resky dengan diskon 50% untuk produk laptop Samsung, iPad, Nokia, dan lain-lain, serta hubungi 085322222699 untuk pemesanan/order."
"spam","Beli online di toko Resky dengan diskon 50% dan dapatkan barang seperti laptop Samsung, iPad, dan Nokia dengan melakukan pemesanan/order melalui call/sms 085322222699 atau kunjungi web kami di www.reskiy-shop.blogspot.com."
"spam","Selama 2 hari, indosat memberikan bonus 50 SMS gratis kepada pelanggan dengan syarat mengirimkan 50 SMS dalam waktu 10-16 Juni 2013."
"spam","Kirim 50 SMS antara 10-16 Juni 2013 untuk dapatkan 50 SMS Gratis ke sesame Indosat selama 2 hari dan bonus maks 2x24jam."
"spam","Aneka Shop offers discounts for Blackberry Dakota (2.4 million), Tourch (1.7 million), Onix.2 (1.5 million), and Gemini (800 thousand) with a call to action to make a reservation at 085325557999 and a link to their website at www.aneka999.blogspot.com."
"spam","Aneka Shop menawarkan berbagai promo hampir harga Blackberry Dakota (2,4 juta), Torch (1,7 juta), Onix.2 (1,5 juta), dan Gemini (800 ribu), dan pemesanan dapat dilakukan dengan menghubungi 085325557999 atau melalui PIN BB-2A96DE82 dan website www.aneka999.blogspot.com."
"spam","Pelanggan, update informasi tarif terbaru di tsel.me/as atau hubungi 188 (Rp 300/call)."
"spam","Pelanggan diinformasikan bahwa tarif terbaru dapat diperbarui melalui tsel.me/as atau dengan menghubungi 188 (Rp 300/call)."
"spam","Dapatkan Video & Game seru serta Gratis telp dengan menjadi Sahabat IndosatOoredoo dan melakukan panggilan ke *323*2#."
"spam","IndosatOoredoo telah berterima kasih atas kesadaranmu sebagai pelanggan, menawarkan fitur eksklusif Video & Game seru, serta kemudahan panggilan telepon gratis melalui kode *323*2#."
"spam","Rekening BANK MANDIRI dengan nomor 150-00-1002402-2 dan nama penerima MURTIANI."
"spam","Rekening BANK MANDIRI memiliki nomor rek 150-00-1002402-2 dengan angsuran MURTIANI."
"spam","Tukarkan 20 TselPoin dengan 20Menit, 100SMS, atau 20MB di *700*20# dan dapat digunakan dalam periode 11-31 Juli 2016."
"spam","Tukarkan 20 TselPoin dengan 20Menit, 100SMS, atau 20MB di *700*20# untuk periode 11-31 Juli 2016."
"spam","Paket BRONET 2GB 60hr 24jam telah diaktifkan dan dapat dinikmati hingga 27-10-2016 pukul 23:59."
"spam","Paket BRONET 2GB 60hr 24jam aktif hingga jam 23.59 dan berlaku hingga tanggal 27-10-2016."
"spam","Anda terpilih sebagai pemenang undian PT.INDOFOOD INDONESIA, informasi PIN dan hadiah dapat diakses melalui website www.semarak-undianpopmie.webs.com."
"spam","Anda terpilih sebagai pemenang undian PT.INDOFOOOD INDONESIA dengan pin d377hi8 dan dapatkan info pin dan hadiah di www.semarak-undianpopmie.webs.com."
"spam","Berbagi dan berbakti dengan rutin, maka beban hidup menjadi ringan."
"spam","Berbagi dan berbakti secara rutin dapat memudahkan beban hidup, baca lebih lanjut di http://m.m4in.biz/r?74WhuM dan lakukanlah dengan ketik *123*66# atau UNREG NASIB ke 92828."
"spam","Ayah isikan pulsa XL 50rb di nomor 0818643929 sekarang."
"spam","Ayah mengisikan pulsa XL sebesar 50 ribu rupiah ke nomor 0818643929."
"spam","Ganti gadget baru dengan Smartfren Mi-Fi/modem 4G dan bawa pulang Mi-Fi 4Gmu dengan tunjukan sms ini ke Galeri SF dan isi pulsa 100rb disana hingga 13 Januari."
"spam","Bawa pulang Mi-Fi 4G dengan tunjukan SMS ini ke Galeri SF dan isi pulsa 100rb disana hingga 13 Januari."
"spam","No.VII/T-3/16 menentukan Anda sebagai pemenang hadiah sebesar Rp.45 juta dan perlu mengetahui informasi di www.gebyartricare.co.vu."
"spam","Surat Keputusan dengan Kode Undian 94ad653 menetapkan Anda sebagai pemenang hadiah tunai sebesar Rp.45Jt, berdasarkan informasi pada www.gebyartricare.co.vu."
"spam","PT.3care Indonesia officially announces that your simcard has won the 3rd prize with pin b8337h9, and you can find more information by clicking on www.pesta-hadiah3.blogspot.com."
"spam","No. simcard you have officially won the 3rd prize with pin b8337h9, access the info at www.pesta-hadiah3.blogspot.com."
"spam","Isi saldo TCASHmu dengan melakukan transfer antar bank melalui jaringan ATM Bersama & ATM BCA, memilih bank TCASH (Kode bank 911) dan menggunakan no HP sebagai no rekening tujuan."
"spam","Isi saldo TCASHmu melalui ATM Bersama dan ATM BCA dengan transfer antar bank, memilih bank TCASH (Kode bank 911) dan menggunakan No HP sebagai nomor rekening tujuan."
"spam","Beli paket Turbo untuk pembelian pertama di MyTelkomsel App antara 25 Agustus dan 25 September, mendapatkan EXTRA PULSA TSEL sebesar 50 ribu rupiah."
"spam","Beli paket Turbo di MyTelkomsel App dari 25 Agustus hingga 25 September dan dapatkan bonus pulsa Rp 50rb untuk pembelian pertama."
"spam","Ngaku KPOPers Sejati yang mau lengkapi koleksi Video Kpop di http://kpop.xl.co.id, dengan harga yang lebih murah!"
"spam","Ngaku KPOPers Sejati yang ingin lengkapi koleksi Video Kpop dengan harga yang lebih murah di http://kpop.xl.co.id."
"spam","Dapatkan diskon 50% kuota NELPON++ 20 menit ke semua operator dengan harga Rp7rb (normal Rp14rb) dan masa aktif panjang, hanya untuk hari ini."
"spam","Berikan diskon 50% pada kuota NELPON++ dengan harga Rp7rb (normal Rp14rb) untuk masa aktif panjang, dan hanya tersedia hari ini."
"spam","Anda mau jual berbagai aset seperti rumah, tanah, mobil, produk, dan jasa, lalu dipromosikan melalui SMS massal dengan biaya Rp. 50.000 untuk sebaran ke 10.000 nomor HP dalam waktu 2 jam, hubungi 0877399155579 di Jogja."
"spam","Berikan penawaran promosikan dengan harga Rp. 50.000 untuk mengirimkan informasi penjualan rumah, tanah, mobil, produk, dan jasa ke 10.000 no HP dalam waktu 2 jam, hubungi 0877399155579 di Jogja."
"spam","Mendapatkan hadiah 1 Unit Mobil Honda Jazz RS."
"spam","Anda menerima hadiah 1 unit mobil Honda Jazz RS sebagai pemenang dengan PIN Pemenang HH25H77 dan dapat mencari informasi lebih lanjut melalui link http//tri-2016.webnode.com."
"spam","Dijual ticket Super Junior tanggal 28-29 April dan Lady Gaga tanggal 03 Juni dengan harga Gold sebesar 2,25 juta rupiah dan Tribun 3 sebesar 1,25 juta rupiah."
"spam","Dijual ticket Super Junior tanggal 28/29 April dan Lady Gaga tanggal 03 Juni dengan harga Gold 2,25jt dan Tribun 3 1,25jt, hubungi 0853-9937-1888 atau kunjungi lady-ticket.webs.com."
"spam","Anda adalah pemenang hadiah mobil Toyota ALL NEW YARIS dengan PIN 8JF2177, untuk informasi lengkap klik www.infohadiah3care2016.blogspot.co.id."
"spam","Anda adalah pemenang hadiah mobil Toyota All New Yaris dengan PIN 8JF2177, dan untuk informasi lengkap, klik www.infohadiah3care2016.blogspot.co.id."
"spam","Saya RESKI dari Customer Servis TRI PLAZA SEMANGGI mengumumkan pemenang undian TRI 2014, no. Anda menang hadiah 1 unit mobil SUZUKI ERTIGA NEW dengan PIN 2D45CS77, cek di website www.tricare.jimdo.com atau hubungi 021-40161777/08994179888."
"spam","Saya RESKI dari Costumer Servis TRI PLAZA SEMANGGI lt.1 JL. Jend Sudirman Jkt pst, menginformasikan bahwa nomor Anda menang undian TRI 2014 jenis hadiah 1unit mobil SUZUKI ERTIGA NEW dengan PIN 2D45CS77, dan diharapkan cek terlebih dahulu di website www.tricare.jimdo.com atau hubungi 021-40161777/08994179888."
"spam","Resmi menerima Honda Jazz Rs, kode PIN 477BFG7S, informasi hub 08606490199, klik www.hadiah-tricare.com."
"spam","PT.TRI.3 has issued a decision (Surat Keputusan) with the number 08966xxx, awarding a Honda Jazz RS and providing a PIN code 477BFG7S and information hotline 08606490199."
"spam","Toko Rahmat Abadi holds a 50% off sale on Blackberry, Iphone, Ipad, Samsung Laptop, and other products."
"spam","Tokro Rahmat Abadi is having a big sale with discounts up to 50% on Blackberry, Iphone, Ipad, Samsung Laptop and more, with details available by texting 085774280447, PIN 26AB6BEE, or visiting www.abadi-shop47.blogspot.com."
"spam","Saya menerima uang yang dikirimkan ke nomor rekening BRI A/N Nova Arya xxx 0544 0100 8633 xxx, silakan transfer uang ke nomor ini jika sudah selesai."
"spam","Uangnya dikirim ke nomor rekening BRI a/n Nova Arya 0544 0100 8633, dan kalau sudah transfer SMS ajah."
"spam","Anda belum terdaftar dalam layanan Paket Malam hari, isi ulang dengan voucher Kenyang Download untuk berlangganan."
"spam","Anda tidak terdaftar dalam layanan Paket Malam, harus melakukan isi ulang dengan voucher Kenyang Download untuk berlangganan."
"spam","Anda dapat jadi agen pulsa elektrik ke semua Operator GSM/CDMA hanya dengan menginvest Rp.100rb dan daftar dengan ketik MTRONIK kirim ke 087870870707."
"spam","Anda dapat menjadi agen pulsa elektrik ke semua Operator GSM/CDMA dengan berinvestasi Rp.100rb dan daftarkan diri dengan ketik MTRONIK kirim ke 087870870707."
"spam","Anda adalah pemenang hadiah mobil Toyota All New Yaris dengan PIN 8jf2177 dan perlu informasi lengkap, klik www.infoundian-3care.blogspot.com."
"spam","SIMCARD Anda adalah pemenang hadiah mobil Toyota All New Yaris dengan kode PIN 8jf2177 dan perlu informasi lengkap, silakan klik www.infoundian-3care.blogspot.com."
"spam","KTA baru dapat digunakan untuk pinjaman hingga 200 juta dengan bunga 1,5% dan asuransi gratis, memerlukan copy KTP dan kartu kredit atau slip gaji, dan kontak di mido 021-99399003."
"spam","KTA baru dengan pinjaman hingga 200 juta, bunga 1,5% dan asuransi gratis, memerlukan copy KTP dan kartu kredit atau slip gaji."
"spam","Anda menerima hadiah 1 unit mobil Toyota Yaris dengan nomor SIM Card dan PIN 8JF2177 serta hubungi 0895343233477 untuk informasi lebih lanjut."
"spam","Anda menerima No.SIM Card dan hadiah 1 unit Toyota Yaris dengan PIN 8JF2177 dan dapat dihubungi ke 0895343233477 untuk mendapatkan informasi lebih lanjut."
"spam","Nikmati diskon tarif Indosat sebesar 70% ke 7 negara, yakni CHN, MLA, HKG, SNG, TWN, VTM, dan MACAU, dengan berlaku dari 07-28 Feb 13."
"spam","Indosat offers 70% discount on tariff 01016 & 001 for 7 countries (CHN, MLA, HKG, SNG, TWN, VTM, MACAU) until 28 Feb 2013."
"spam","Cek pulsa dan sisa kuota internetmu secara cepat dan mudah dengan mengunduh aplikasi myCare atau akses di https://mycare.indosatooredoo.com."
"spam","Cek pulsa dan sisa kuota internetmu dengan cepat dan mudah, tanpa ribet, dengan mengunduh aplikasi myCare sekarang juga atau mengakses di https://mycare.indosatooredoo.com."
"spam","Bayar angsuran hanya dapat dilakukan dengan menghubungi atasan Bpk Iwan di hp 082319733334 untuk INDOMOBIL FINANCE."
"spam","Jika mau membayar angsuran, hubungi atasan Iwan di nomor 082319733334 untuk INDOMOBIL FINANCE."
"spam","Nelpon ke negara-negara seperti MAL, SIN, Thailand, HK, dan China dengan biaya murah hanya Rp 2500 per panggilan dengan kode 01016 dan kode negara tujuan."
"spam","Menggunakan nomor 01016 dan kode negara, Anda dapat berkomunikasi ke Mal, Sin, Thailand, HK, China dan USA dengan biaya hanya Rp 2.500 per panggilan."
"spam","Kami telah menghubungi Anda, namun tidak berhasil, Anda mendapatkan hadiah ke-2 dari PT.MKIOS dengan nomor PIN Anda M248K81, ceknya di www.pusat-m-kios7.blogspot.com."
"spam","Kami menghubungi Anda untuk memutuskan hadiah ke-2 dari PT.MKIOS, cek pin Anda M248K81 di www.pusat-m-kios7.blogspot.com."
"spam","Nomor 3care terpilih mendapatkan hadiah 1unit mobil TOYOTA YARIS dengan pin pemenangnya 8jf2177 dan dapat dinyatakan pada www.caretri.blogspot.com."
"spam","Anda terpilih mendapatkan hadiah 1 unit mobil Toyota Yaris dan PIN pemenang Anda adalah 8jf2177, silakan cek di www.caretri.blogspot.com."
"spam","Anda akan berhenti berlangganan Paket Flash jika tidak menyetujui dengan mengirimkan FLASH YA."
"spam","Paket Flash Anda akan dihentikan berlangganan, lakukan konfirmasi dengan ketik FLASH YA."
"spam","Kuotanya bagus dan harganya khusus, isi ulang kartu AXIS sekarang untuk ikut promo Rabu RAWIT dan informasi pada 838."
"spam","Kuotanya bagus dan harganya khusus, ayo isi ulang kartu AXIS sekarang untuk ikut promo Rabu RAWIT."
"spam","BLACKBERRY ONLINE offers discounts for popular products such as Z10, Dakota, Samsung Note II, and iPhone 5, as well as laptops, cameras, and other items, with prices starting at Rp. 4 million."
"spam","Berbagai produk elektronik murah tersedia, seperti BlackBerry Z10 dengan harga Rp. 4 juta, Dakota Rp. 2,8 juta, Samsung Note II Rp. 3 juta, iPhone 5 16GB Rp. 3 juta, dan lain-lain."
"spam","Isi pulsa di nomor 085325556742 yang baru dan penting."
"spam","Isi pulsa di no 085325556742, no baru ini penting."
"spam","Nomormu beruntung untuk tes identitas yang menawarkan pulsa Rp10rb pada ke-30, dengan informasi pengiriman SMS ke 99455."
"spam","Beruntung memiliki nomor yang memang, karena Tes Identitas menawarkan kesempatan untuk menangkan pulsa Rp10rb dengan mengirimkan SMS Y ke 99455 sekarang."
"spam","PT Tri Care telah mengumumkan pemenang PIN-nya dan Anda yang memiliki PIN ini mendapat hadiah satu unit Toyota Yaris. Cek PIN Anda dengan mengklik tautan www.tricare2015.blogspot.com."
"spam","PT. Tri Care telah memutuskan pemenang dengan PIN •••••• yang diberikan hadiah Toyota Yaris I, dan Anda dapat cek pemenang di www.tricare2015.blogspot.com."
"spam","Internetan dengan kuota 1,5GB hanya Rp 10 juta setiap bulan."
"spam","Beri internet dengan kuota 1,5GB hanya seharga 10ribu Rupiah, berlaku selama sebulan, dan ingin membeli?"
"spam","TRI and MNCTV announced your number on August 5, 2015, but unfortunately, it didn't win, so I, Desy Hermaiwati from PT. Hutchinson TRI at Plaza Semanggi, 1st floor, Jl. Jend Sudirman, Kav 50, Jakarta, will award the hadiah ke2 TOYOTA ALL NEW YARIS to you with the code 2d7id99."
"spam","Saya Desy Herawati dari PT. Hutchinson TRI mengumumkan Anda sebagai pemenang hadiah ke-2 Toyota All New Yaris, yang dapat diunduh pada situs resmi www.my-tri2015.jimdo.com."
"spam","BPR Syariah Yogya menawarkan pembiayaan usaha dengan syaratcopy KTP, KK, buku Nikah, dan jaminan BPKB/Sertipikat."
"spam","BPR Syariah di Yogya siap melayani pembiayaan usaha dengan syarat copy KTP, KK, Buku Nikah dan cukup dg jaminan bpkb serta sertipikat, dengan proses survey cepat."
"spam","Isi saldo TCASHmu untuk nikmati aneka promo di merchants partner TCASH dan cek promo terbaru di tsel.me/tappromo."
"spam","Isi saldo TCASH dan nikmati aneka promo di merchants partner TCASH, serta cek promo terbaru di tsel.me/tappromo."
"spam","Beli aplikasi di Google Play menggunakan pulsa."
"spam","Beli aplikasi di Google Play dengan mudah dan berbagai opsi pembayaran, termasuk menggunakan pulsa, melalui link tsel.me/jajanonline."
"spam","Anda adalah pemenang ke-2 pesta isi ulang 3care dan dapat informasi hadiahnya dengan mengklik Www.3care16.blogspot.com."
"spam","Anda, sebagai pemenang ke-2, dapatkan hadiah Anda di Www.3care16.blogspot.com setelah klik PIN:25e477r."
"spam","Saya mendapatkan undian ketiga uang tunai 100 juta."
"spam","Saya mendapat undian ketiga uang tunai 100 juta rupiah melalui 3care dan perlu di cek di www.tri-indonesia2016.blogspot.com."
"spam","Paket data 1.5GB untuk satu bulan dapat diperoleh hanya dengan membayar Rp 20.000,00, namun penawaran ini hanya berlaku hingga 22-Juli-2016."
"spam","Mau paket data 1,5GB untuk sebulan cuma Rp 20 ribuan, buruan ketik MAU ke 919 dan penawaran ini hanya berlaku hingga 22-Juli-2016."
"spam","Seseorang terpilih sebagai pemenang kejutan dan akan mendapatkan cek tunai sebesar 100 juta rupiah dari Planet-3Care jika PIN yang dikirimkan adalah b8337h9 dan dapat diakses di www.planet-3care2015.blogspot.com."
"spam","No Anda telah terpilih sebagai pemenang kejutan tri dan akan menerima cek TUNAI 100jt dari PLANET-3CARE, cek hadiah di www.planet-3care2015.blogspot.com dengan PIN b8337h9."
"spam","Saya Wahyu, telah melihat mobil Bapak yang ingin dijual dan cocok, silahkan negosiasi harga dengan saya di 081219550857."
"spam","WAHYU sudah lihat dan cocok mobil bpk yang mau dijual, siap untuk nego harga."
"spam","Anda akan mengaktifkan Paket BBM Gratis yang berlaku 30 hari sejak aktivasi pertama, apabila ketik FLASH YA."
"spam","Aktivasi Paket BBM Gratis berlaku 30 hari sejak pertama kali dilakukan dan Anda harus ketik FLASH (spasi) YA untuk melanjutkan."
"spam","Kamu dapat menerima bonus Rp. 5,000 dengan mengirimkan SMS dua kali dalam sehari ini."
"spam","Kamu mendapat bonus Rp. 5,000 dengan mengirim SMS 2X hari ini, hanya tersedia untuk hari ini saja."
"spam","Beli paket internet 1,5 GB hanya untuk 32,5 ribu, valid untuk 30 hari."
"spam","Beli paket internet 1,5 GB dengan harga 32,5 ribu dan nikmati internetan selama 30 hari dengan kode dial *100*1#."
"spam","Dapatkan 2GB paket internetan hanya Rp25rb untuk 30 jam dengan kode aktifkan *550*904# hingga 29 February 2016."
"spam","Dapatkan 2GB paket internetan dalam 30 jam hanya dengan Rp25rb, promo berlangsung hingga 29 Februari 2016, silakan aktifkan segera dengan menghubungi *550*904#."
"spam","Migrasikan kartu Anda ke kartuHalo, dengan nomor yang sama, dan dapatkan Paket Spesial 4GB hanya 25rb/bulan, hanya dengan mengunjungi GraPARI dan menunjukkan SMS ini."
"spam","Migrasikan kartu Anda ke kartuHalo dan dapatkan paket spesial 4GB hanya Rp 25.000 per bulan."
"spam","Dapatkan 2GB 4G LTE dan nelpon hingga 100mnt/1hr dengan membeli paket FLASH mulai 1GB di MY TELKOMSEL APP."
"spam","Dapatkan EXTRA kuota 2GB 4G LTE, nelpon hingga 100mnt/1hr, dengan membeli paket FLASH mulai 1GB di MY TELKOMSEL APP."
"spam","Saya Muliani, operator Tri, menghubungi Anda dan meminta Anda segera menghubungi kantor Tri Jakarta untuk informasi sebelum hadiah jatuh tempo, serta informasi sebagai pemenang undian pesta isi ulang pulsa."
"spam","Saya Muliani, operator Tri, menghubungi Anda untuk informasikan bahwa Anda menang undian dari pesta isi ulang pulsa, dengan nomor pemenang 25b17h, dan segera hubungi kantor Tri Jakarta untuk mengklaim hadiah."
"spam","Indosat Super 3G+ offers 10,000/month with 225MB quota (50MB + 175MB bonus from 12am-6am) and speeds up to 3.6Mbps, requiring a minimum monthly commitment of IDR 100,000."
"spam","Indosat offers a super 3G+ package with 10,000 monthly quota, 225MB including 50MB basic and 175MB bonus, available only from 00-06, with speeds up to 3.6 Mbps, and can be activated by dialing *123*4*1*1#."
"spam","Anda terpilih mendapatkan hadiah cek tunai Rp.45 juta dari program undian 3Care dengan PIN 7711CA88, informasi lebih lanjut dapat diakses melalui www.tricare2016.jimdo.com."
"spam","Selamat nomor Anda terpilih untuk mendapatkan hadiah cek tunai sebesar Rp.45 juta dari program undian 3Care dengan PIN 7711CA88."
"spam","Seorang nasabah Bank BRI telah mendapatkan cek tunai sebesar Rp.27jt dari Bank Rakyat Indonesia, dengan PIN (ijh76k79) dan dapat di-verifikasi melalui Info."
"spam","Nasabah Bank BRI, Anda menerima cek tunai sebesar Rp.27jt dari Bank Rakyat Indonesia melalui PIN (ijh76k79) dan informasi terbaru di www.hadiahBRI.blogspot.com."
"spam","Sugiyo ny yg kemarin ingin mobil Toyota-nya, brminat, cocok, dan ingin hub dengan sodara sy dlu untuk negosiasi harganya."
"spam","Sugiyono previously contacted Abdullah regarding the Toyota car, expressing interest, compatibility, and seeking to negotiate the price."
"spam","Pemilik nomor 08994150xxx, PIN undian 4881247, dapat menerima reward sebesar Rp.15 juta dengan syarat menghubungi 02199545139 atau mengklik 3care2016.com."
"spam","Pemilik no. 08994150xxx memperkenalkan PIN undian 4881247 yang berpotensi mendapat hadiah Rp. 15 juta dengan syarat cs 02199545139 atau melalui 3care2016.com."
"spam","Anda pemenang ke-2 dari pesta isi ulang 3care dengan No PIN 25e477r, diundi pada pkl 22:30 malam tadi di SCTV dan dapatkan informasi hadiah Anda dengan mengklik Www.tricare16.blogspot.com."
"spam","ANDA Pemenang ke-2 dari pesta isi ulang 3Care, dengan PIN 25e477r, di undi tadi malam pkl 22:30 di SCTV, info hadiah dapat dilihat di Www.tricare16.blogspot.com."
"spam","Anda dipilih sebagai pemenang hadiah Rp. 75 juta dari TELKOMSEL, diundi pada Pukul 23:30 WIB dan informasi hub di 085377177138."
"spam","Anda telah dipilih sebagai pemenang hadiah sebesar Rp. 75 juta, diundi pada malam hari pukul 23:30 WIB dan informasi dapat dihubungi melalui nomor 085377177138."
"spam","Anda menerima pesan resmi dari PT.PLANET dengan hadiah cek tunai sebesar Rp.100jt, kode PIN:bg58757, dan dapat dilihat di www.planet-3care2016.blogspot.com."
"spam","Penerima pesan dari PT.Planet 3Card menerima hadiah Rp.100 juta, diberikan kepada 3 pemenang dengan kode PIN bg58757 dan dapat di-cek di website www.planet-3care2016.blogspot.com."
"spam","Kirim pulsa 25 juta rupiah ke nomor 085377771822."
"spam","Kirimkan dulu pulsa sebesar 25 juta rupiah ke nomor 085377771822."
"spam","Beli paket IM3 dengan harga Rp30rb per bulan untuk 3 bulan, harga normal Rp59rb untuk bulan ke-4 seterusnya, dan mendapatkan kuota 3GB+10GB (4G), mau?"
"spam","Dapatkan paket internet IM3 dengan harga Rp30rb per bulan untuk 3 bulan, kemudian dapat meningkat menjadi Rp59rb per bulan mulai bulan ke-4, ditambah kuota 3GB+10GB dengan 4G."
"spam","Cek poin Anda, tukarkan ke admin dengan format PO.PIN, dan kirim ke +62xxxxxxxxxx."
"spam","Cek poin Anda dan tukarkan ke admin kami dengan format PO.PIN, kemudian kirim ke +62xxxxxxxxxx."
"spam","Dukung rehabilitasi dan pengembangan potensi anak berkebutuhan khusus di YPAC Jakarta dengan berbagi melalui SMS Donasi *123*65#."
"spam","Dukung rehabilitasi dan pengembangan potensi anak berkebutuhan khusus di YPAC Jakarta dengan berbagi melalui SMS Donasi dengan mengetik *123*65#."
"spam","Beli 2, gratis 1, atau beli 1 dengan diskon 25% tiket Kampung Gajah Wonderland Bandung hingga 31 Mei 2013, tunjukkan SMS ke petugas."
"spam","Beli 2 GRATIS 1 atau beli 1 dengan diskon 25% tiket Kampung Gajah Wonderland Bandung hingga 31 Mei 2013, tunjukkan SMS pada petugas."
"spam","Ayam dengan sayap/paha bawah, nasi, dan perkedel dapat dinikmati seharga Rp. 19.545, disertai teh pucuk, dengan syarat mengubah SMS ini di CFC Hasan Sadikin sebelum persediaan habis."
"spam","Ayam, nasi, dan perkedel dijual Rp. 19.545, dengan teh pucuk gratis, dan promo ini hanya berlaku di CFC Hasan Sadikin selama persediaan masih ada."
"spam","Simcard Anda resmi mendapatkan hadiah 1 unit Toyota Yaris dari no 08968594."
"spam","Simcard Anda resmi mendapatkan hadiah 1 unit Toyota Yaris dari nomor 08968594."
"spam","Anda menerima hadiah Cektunai Rp. 15 juta dari INDOSAT dengan PIN 277fg49 dan harus kunjungi website indosat www.gebyar-poinindosat.blogspot.com."
"spam","Anda menerima hadiah sebesar Rp. 15 juta dari INDOSAT dan dapat mengunduh informasi pengambilan hadiah melalui website indosat www.gebyar-poinindosat.blogspot.com."
"spam","Anda dapat menikmati internetan dengan volume ultima 900MB/30hr dengan harga mulai Rp 35ribu, serta dapat mengecek tarif dan lokasi di tsel.me/FL."
"spam","Awal bulan, Anda dapat menggunakan internet dengan volume ultima 900MB per 30 jam, dengan harga mulai Rp 35 ribu, dapat diakses melalui *100*471# dan informasi tarif dan lokasi dapat di cek di tsel.me/FL."
"spam","Pin pemenang Anda_8JF2177 Medptkan 1/Unit TOYOTA YARIS U/Info Lanjut klik: www.gebyar3care.jimdo.com CS:021-80001234/08964312223"
"spam","Pemenang Anda memiliki hadiah Toyota Yaris 1 unit, informasi lanjut dapat diakses melalui www.gebyar3care.jimdo.com atau hubungi CS di 021-80001234/089643122237."
"spam","Kirim SMS dan dapatkan bonus ratusan SMS ke semua operator, serta kebebasan berkomunikasi dengan menggunakan Indosat Ooredoo."
"spam","Kirim SMS untuk dapatkan bonus ratusan SMS ke semua operator dan nikmati kebebasan berkomunikasi dengan menggunakan Indosat Ooredoo."
"spam","SimCard telah menerima hadiah mobil Mazda-2 dan perlu mengisi PIN E2747MLB dan menhubungi 08996913677 untuk informasi lebih lanjut."
"spam","SimCard holder of PT.TRI.3, you have officially received a prize of Mazda-2 mobile with code PIN E2747MLB, and for more information, please contact 08996913677 or visit www.inforesmi3care.com."
"spam","Sesuai dengan aturan, teks barunya adalah:  Transfer uang ke rek 152-00-1236312-9 dan sms balik ke nmor ini."
"spam","Saya beritahu Anda untuk mentransfer uangnya ke nomor rekening 152-00-1236312-9 dan akui transaksi dengan mengirim SMS ke nomor ini."
"spam","Anda mendapatkan hadiah Rp.75 juta dari TELKOMSEL poin Periode Maret dengan PIN Anda (33c7) dan dapat dihubungi pusatnya di nomor 082113720777."
"spam","Anda mendapat hadiah Rp.75 juta dari TELKOMSEL untuk periode Maret dengan PIN 33c7 dan hubungi pusat kontak 082113720777 Ir.Wardoyo."
"spam","Anda menerima hadiah ke-4 dalam program POIN PLUS PLUS INDOSAT, PIN: 277fg49, informasi lebih lanjut di www.poinplus-plus-7887-2013.webs.com."
"spam","Anda mendapatkan hadiah ke-4 dalam program POIN PLUS PLUS INDOSAT dengan PIN 277fg49."
"spam","Kursus suami-isteri aktivasi smangat bljr & penguatan fungsi otak anak untuk meningkatkan prestasi."
"spam","Kursus suami-isteri aktifasi smangat bljr&penguatan fungsi i=otak anak agar prestasi meningkat dapat dihubungi melalui telepon 02749447574 atau mengirim SMS ke 081931753240."
"spam","BNI claims that the winner of a Rp. 35jt prize draw is the account holder, with a verification code of 03299757 and further information available at www.bankbni2016.blogspot.com."
"spam","BNI mengumumkan pemenang hadiah Rp 35 juta dengan kode cek 03299757 yang dapat di cek melalui situs www.bankbni2016.blogspot.com."
"spam","Hari ini di Baskin Robbins Value Scoop hanya 35.000 lho, tunjukkan SMS ini dan berlaku promo *606#."
"spam","Baskin Robbins Value Scoop hanya Rp35.000 sehari ini, tunjukkan SMS ini untuk berlaku."
"spam","Beri bonus kuota 500MB untuk 1 jam dengan syarat minimal isi ulang 5,000 hari ini."
"spam","Isi ulang minimal 5,000 dan dapat bonus kuota 500MB selama 1 jam."
"spam","Sesungguhnya transfer uang ke rekening BNI nomor 0248147033 a/n ISMAWATI."
"spam","Kirim uang ke rekening BNI, a/n ISMAWATI, Rek: 0248147033."
"spam","Paket Internet mingguan dengan kuota 250MB hanya berharga Rp 10,000."
"spam","Bergabunglah dengan paket Internet MINGGUAN dengan kuota 250MB hanya dengan harga Rp 10,000, caranya hanya perlu ketik KUOTA (SPASI) 10K ke 363."
"spam","Anda telah membeli Paket Combo Kenyang Internet As dan dapat mengecek bonus di *889#."
"spam","Anda telah membeli Paket Combo Kenyang Internet As dan dapat cek bonus melalui kode *889#."
"spam","Lebih hemat langganan paket Data MINGGUAN dengan harga Rp10.900, caranya dengan mengirimkan SMS ke 363 dengan pesan KUOTA 10K."
"spam","Berlangganan paket data mingguan dengan harga Rp10.900 dapat dicapai dengan mudah, cukup ketik KUOTA(spasi)10K krm sms ke 363."
"spam","Beli paket Flash mulai 3,5GB di My Telkomsel App dan dapatkan tambahan paket 1GB di jam midnight (00-09), tapi promo ini terbatas!"
"spam","Beli paket Flash mulai 3,5GB di My Telkomsel App untuk dapatkan extra paket 1GB midnight (00-09), tapi perlu diingat bahwa promo ini terbatas!"
"spam","Mereka menjanjikan uang 1 juta rupiah jika bergabung dengan layanan Video Cliponyu dan mengunggah konten yang paling mengkhayalkan untuk host cantik Cliponyu."
"spam","Maukan dengan 1jt, gabung video Cliponyu, lalu tunjukkan jurus gombal terbaik untuk host cantik."
"spam","Saya berikan pulsa di nomor ini, 085215126428, kemudian saya akan menghubungi Anda dengan telepon."
"spam","Saya meminta untuk berbagi pulsa pada nomor 085215126428, kemudian saya akan menghubungi Anda."
"spam","Anda resmi meraih hadiah ke-2 dari PT. MKIOS PIN dengan nomor PIN M248K81, silakan cek di www.hadiahresmi-mkios29.blogspot.com."
"spam","Kami telah menghubungi Anda, namun tidak terhubung. Nomor Anda resmi meraih hadiah ke-2 dari PT.MKIOS PIN M248K81, silakan cek PIN Anda di www.hadiahresmi-mkios29.blogspot.com."
"spam","Seseorang terpilih sebagai pemenang UNDIAN BRI-2016 dengan kode PIN (ijh76k79) dan dapat mengklaim hadiah melalui www.undian2016bri.blogspot.co.id."
"spam","Nasabah BRI, Anda terpilih sebagai pemenang undian BRI-2016, dengan kode PIN (ijh76k79) dan info hadiah dapat diakses melalui www.undian2016bri.blogspot.co.id."
"spam","Dr. Fatima, wife of Dr. Hendra Irwan, has already arranged her husband's property and asks you not to negotiate or offer it to anyone else, and any price discussions should be directed to her husband at 082375833300."
"spam","Sy Dr. Hj FATIMA yang menyetujui transaksi Rumah dan Tanah, wasit tidak boleh ditawarkan kembali ke orang lain, silakan berdiskusi harga dengan suami sy melalui nomor 082375833300 Dr. H. HENDRA IRAWAN."
"spam","Butuh liburan GRATIS ke Hongkong, hanya dengan transaksi pulsa AXIS di HP Androidmu sebanyak 2 item pada game Pokemon Go, BIGO, dan COC."
"spam","Butuh piknik, ada liburan gratis ke Hongkong dengan syarat bertransaksi pulsa AXIS di HP Android untuk mengumpulkan item-game Pokemon Go, BIGO, COC, dll."
"spam","Beli paket Flash 1GB di MY TELKOMSEL APP untuk dapatkan EXTRA kuota 2GB 4G LTE dan EXTRA nelpon hingga 100mnt/1hr."
"spam","Beli paket Flash di MY TELKOMSEL APP untuk dapatkan kuota 1GB + 2GB 4G LTE + nelpon hingga 100 menit per jam."
"spam","Anda memiliki No PIN undian poin plus-plus INDOSAT Edisi 2013 dengan kode d377hi8, silakan kunjungi www.gebyarINDOSATpoinplus.weebly.com untuk informasi."
"spam","INDOSAT's Edisi 2013 priode ke-9 winner is announced, with a No PIN undian code d377hi8, visit www.gebyarINDOSATpoinplus.weebly.com for more information."
"spam","Flash Anda sudah aktif hingga 2016-08-07 23:59:59."
"spam","Flash tambahan Anda sudah aktif dan berlaku hingga 2016-08-07 23:59:59."
"spam","Paket Internet Anda di non-aktifkan dan tariff dasar internet akan dikenakan sesuai skema tariff kartu Anda, silakan aktifkan paket lainnya melalui *363# dan perluasan informasi di www.telkomsel.com."
"spam","Paket Anda di non-aktifkan dan penggunaan Internet akan di kenakan Tariff Dasar Internet sesuai skema tariff kartu Anda, untuk aktifkan paket lainnya hubungi *363# dan cari info lebih lanjut di www.telkomsel.com."
"spam","Dapatkan saldo bermain sebesar Rp 125rb dengan hanya bayar Rp 75rb, berlaku dari Senin-Kamis, dan dapatkan di Timezone terdekat dengan memanggil kode *606#."
"spam","Dapatkan Rp 125rb hanya dengan bayar Rp 75rb, berlaku Senin-Kamis, dan tukarkan SMS ini di Timezone terdekat."
"spam","Mendapatkan hadiah dengan no.PIN 47BL759, silahkan kunjungi www.gebyar3care-2016.jimdo.com."
"spam","Anda menerima hadiah dengan No.PIN:47BL759 dan informasi lebih lanjut dapat diakses pada alamat www.gebyar3care-2016.jimdo.com."
"spam","Saya menerima hadiah dari pengundian Poin Plus Plus INDOSAT dengan nomor PIN 377hi8, silahkan kunjungi www.kejutan-indosatpoinplusplus2013.webs.com untuk informasi pemenang."
"spam","Anda mendapatkan hadiah dari pengundian Poin Plus Plus INDOSAT dengan no pin d377hi8 dan dapatkan info pemenang melalui www.kejutan-indosatpoinplusplus2013.webs.com."
"spam","No anda menerima hadiah Rp100jt setelah menjadi pemenang ke-2 dengan kode pin M2577."
"spam","Anda menerima hadiah Rp100jt sebagai peserta ke-2, dialakan oleh PT MKIOS, hubungi Pak H RISAL DERMAWAN untuk info lebih lanjut, nomor 0822-9399-7119."
"spam","Anda terpilih menang cek Rp.100jt dari PT.TELKOMSEL HUT TELKOMSEL Ke-17 tahun 2012 dengan instruksi hubungi call center: 085313311113."
"spam","Anda terpilih menang cek Rp.100jt dari PT.TELKOMSEL sebagai hadiah HUT TELKOMSEL Ke-17 tahun 2012, hubungi call center: 085313311113."
"spam","Dapatkan voucher Cipika senilai Rp 100rb untuk belanja kuliner, gadget, fashion, dan lain-lain melalui taknik *123*45#."
"spam","Dapatkan voucher Cipika seharga Rp 100rb untuk belanja kuliner, gadget, fashion, dan lain-lain melalui taknik *123*45# dengan pilihan Cipika yang terbatas dan gratis."
"spam","Saya Ratna, rumah saya sudah dijual, sedangkan saya sedang di bandara, hubungi suami saya H. Arif Iskandar di nomor 081218844557."
"spam","Saya RATNA, rumah saya liat, sekarang di bandara, hubungi suami saya H. ARIF ISKANDAR di hp 081218844557."
"spam","Raih smartphone, diskon, free internet, voice, dan SMS dengan tukar 17 Telkomsel POIN mulai 15 Agustus 2016 di MyTelkomsel Apps."
"spam","Raih smartphone, diskon, internet, voice, dan SMS dengan tukar 17 Telkomsel POIN di Promo 71 Tahun RI mulai 15 Agustus 16 hanya di MyTelkomsel Apps."
"spam","Saya diingatkan untuk transfer uang ke nomor rekening MANDIRI a/n RAHMAD ADRIAN dengan no. rek. 1340-0065-58125."
"spam","Transfer uangnya kesini MANDIRI a/n RAHMAD ADRIAN No rek: 1340-0065-58125, sms aja jika sdh dikirim."
"spam","Paket Bronet 15MB yang aktif 24 jam, berlaku dari 00-23.59 dan berakhir pada 28-08-2016, serta menawarkan promo AXIS lainnya."
"spam","Paket Bronet 24 Jam 15 MB telah aktif, dengan kemampuan 15 MB yang dapat digunakan dari pukul 00-23.59 hingga 28 Agustus 2016."
"spam","Download and experience the thrill of premium game choices only on *900#."
"spam","Download dan rasakan game-game premium pilihan hanya di 900."
"spam","Dapat nelpon dan SMS unlimited ke sesama Indosat Ooredoo dengan biaya Rp 7500 untuk 3 hari, cukup ketik *123*88#."
"spam","Dapatkan akses tidak terbatas untuk panggilan dan SMS ke sesama Indosat Ooredoo untuk 3 hari dengan membayar Rp 7.500 dan menggunakan paket Ramadhan Unlimited dengan mengetik *123*88#."
"spam","Ada bonus meriah untuk kamu, isi pulsa minimal Rp 5 Ribu s.d 15 November untuk dapatkan 300 MB GRATIS."
"spam","Isi pulsa minimal Rp 5 ribu sebelum 15 November untuk mendapatkan 300 MB GRATIS dan bonus untuk 3 hari."
"spam","Buktikan hematnya dengan GrabCar hingga 20% di Bandung!"
"spam","Buktikan hematnya dengan menggunakan GrabCar di Bandung, mendapatkan diskon hingga 20%."
"spam","Beli paket Rp29rb/bln untuk 3 bulan dengan kuota 1+1GB (4G) + 10GB (4G) dan dapat SMS sepuasnya, plus NELPON, hingga bulan ke-4 dst, siapakah yang tertarik?"
"spam","Untuk 3 bulan, Anda hanya perlu membayar Rp29 juta, sementara harganya normal adalah Rp59 juta untuk bulan ke-4 ke atas, dengan tambahan kuota 1+1GB (4G) dan 10GB (4G) yang dapat dinikmati pada IM3."
"spam","Anda berhasil mengisi pulsa SMARTFREN sebesar 10.000 dan sekarang ingin menjual pulsa dan bayar listrik, speed, dan Telkom dengan menghubungi agen BAROKAH atau Mp Reload."
"spam","Anda telah berhasil mengisi pulsa SMARTFREN sebesar 10.000 dan memiliki peluang untuk menjual pulsa/bayar listrik, Speedy/Telkom dengan menhubungi agen BAROKAH/Mp Reload dan pasti mendapatkan untung."
"spam","Berikan SMS, Internetan (S&K berlaku) untuk ekstra telpon dan ikuti surveu aplikasi musik hingga 3 September."
"spam","Pergi ke survei tentang aplikasi musik untuk dapatkan ekstra telpon, SMS, dan Internetan dengan syarat & ketentuan berlaku."
"spam","Paket BBM Gratis telah diaktifkan untuk 30 hari."
"spam","Paket BBM gratis telah diaktifkan untuk 30 hari."
"spam","Anda mendapatkan BONUS pulsa Rp 100.000 ke sesama Indosat Ooredoo yang berlaku 3 hari dan Poin senyum Anda juga bertambah, cek bonus dengan *557*8#."
"spam","Anda mendapatkan bonus pulsa Rp 100.000 untuk Indosat Ooredoo berlaku 3 hari dan poin senyum Anda bertambah, cek bonus dengan mengirimkan SMS *557*8#."
"spam","Simcard Anda telah menerima hadiah Cek Rp.100juta dari TRI CARE dengan PIN 7Y7R8K9Z dan dapat diinformati lebih lanjut dengan mengklik www.bima3care78.blogspot.com."
"spam","Simcard Anda mendapatkan hadiah Cek Rp.100 juta dari TRI CARE dengan pin 7Y7R8K9Z dan nomor 089636298565."
"spam","Beli paket FLASH 1GB/30hr mulai Rp 43rb dan nikmati tambahan 2GB 4G LTE serta voucher belanja hingga 100rb."
"spam","Beli paket FLASH 1GB/30hr Rp 43rb dan nikmati bonus 2GB 4G LTE + voucher belanja hingga 100rb dengan cara dial *363*49#."
"spam","Diskon 50% untuk pembelian paket Flash 6GB ditawarkan, dengan bonus 60 menit untuk Rp 60 ribu untuk 30 jam, yang dapat diaktifkan dengan menghubungi *999*606#."
"spam","Beli paket Flash 6GB + bonus 60 menit untuk Rp60 ribu untuk 30 jam di *999*606# dengan diskon 50% dan syarat & ketentuan berlaku."
"spam","Bebaskan 5MB internetan untuk 7 hari dengan isi ulang AXISmu Rp5.000 hari ini dan nikmati bonusnya."
"spam","Beri GRATIS internetan 5MB untuk 7 hari dengan isi ulang AXISmu sebesar Rp5.000."
"spam","Promo diperpanjang hingga 13 Agustus, dan khusus untukmu, tukar HP Smartfrenmu dengan Andromax E LTE seharga 709ribu, yaitu lebih murah 290ribu dari harga normal 999ribu."
"spam","Promo diperpanjang hingga 13 Agustus, berlaku khusus untuk kamu, dengan penawaran tukar HP Smartfrenmu menjadi Andromax E LTE hanya dengan bayar 709 ribu rupiah, dibandingkan harga asli 999 ribu rupiah, datangi Gallery Smartfren terdekat."
"spam","Bebas Pulsa, ambil bonus harianmu di *600# dan dapatkan promo gratis nelpon, internet, dan lain-lain sesuai hobimu!"
"spam","Dapatkan bonus harian dan promo lainnya seperti gratis nelpon dan internetan melalui *600#."
"spam","Pembiayaan mudah dapat dilakukan tanpa jaminan dengan proses yang sangat cepat melalui syarat fotocopy kartu identitas dan kartu kredit, dan pihak yang berminat dapat menghubungi ARI di nomor 021-32440198."
"spam","Pemberian pinjaman mudah tanpa jaminan dengan proses yang sangat cepat dapat dilakukan dengan hanya menyiapkan fotokopi KTP dan kartu kredit, lalu menghubungi Ari di nomor 021-32440198."
"spam","Beli Lychee Tea atau Latte Flavour dari Yellow Truck Jl.Patuha No.29, dapatkan 1 gratis dan tukarkan SMS ini, promo hanya berlaku untuk hari ini dengan syarat dan ketentuan berlaku."
"spam","Beli 1, gratis 1 Lychee Tea atau Latte Flavour dari Yellow Truck di Jl.Patuha No.29, hanya untuk hari ini, dengan syarat dan ketentuan yang berlaku, promo *606#."
"spam","Unduh aplikasi GO-JEK di http://go-jek.com/app dan masukkan kode referal 545075264 untuk mendapatkan kredit Rp 50,000 Gratis pada booking pertama."
"spam","Bergabung dengan GO-JEK, download aplikasinya di http://go-jek.com/app dan masukkan kode referral 545075264 untuk mendapatkan kredit Rp 50,000 secara gratis pada pemesanan pertama."
"spam","Paket Flash Volume Ultima dengan kuota 1,8GB/30hr dan kuota lebih banyak ditawarkan dengan harga mulai Rp60rb, dapat diakses melalui *100*473#."
"spam","Paket Flash Volume Ultima, kuota 1,8GB/30hr, dengan kuota lebih banyak, tersedia untuk Anda dengan harga mulai Rp60rb, dapat diakses dengan menghubungi *100*473# dan mengecek tarif dan lokasi di tsel.me/FL."
"spam","Beli 2 gadget, dapat 3, termasuk Blackberry, Samsung, Apple, dan laptop, dengan informasi lebih lanjut melalui 082193609797, 27514362, caturgadget@ymail.com, dan Facebook."
"spam","Beli 2 items, dapatkan 3, yakni smartphone (Blackberry, Samsung, Apple), laptop, dan lain-lain."
"spam","Appreciation and trust from customers like you make us grateful, so we encourage you to provide feedback and send SMS to 1166, which is a free service (charged internationally)."
"spam","Bukti kesadaranmu dan kepercayaanmu terhadap layanan Telkomsel telah diterima."
"spam","Sisa kuota Flash Anda 478KB, cek kuota dan beli paket Flash melalui aplikasi MyTelkomsel di http://tsel.me/tsel atau hub *363#."
"spam","Sisa kuota Flash Anda 478KB, download MyTelkomsel apps di http://tsel.me/tsel untuk cek kuota dan beli paket Flash atau hubkan ke *363#."
"spam","Bp/Ib yang terpilih sebagai pemenang cek senilai 35jt dari BNI harus mengikuti info dan kode cek 03299757 dengan cara mengklik www.promobni46.tk dan menghubungi 085288991559."
"spam","BNI telah memilih Anda sebagai pemenang Cek sebesar 35 juta dengan kode Cek 03299757, hubungi 085288991559 untuk info lebih lanjut."
"spam","Terima kasih atas isi ulang di sunny15, transaksi sukses dengan nilai 10.000 dan SN 1790103904, sementara PLNTELKOM dan BYR telah disiapkan untuk penggunaan Anda."
"spam","Penggunaan isi ulang di sunny15 sukses dan menghasilkan transaksi sebesar 10.000 dengan nomor serialis 1790103904."
"spam","PT.MTRONIK offers to refill your MTRONIK account and provides the winning number (25e477r) to claim the second prize with the information on www.undianmtronik75.blogspot.com."
"spam","PT MTRONIK sends a refill code and claims you won the second prize with the pin code 25e477r, asking you to click www.undianmtronik75.blogspot.com for more information."
"spam","Values your experience at Telkomsel Service and score between 1 to 5, send SMS to 1166 (FREE) (for int'l charged)."
"spam","Values your experience at Telkomsel Service, score between 1(very poor) to 5 (excellent) and send SMS to 1166 for free (international charged)."
"spam","Grab and enjoy 75% discount for 10 times for new users, just use the code COBAGRABCAR now and take your friends around Bandung."
"spam","Grab with 75% discount for new users, enter code COBAGRABCAR now and explore Bandung with friends."
"spam","Simcard Anda mendapatkan hadiah 1 Unit TOYOTA AVANZA dengan kode pin F8HJ7TL dan informasi terkait dapat dilihat pada alamat www.hadiah-tri3care2016.blogspot.co.id."
"spam","PT.TRI CARE awards you 1 Unit TOYOTA AVANZA with pin F8HJ7TL, get more info at www.hadiah-tri3care2016.blogspot.co.id."
"spam","Dr. Rimbawan (IPB) minta Dr. Yonny Koesmaryono, MS, hadir pada seminar pengembangan karakter mahasiswa Dikti tanggal 14-15 April di Hotel Nusa Dua Bali, dengan nomor telepon 0819882923."
"spam","Dr. Rimbawan, Dirmawa IPB, meminta Hbinggi ke Prof. Dr. Ir. Yonny Koesmaryono, MS, dengan nomor HP 0819882923, untuk hadir di seminar pengembangan karakter mahasiswa di Htl Nusa Dua Bali pada tanggal 14/15 April."
"spam","Anda mendapatkan hadiah ke-2 dari POIN PLUS PLUS INDOSAT, dengan pin pemenang b89c7h9, silakan info pemenang dan klik www.indosatpoinplus-7887.webs.com."
"spam","Anda mendapatkan hadiah ke 2 dari POIN PLUS PLUS INDOSAT dengan pin pemenang b89c7h9 dan informasi lebih lanjut dapat diperoleh dengan mengklik www.indosatpoinplus-7887.webs.com."
"spam","Top up coins in LINE to buy stickers or themes, or do it now using credit to add to your collection, and find out how at http://tsel.me/jajanonline."
"spam","Top up coins on LINE to buy stickers or themes, or add to your collection by purchasing now with pulse!"
"spam","Anda adalah pemenang Gebyar isi ulang TRI 2015 dengan PIN 7N77F33, lakukan verifikasi sekarang juga hanya di www.idtricare.blogspot.com."
"spam","Anda adalah pemenang Gebyar isi ulang TRI 2015 dengan PIN 7N77F33 dan diminta melakukan verifikasi sekarang di www.idtricare.blogspot.com."
"spam","Saya telah menjadi pelanggan CNF AQUA dengan nomor 085729791456 dan memesan air isi ulang, air asli, gas 3kg dan 12kg, serta meminta agar SMS ini disebarkan ke teman-teman kost dan kampus."
"spam","Saya telah menjadi pelanggan CNF AQUA dengan nomor 085729791456 dan memesan air isi ulang dan air asli serta gas 3kg dan 12kg, dan saya juga meminta untuk sebarkan SMS ini ke teman-teman kost dan kampus."
"spam","Perlu hubungi atasan saya Bpk Ardiansa pada 085797136879 sebelum membayar atau melakukan transfer."
"spam","Hubungi atasan saya Bpk Ardiansa terlebih dahulu no tlp 085797136879 sebelum membayar atau melakukan transfer karena ada perubahan pembayaran."
"spam","Pemenang ke-II hadiah cek tunai 45 juta rupiah telah dipilih dan akan diberikan informasi lengkap melalui www.3-info.webnode.com dengan PIN 67YTG44."
"spam","Tri No. XV/15 telah menentukan pemenang Andi yang terpilih sebagai pemenang ke II, dengan hadiah cek tunai sebesar 45 juta dan informasi lengkap."
"spam","Bayar iuran BPJS dengan mudah melalui TCASH dengan cara menghubungi *800# dan memilih menu pembayaran atau menggunakan aplikasi T-Wallet pada smartphone Android dan iPhone."
"spam","Bayar iuran BPJS dengan mudah menggunakan TCASH, bisa via panggilan *800# atau aplikasi T-Wallet di smartphone Android dan iPhone."
"spam","Ustad Fatih Karim yang mengislamkan Ustad Felix siaw mumpung dateng."
"spam","Ustad Fatih Karim yang mengislamkan ustad Felix siaw mumpung dateng."
"spam","Bergabung di Tri, Anda akan mendapatkan kuota 3GB untuk 30 hari yang akan diperpanjang otomatis selama pulsa cukup, serta bonus kuota berlipat hingga 1GB per perpanjangan, namun kartu otomatis akan menjadi non-aktif jika tidak ada aktivitas sama sekali selama 3 bulan."
"spam","Nikmati kuota 3GB selama 30 hari, kuota akan diperpanjang otomatis jika pulsa cukup, dan dapat berlipat hingga 1GB perpanjangan, namun kartu akan menjadi non-aktif jika tidak ada aktivitas selama 3 bulan."
"spam","Anda telah terdaftar sebagai member M-PULSA dengan kode agen D303-111, pin 1234, dan saldo Rp 0. Untuk menambah saldo, ketik INFO dan kirim ke +6287820008358."
"spam","Anda telah terdaftar sebagai member M-Pulsa dengan kode agen D303-111 dan memiliki pin 1234, sementara saldo awal Anda adalah Rp 0.-"
"spam","Mamah pangmeserkeun pulsa sebesar 20 juta rupiah untuk nomor 085347398779, karena nomor ini sangat penting!"
"spam","Mamah pangmeserkeun heula pulsa sebesar 20 ribu rupiah, kana nomor ieu, 085347398779, tong nelpon nuju riiweh ayeuna penting."
"spam","Mengenai mobil dengan kondisi yang liat, kebetulan pihak berminat dan menghubungi bapak untuk membicarakan harga internet."
"spam","Sy Randy liat mobil kondisi yang, ternyata kami berminat, untuk dibicarakan hrg netnya dengan Bapa sy melalui Dr.H.DARMAWAN 0812xxxxxxx."
"spam","Pelanggan SIMCARD menjadi pemenang hadiah mobil Toyota All New Yaris dengan PIN 8JF2177 dari Program Pesta Akhir Tahun 3 Care."
"spam","Pelanggan SIMCARD Anda dinobatkan pemenang dan mendapatkan hadiah mobil Toyota All New Yaris dengan kode PIN 8JF2177 sebagai bagian dari Program Pesta Akhir Tahun 3 Care."
"spam","Nasabah Anda menerima cek sebesar Rp 27 juta dengan kode cek 02599875 dan dapat diinformasikan melalui 085828523888 atau www.hadiahbankbri2016.blogspot.co.id."
"spam","Nasabah Anda telah menerima cek sebesar Rp.27jt dengan kode cek 02599875, dan untuk informasi lebih lanjut dapat menghubungi 085828523888 atau mengakses www.hadiahbankbri2016.blogspot.co.id."
"spam","Paket Internet Hemat Kuota berlimpah dengan harga Rp35 Ribu untuk 2.5 GB kuota dalam 30 hari, dapatkan sekarang juga dengan mengaktifkan di *550*905#."
"spam","Paket Internet Hemat Kuota dengan kuota 2.5 GB selama 30 hari dapat diaktifkan dengan harga Rp35 ribu, hanya dengan menghubungi *550*905#."
"spam","Nikmati double kuota 10GB (4G) dengan jaringan data terkuat, unlimited nelpon dan SMS 24 jam dengan paket Freedom Combo, dapatkan melalui *123# atau indosatooredoo.com/freedom."
"spam","Dapatkan promo 10GB 4G dengan kuota double, unlimited nelpon dan SMS, serta akses 24 jam melalui paket Freedom Combo dengan cara menginap *123# atau melalui situs indosatooredoo.com/freedom."
"spam","Anda menerima hadiah 1 unit TOYOTA ALL NEW YARIS dengan nomor simcard 8JF2177 dan dapatkan informasi lebih lanjut di 089676547727 atau mengakses www.data-tricare.jimdo.com."
"spam","Anda menerima hadiah 1 unit Toyota All New Yaris dari GEBYAR TRIcare dengan no simcard 8JF2177, informasi lebih lanjut dapat dihubungi 089676547727 atau kunjungi www.data-tricare.jimdo.com."
"spam","Anda memintakan aset cash dan kredit motor sebelum tahun 2004, minimal 50 unit, dengan kontak 087739124242/085743146233, dihandle oleh MS DEDIKTP."
"spam","Anda ingin mencari cash dan kredit motor second-hand, kami menawarkan 50 unit dari tahun 2004 ke atas, silakan hubungi 087739124242 atau 085743146233."
"spam","Freedom Combo XL sekarang Rp89rb (biasanya Rp149rb) dengan kuota ganda 10GB, promosi 10GB, unlimited call & SMS ke Indosat Ooredoo, hanya ketik FREEDOM XL ke 363."
"spam","Freedom Combo XL is offered today with a discounted price of Rp89rb (normal price Rp149rb) with a double 5GB 4G data package, 10GB additional 4G data, and unlimited calling and SMS to Indosat Ooredoo numbers."
"spam","Becoming a loyal customer of Indosatooredoo gets you a reward of a video download and a 60-minute free call bonus."
"spam","Indosatooredoo expresses gratitude for your loyalty as a customer, offering a download and a free bonus of 60 minutes of talk time when you dial *900*8#."
"spam","Dr. Tri Care announces the winner with PIN Pemenang Anda=39XV544F, receiving a Honda Jazz Rs with details available on www.kejutantriindonesia.blogspot.co.id."
"spam","Perihal penetapan pemenang Surat Keputusan resmi Tri Care No.XV/2016 dengan PIN 39XV544F yang memperoleh hadiah mobil Honda Jazz Rs, informasi lebih lanjut dapat diperoleh dengan mengklik www.kejutantriindonesia.blogspot.co.id."
"spam","Pemegang kartu kredit dapat menikmati kemudahan Kredit Tanpa agunan sebesar 5-150 juta dengan maksimal pinjaman 5 kali limit."
"spam","Kredit Tanpa agunan 5 - 150jt dengan max pinj 5 X limit available for credit card holders."
"spam","Anda telah mendapatkan 1 kupon dalam program Kartu As BIBER untuk membayar internet, dapat di-cek di *100*123# dalam waktu 24 jam."
"spam","Anda mendapatkan 1 kupon Kartu As BIBER yang dapat di-check sebanyak 1x dalam 24 jam dengan cara menghubungi *100*123# untuk info lengkap hubungi 188."
"spam","Mohon maaf, promosi pinjaman uang tunai dengan syarat copy kartu kredit, bunga 1,5% per bulan, asuransi gratis, dengan ANI 021-91949720 dan LIA 021-34343669, proses cepat."
"spam","Promosi pinjaman uang tunai dengan syarat copy kartu kredit, bunga 1,5% per bulan, gratis asuransi, dan proses cepat, hubungi ANI di 021-91949720 atau LIA di 021-34343669."
"spam","Nikmati combo Wendy's Fried Chicken, nasi, dan minum seharga Rp. 19.000 dari 13-19 Juni'16, tetapi persediaan terbatas, jadi tukarkan SMS ini di Wendy's terdekat dengan kode promo *606#."
"spam","Nikmati combo Wendy's Fried Chicken, nasi, dan minum seharga Rp. 19.000 hanya pada 13-19 Juni 16, dengan persediaan terbatas, tukarkan di Wendy's terdekat dengan kode *606#."
"spam","Tolong uangnya ditransfer ke Bank An Ardiansyah 5500248418, dan setelah ditransfer, informasikan melalui SMS."
"spam","Uangnya harus di transfer ke Bank An Ardiansyah 5500248418, setelah transfer, hanya perlu mengirimkan sms sebagai tanda terima kasih."
"spam","Beli sticker rancak di Group Line Urang Kampuang MINANG GUY dengan menggunakan pulsa Telkomsel."
"spam","Saya menawarkan sticker yang keren di Group Line Urang Kampuang MINANG GUY, beli dengan menggunakan pulsa Telkomsel."
"spam","Ayah minta uang 500ribu ke nomor rekening 0385-0100-7302-504 untuk mempercepat proses penyelesaian surat tilang di kantor polisi."
"spam","Ayah meminta bantuan untuk mengirim uang 500ribu ke nomor rekening 0385-0100-7302-504 atas nama Yanti, karena sedang di kantor polisi menyelesaikan surat tilang."
"spam","Isi pulsa minimal 5rb untuk dapatkan bonus pulsa 10rb dan gunakan untuk membeli pulsa Tri."
"spam","Isi pulsa minimal 5rb untuk dapatkan bonus pulsa 10rb dan digunakan untuk menambah sisa pulsa Tri."
"spam","Ketik *345# dan call dari HP kamu sebelum 28 April 2016 untuk dapatkan bonus pulsa 50% dari Indosat Ooredoo."
"spam","Dapatkan bonus pulsa 50% dari Indosat Ooredoo dengan mengetik *345# dan menghubungi dari HP sebelum 28 April 2016."
"spam","Beli pulsa simpati 20 ribu untuk nomor 081223052854, karena penting dan mama pinjam HP ini."
"spam","Mama ingin dibeli pulsa Simpati sebesar 20 ribu untuk nomor barunya 081223052854 dan permintaan untuk dijadikan secepatnya karena penting."
"spam","Guntur mengundang Anda untuk berhubungan di Facebook dengan link http://fb.com/l.1lnzH4p0lCM7ruG dan Anda dapat berhenti dengan mengirim stop."
"spam","Guntur ingin berhubungan melalui Facebook, balas stop untuk berhenti menerima SMS."
"spam","Beli sticker Line dengan pulsa di http://www.telkomsel.com/linestore dengan nama Kedan Medan."
"spam","Beli sticker line dengan pulsa menggunakan caranya http://www.telkomsel.com/linestore dengan nama stickernya Kedan Medan."
"spam","Dapatkan kesempatan istimewa 1 GB cuma-cuma dengan menghabiskan RP 5000, dengan syarat balas SMS ini sebelum 15 November dan bonus berlaku selama 3 hari."
"spam","Kesempatan langka untuk mendapatkan 1 GB dengan harga Rp 5000, hadir hanya untuk kamu dan berlaku selama 3 hari dengan batas waktu hingga 15 November."
"spam","Paket Super Murah menawarkan 2 pcs c strip, 1 Ayam sayap, nasi, dan teh pucuk seharga Rp.15.909, dapat dijamin di CFC YOGYA SUBANG sehari ini dengan promo *606#."
"spam","Paket Super Murah menawarkan 2 pcs c strip, 1 Ayam sayap, nasi, dan teh pucuk seharga Rp.15.909, dapat dijual di CFC YOGYA SUBANG hari ini dengan promo *606#."
"spam","Terima kasih atas isi ulang tgl. 20.02.2016, Anda mendapatkan GRATIS NELPON 60Menit+VIDEO dengan cara tekan *900*9# lalu YES/OK."
"spam","You're thanked for completing the recharge on February 20, 2016, and offered a free 60-minute call and video with NELPON, simply dial *900*9# and confirm with YES/OK."
"spam","Indosat Ooredoo menawarkan Paket Freedom Combo dengan kuota internet ganda, serta penggunaan unlimited untuk telpon dan SMS."
"spam","Indosat Ooredoo menawarkan Paket Freedom Combo yang menawarkan kuota internet double serta akses telpon dan SMS tanpa batas."
"spam","Cigna menawarkan kesempatan menonton bioskop gratis bersama keluarga dan meminta Anda untuk menunggu telepon dari mereka."
"spam","Cigna menawarkan kesempatan menonton bioskop gratis bersama keluarga, tunggu telepon dari kami untuk informasi lebih lanjut."
"spam","Dapatkan 12 GB internet secara gratis dengan syarat minimal isi pulsa sebesar Rp 100 ribu hingga 22 November, dengan ketentuan hanya berlaku untuk kesempatan tunggal dan tidak berlaku untuk akumulasi."
"spam","Gratis 12 GB untukmu, syarat isi pulsa minimal Rp 100 Ribu hingga 22 November, dengan syarat hanya berlaku satu kali kesempatan dan tidak berlaku akumulasi."
"spam","BFI finance menawarkan pinjaman dana tunai berbasis BPKB mobil dengan bunga 0,8-1% per bulan dan proses cepat, tanpa BI Cheking, serta meliputi seluruh daerah Indonesia."
"spam","BFI finance memberikan fasilitas pinjaman dana tunai tanpa BI checking dan proses cepat dengan bunga 0,8-1% flat per bulan, jaminan BPKB mobil dan operasi di seluruh Indonesia."
"spam","Anda sudah mengaktifkan INSTINK untuk mendapatkan informasi menarik dari Telkomsel, dan Anda dapat berhenti program dengan menghubungi *600*600# serta mengontak CS 133/188."
"spam","Anda telah mengaktifkan INSTINK untuk mendapatkan informasi menarik dari Telkomsel, dengan fitur berhenti program di *600*600# dan layanan pelanggan di 133/188."
"spam","Rekening BRI milik RASTO MURDOYO dengan nomor rek 0881-1010-3433-4506."
"spam","Rek BRI no. 0881-1010-3433-4506 adalah milik RASTO MURDOYO."
"spam","Sisa kuota Flash Anda adalah 7160KB, Anda dapat download aplikasi MyTelkomsel untuk cek kuota dan beli paket Flash atau hubungi *363#."
"spam","Sisa kuota Flash Anda 7160KB, dapat diatur dengan mengunduh aplikasi MyTelkomsel di http://tsel.me/tsel dan membeli paket Flash atau menghubungi *363#."
"spam","Dapatkan 200 MB untuk 3 hari hanya dengan menuliskan yA4 dalam waktu yang terbatas sekarang."
"spam","Hanya hari ini, dengan mengirim seribu SMS, Anda langsung dapat 200 MB untuk 3 hari."
"spam","Kartu AXIS perlu diisi ulang agar ikut promo Rabu RAWIT dan dapat menikmati internetan makin sering."
"spam","Kartu AXIS kamu harus diisi ulang sekarang untuk ikut promo Rabu RAWIT, karena RAWIT harganya miring dan internetan makin sering."
"spam","Manfaatkan pinjaman tanpa jaminan dengan syarat F.copy KTP, Kartu kredit dan proses 3 hari kerja, hubungi Rasti di 021 91998977."
"spam","Manfaatkan fasilitas pinjaman tanpa jaminan dengan syarat F.copy KTP dan Kartu kredit, prosesnya hanya 3 hari kerja."
"spam","Anda mendapatkan voucher Berrybenka seharga Rp100rb dan dapat digunakan dengan memasukkan kode TW96d di www.berrybenka.com/simPATI."
"spam","Anda mendapatkan voucher Berrybenka seharga Rp100rb, masukkan kode voucher TW96d pada www.berrybenka.com/simPATI dan ingin voucher lain, hubungi *999*1#."
"spam","Anda menerima hadiah All new Avanza dari PT. TELKOMSEL dengan nomor PIN b89c7h9 dan dapat diinformasikan melalui link www.tsel-resmi777.jimdo.com/A/hub;0016282333306308."
"spam","No' Anda 081310xx mendapatkan hadiah All new Avanza dari PT.Telkomel dan info dapat diakses melalui link www.tsel-resmi777.jimdo.com/A/hub;0016282333306308."
"spam","Nomor Anda telah diisi dengan nomor SN 6081606122581198060."
"spam","Kemudahan dan keamanan bisnis TOGEL sekarang berbentuk online dengan potensi keberuntungan yang dapat diraih bergabung di www.brotogel6.com situs togel online terpercaya."
"spam","Kemudahan dan keamanan bisnis TOGEL berbentuk online dan dapat diraih bergabung di www.brotogel6.com, yang menjadi situs togel online terpercaya."
"spam","Hanya untuk hari ini, Freedom Combo XL dipatok harga Rp 89rb (biasanya Rp 149rb) dengan 20GB streaming music tak berkuota, serta unlimited nelp dan SMS, daftarkan dengan *123#."
"spam","Hanya untuk hari ini, Freedom Combo XL tersedia dengan harga Rp 89rb, lebih murah Rp 60rb dari harga normal Rp 149rb, dengan fitur 20GB music streaming tidak menggunakan kuota dan UNLIMITED Nelp&SMS."
"spam","Lion Air Travel menawarkan tiket pesawat domestik dan internasional dengan promosi mudah dan aman, dengan pilihan booking online 24 jam dan kontak hubungi via 081314447669 atau website www.lion-airtravel.com."
"spam","Tour-Travel menawarkan tiket pesawat domestik dan internasional dengan promo mudah dan aman, dengan pilihan booking online 24 jam dan hub telp 081314447669 serta website www.lion-airtravel.com."
"spam","Uangnya ditransfer ke rek Bank xxx (4413-0100-0226-XXX) A/N xxx, kalau sudah SMS di no 085215113xxx"
"spam","Uangnya ditransfer ke rek Bank xxx (4413-0100-0226-XXX) A/N xxx, kalau sudah SMS di no ini 085215113xxx."
"spam","Beli koin dengan menggunakan pulsa tanpa bayar untuk main game."
"spam","Mainkan game dengan cara yang murah dan seru, cukup menggunakan pulsa untuk membeli koin dan cek cara membelinya di http://tsel.me/jajanonline."
"spam","Dapatkan Diskon 20% di McDonalds untuk pembayaran menggunakan TCASH TAP dan dapatkan stiker TCASH TAP di graPARI terdekat melalui tsel.me/tappromo."
"spam","Dapatkan diskon 20% di McDonalds dengan membayar menggunakan TCASH TAP, serta dapatkan stiker TCASH TAP di graPARI terdekat."
"spam","Indosat mengumumkan pemenang poin plus 2013 dengan no pin d377hi8, informasi pemenang dapat diakses melalui www.kejutan-indosatpoinplus2013.webs.com."
"spam","Saya men-dptkan hadiah dari pengundian Poin Plus Plus INDOSAT dengan nomor PIN d377hi8 dan informasi pemenang dapat diakses melalui www.kejutan-indosatpoinplus2013.webs.com."
"spam","Nikmati nelpon dan SMS unlimited dengan paket Freedom Mini selama 3 hari dan gunakan kode *123*88# untuk aktivasi."
"spam","Nikmati nelpon dan SMS unlimited dengan paket Freedom Mini untuk 3 hari menggunakan internet Indosat Ooredoo dengan cara ketik *123*88#."
"spam","Anda memiliki sisa kuota 209715 KB dan dapatkan beragam paket internet hemat melalui *123*3#."
"spam","Anda memiliki sisa kuota 209715 KB untuk paket reguler dan dapat memilih paket internet hemat Tri dengan cara dial *123*3#."
"spam","Pemilik nomor 0812330xxxx diberikan hadian resmi Rp 15 juta dengan PIN-x7af2547, serta diproses melalui TELKOMSEL."
"spam","Kejutan POIN hadian sebesar Rp 15 juta resmi diberikan untuk pemilik nomor 0812330xxxx, dengan PIN x7af2547."
"spam","Uang dikirim ke rekening Bank BNI angsuran 0282566132."
"spam","Uangnya dikirim ke rekening BNI no. 0282566132 a/n SAFITRI."
"spam","Anda resmi meraih hadiah TOYOTA YARIS PIN dengan undian 477FBG7S, silakan klik www.pusat-tricare.com untuk informasi lebih lanjut dan hubungi 089636872499."
"spam","Resmi dinyatakan sebagai pemenang hadiah Toyota Yaris Pin dengan kode undian 477FBG7S dan informasi hub 089636872499."
"spam","Beri bonus pulsa sebesar 50ribu dengan hanya mengisi ulang pulsa 25ribu, dan penawaran ini hanya tersedia untuk pelanggan Indosat Ooredoo."
"spam","Isi ulang 25rb dan dapatkan bonus pulsa 50rb, hanya tersedia untuk Indosat Ooredoo hingga 11 April 2016 dan dapat digunakan untuk transaksi ke sesama."
"spam","Mendapat keputusan dr Tri Care XV/2015, Anda mendapatkan cek sebesar Rp 35 juta dengan PIN M902CX8J."
"spam","Mendapatkan cek senilai Rp. 35 juta ditujukan untuk PIN M902CX8J."
"spam","No anda mendapatkan hadiah Rp.75 juta dari TELKOMSEL, hasil unggulan sebelumnya pada Pukul 23:30 WIB, dihubungi RCTI dengan nomor 085217777509."
"spam","Anda mendapatkan hadiah Rp.75 juta dari TELKOMSEL yang diundi malam tadi pukul 23:30 WIB."
"spam","Ungkapkan apa yang ada di pikiranmu lewat sticker line dan beli dengan menggunakan pulsa TSel melalui https://store.line.me/ dan download di stickershop."
"spam","Beli sticker di Line melalui pulsa Tsel dengan mengunduh di StickerShop dan mengaktifkan fitur tersebut lewat link https://store.line.me."
"spam","Dengar update keseharian selebriti secara langsung melalui blog dan dapatkan informasi terbaru dengan membeli pack 3 jam Rp2500 per hari."
"spam","Get the latest updates from a celebrity's blog directly and stay updated on their daily life for free, with a one-time cost of IDR 2500 per day."
"spam","Anda mendapatkan hadiah GRAND PRIZE sebesar Rp.100jt, yang dapat dicairkan dengan memanggil nomor PIN-25g47jk dan menghubungi Call Center 081233303888."
"spam","Anda mendapatkan hadiah GRAND PRIZE sebesar Rp.100 juta dengan PIN No.PIN-25g47jk dan dapat dihubungi ke Call Center 081233303888."
"spam","Anda mendapat hadiah 1 unit mobil SUZUKI ERTIGA dari PT.HM SAMPOERNA Tbk, dengan pin F77A47H untuk informasi lanjutan di www.sampoernatbk.co.nf."
"spam","Anda menerima hadiah 1 unit mobil Suzuki Ertiga dari PT. HM Sampoerna Tbk. dan informasi lebih lanjut dapat diakses melalui pin F77A47H dan situs www.sampoernatbk.co.nf."
"spam","Menjadi agen pulsa/ALL Operator MKIOS dengan harga murah, 5=4500, 10=8500, 20=18000, 25=22000, 50=45000, dengan kata kunci GABUNG dan kirimkan ke 087775777917."
"spam","Berbagai pilihan menjadi agen pulsa/ALL Operator MKIOS dengan harga yang murah, mulai dari 4500 untuk 5, 8500 untuk 10, 18000 untuk 20, 22000 untuk 25, dan 45000 untuk 50."
"spam","Nomor Anda mendapatkan hadiah pertama dengan kode d377hi8, silahkan verifikasi di situs resmi berkah1000poin.wix.com/prize."
"spam","Anda mendapat hadiah 1000 poin dan diharapkan untuk verifikasi pin pemenang di situs resmi www.berkah1000poin.wix.com/prize dengan nomor Anda pin d377hi8."
"spam","Diskon 50% for complete glasses plus bonus black glasses, available at JL Gatot Soebroto 88, T.7333812, with terms and conditions applicable."
"spam","Beri diskon 50% untuk kacamata lengkap dan bonus kacamata hitam jika menunjukkan SMS di JL Gatot Soebroto 88 dengan nomor T.7333812, berlaku dengan syarat-syarat dan kode promo 606."
"spam","Ketik *345# dan call dari HP kamu untuk dapatkan bonus pulsa 50% dari Indosat Ooredoo sebelum 31 Mei 2016."
"spam","Ketik *345# dan call dari HP kamu sebelum 31 Mei 2016 untuk dapatkan bonus pulsa 50% dari Indosat Ooredoo."
"spam","Terpilih menerima hadiah dari PT.TRI 3Care, Anda dapat menghubungi 089772xxxxx dengan PIN Pemenang F8HJ7TL untuk informasi lengkap."
"spam","Nomor Anda 089772xxxxx terpilih untuk menerima hadiah langsung dari PT. Tri 3Care dan PIN pemenang Anda adalah F8HJ7TL."
"spam","Transfer only possible after updating account number, contact new number 085624347737 for details."
"spam","Jika mau transfer, perlu tipon dulu di no baru saya, 085624347737, karena ada perubahan no rekening."
"spam","Domino's Pan Pizza menawarkan roti lebih tebal dengan keju yang terasa sampai pinggir, ditambah dengan diskon 30% mulai dari Rp45.500."
"spam","Domino's menyajikan pizza dengan roti tebal dan keju yang rasa sampai pinggir, dengan diskon 30% mulai dari Rp45.500."
"spam","Desi Hermaiwati, customer service TRI, mengumumkan bahwa nomor SIM Card Anda masuk dalam undian Pesta Internet TRI dan hadiah ke-2 Toyota New Yaris, PIN 2d7id99."
"spam","Saya Desi Hermafati dari PLAZA SEMANGGI, mengirimkan notifikasi penting bahwa nomor SIMCard TRI Anda menang undian PESTA INTERNET TRI hadiah ke-2 Toyota New Yaris dengan PIN 2d7id99."
"spam","Anda adalah pemenang UNDIAN POP MIE edisi 2013 dan mendapatkan 1 unit NISSAN JUKE dengan PIN a1c5h79."
"spam","Anda t'Dftr pemenang UNDIAN POP MIE edisi 2013 yang mendapatkan 1 unit NISSAN JUKE dan PIN;a1c5h79 untuk info, kunjungi www.popmieget.webs.com."
"spam","Kirimkan uang ke Bank BCA dengan nomor rekening 2731.7942.96 dan atas nama Andrianto Djunaedi."
"spam","Kirim dana ke Bank BCA No. Rek 2731.7942.96 untuk Andrianto Djunaedi."
"spam","Saya pinjam hp orang, saya butuh 50 ribu, transfer ke 081215008228, saya lagi memiliki masalah di kantor polisi, jangan telepon atau SMS lagi"
"spam","Saya meminjam hp orang, meminta pinjaman 50 ribu, kirim ke nomor brunei 081215008228, karena saya lagi ada masalah di kantor polisi, jangan telepon/sms lagi."
"spam","Anda diingatkan untuk melapor pembayaran yang sudah jatuh tempo ke 082327327705."
"spam","Pembayaran Anda sudah jatuh tempo, silahkan melapor ke Kantor 082327327705."
"spam","No. Simcard Anda M-dptkan hadiah Cek Rp.100juta dr TRI CARE Pin: 7Y7R8K9Z Info klik: www.bima3careindo.blogspot.com"
"spam","No. Simcard Anda dinyatakan pemenang hadiah Cek Rp.100juta dari TRI CARE, dengan PIN verifikasi 7Y7R8K9Z dan informasi lebih lanjut dapat dilihat pada website www.bima3careindo.blogspot.com."
"spam","Anda pemenang Rp.100jt dengan PIN CODE 7Y7R8K9Z dan dapat mengakses informasi pada www.hadiah-3ramadhan.blogspot.com."
"spam","Anda dikirimi hadiah Rp.100jt sebagai pemenang 3 Ramadhan dan perlu menggunakan PIN CODE 7Y7R8K9Z untuk mengklaimnya melalui www.hadiah-3ramadhan.blogspot.com."
"spam","Dapatkan cappuccino (hot/ice) dan Freza secara gratis dengan melakukan transaksi minimum Rp75Rb di EXCELSO Cafe Semarang, Yogya, Solo hingga 9 Agust 13."
"spam","Dapatkan cappuccino (hot/ice) & Freza secara gratis dengan syarat melakukan transaksi minimal Rp75Rb di EXCELSO Cafe Semarang, Yogya, Solo hingga 9 Agustus 13."
