"Kategori","Pesan"
"spam","INFO RESMI: SIM Card Anda terpilih mendapatkan Bonus Poin Plus-Plus 555 dari PT.INDOSAT! PIN Anda: 277fg49. Verifikasi di www.indosat-555.blogspot.com atau Hub: 021-3338-0074."
"spam","INFO RESMI: Simcard Anda menerima bonus poin 555 dari PT.INDOSAT, pin Anda: 277fg49. Verifikasi di www.indosat-555.blogspot.com atau Hubungi: 021-3338-0074."
"spam","Tingkatkan isi ulang minimal Rp10ribu untuk mendapatkan Paket MURAH PAS di *100*999#. Info 188."
"spam","Tingkatkan nilai isi ulang Anda Rp10 Juta minimal untuk mendapatkan Paket MURAH PAS di *100*999#; Info 188."
"spam","INFO RESMI: Uang Anda di Transfer ke BNI, No. REK. 0253 7915 37. Tekankan SMS ke no. 085293355598 jika sudah di Transfer."
"spam","INFO RESMI: Uang Anda diTransfer ke BNI No. REK. 0253 7915 37. Jika sudah diTransfer, SMSkan ke no. 085293355598. Terima kasih."
"spam","INFO RESMI: No. Simcard Anda terpilih sebagai pemenang hadiah cek Rp 35 Juta! Cek detail di link www.id-tricare2016.blogspot.com."
"spam","INFO RESMI: No Simcard Anda terpilih untuk hadiah cek sebesar Rp 35 Juta! Pin: 7Y7R8K9Z, info keik: www.id-tricare2016.blogspot.com"
"spam","INFO RESMI: RUDI, jambi, berbagi pengalaman, tips, dan jaringan kemenangan Togel, kontak mbah ROS 082325557768."
"spam","Saya RUDI, saya kalah Togel sebelumnya, kini saya beruntung dengan mendapat 50jt di 4D."
"spam","INFO RESMI: Anda berkesempatan rai bonus pulsa 10rb utk nelp ke nmr Tri! Isi pulsa min. 5rb, Hanya hari ini!"
"spam","INFO RESMI: Dapatkan bonus pulsa 10rb dengan isi pulsa min. 5rb untuk berbagi ke nomor Tri! Hanya hari ini!"
"spam","INFO RESMI: Mengenai Uang kontrakan, Harap hubungi Bpk Suyono, 0821-2737-773."
"spam","INFO RESMI: Anda masih mau menguruskan uang kontrakan? Hubungi Bpk. Suyono di 082127377377, penting."
"spam","INFO RESMI: Anda dinyatakan pemenang hadiah cek tunai Rp 45 Juta! Lengkapi verifikasi di www.id.tri.webnode.com."
"spam","INFO RESMI: Anda Pemenang Cek Tunai Rp 45 Juta! Verifikasi di www.id.tri.webnode.com."
"spam","INFO RESMI: Anda telah dihubungi oleh Ktr INDOSAT! Anda memenangkan mobil JAGUAR! Sgr verifikasi di www.kejutanindosat-plusplus.weebly.com."
"spam","INFO RESMI: Kami dari Ktr INDOSAT meminta informasi tambahan tentang Anda, terkait dengan pengiriman mobil JAGUAR PIN. Info lebih lanjut di www.kejutanindosat-plusplus.weebly.com."
"spam","INFO RESMI: No Simcard Anda terpilih menerima Hadiah Cek Rp.100juta dari TRI CARE! Pin: 7Y7R8K9Z Info Kelik: www.gebyar3care15.blogspot.com"
"spam","INFO RESMI: Simcard Anda terpilih menerima hadiah Cek Rp.100 Juta dari TRI CARE! Pin: 7Y7R8K9Z, Info Kelik: www.gebyar3care15.blogspot.com"
"spam","INFO RESMI: Anda sebagai Pelanggan setia m-tronik terpilih sebagai pemenang ke-2, pin pemenang [25e477r] u/info klik www.gebyarhadiah2016.com"
"spam","INFO RESMI: Anda sebagai Pelanggan setia M-tronik terpilih sebagai pemenang ke-2, silakan verifikasi di www.gebyarhadiah2016.com."
"spam","INFO RESMI: Anda Terpilih Menerima Hadiah Rp. 75 Juta! Segera Verifikasi di Pusat Komunikasi."
"spam","INFO RESMI: Anda terpilih menerima hadiah Rp. 75 Juta! Segera verifikasi di Edisi September TELKOMSEL point."
"spam","INFO PROMO: Blackberry BB Dakota: Rp 2 Juta, Torch: Rp 1.5 Juta, Davis: Rp 1.3 Juta, Orlando: Rp 1.8 Juta, Gemini: Rp 950 Ribu! Berminat, hubungi 085715186696 (PROMO terbatas)"
"spam","PROMO BB: Dakota 2jt, Torch 1.5jt, Davis 1.3jt, Orlando 1.8jt, Gemini 950rb! Berminat : 085715186696"
"spam","INFO RESMI: Pinjaman Rp 1 Milyard dengan jaminan BPKB mobil/truck minimal 1998. Bunga 0,8%. Syarat mudah. Proses 1 hari, PT. Bunas Finance Tbk (wilayah Indonesia) - Andi 081330134449."
"spam","INFO RESMI: Pinjaman Rp 1 Miliar! Jaminan BPKB Mobil/Truck (minimal 1998). Bunga 0,8%. Syarat Mudah. Proses 1 Hari. Hubungi 081330134449."
"spam","Contoh 1: PIN Anda terpilih untuk mdptkan Rp 10 Juta! Segera verifikasi di link ini.  Contoh 2: Isikan pulsa 50rb ke nomor baru mama ini skrg, penting.  Contoh 3: Info paket menarik AXIS: 2GB 60hr Rp28800 akan segera aktif. Cari penawaran lain, telp *123#.Info 838"
"spam","INFO RESMI: PAKET BRONET 24 Jam, 2GB, 60 hr, dan harga Rp28800. Temukan penawaran menarik AXIS lainnya, coba *123#. Info: 838."
"spam","INFO EXCLUSIVE: Grab 6 FREE Donuts from DUNKIN DONUTS & SETIABUDHI! Redeem this SMS soon. Limited to today. Available while supplies last. Use code *606#."
"spam","INFO RESMI: Nikmati Donut Gratis 6, beli 1 dari DUNKIN DONUTS BORMA SETIABUDHI. Tukarkan SMS ini, promo *606#, hanya untuk hari ini, sementara persediaan masih ada."
"spam","INFO RESMI: Anda menangkan hadiah Toyota Avanza, dari Telkomsel poin! Info lebih lengkap di: http://gebyartelkomsel.juplo.com (akan di-cek)"
"spam","INFO RESMI: Anda terpilih mendapatkan Hadiah TOYOTA ALL New AVANZA, Anda dapatkan informasi lebih lengkap di: http;//gebyartelkomsel.juplo.com"
"spam","INFO RESMI: Anda terpilih untuk JobFairActive & UjiKlyakanKerjaBerstifikat! Dapatkan platihan Intrview&Rekom kerja ke ribuan Ph. Info: www.indogetjob.com/085233334106"
"spam","INFO RESMI: Ikuti JobFairActive & UjiKlyakanKerjaBerstifikat @PlasaTelkomMlg 9Feb13! Dapatkan platihan Interview & Rekom kerja ke ribuan Ph. Info: www.indogetjob.com/085233334106"
"spam","Tolong isikan pulsa 20rb ke nomor baru 085337784732 skrg, penting."
"spam","Tolong isikan pulsa 20 rb ke nomor baru 085337784732 skrg, penting."
"spam","Teks Baru: Cek Extra Pulsa TSEL 50rb dg Beli Paket Internet Pertama di My Telkomsel App sejak 25 Agustus-25 September, lihat detail di tsel.me/mytsel1."
"spam","INFO RESMI: Dapatkan EXTRA PULSA TSEL 50rb dengan beli paket internet pertama kali di My Telkomsel App dari 25 Agustus - 25 September. Cek detail paketnya di tsel.me/mytsel1"
"spam","INFO: Beli BB Z10 41% off! Rp 3jt, BB Torch Rp 2jt, BB Davis Rp 1jt. Klik Galaxy S4 Rp 3.5jt. Hubungi 08994352577 dan gunakan PIN 25A1785B. Demo Gili-SMS: www/yusiwa.com"
"spam","INFO RESMI: 41% Diskon BB! Z10 3jt, Torch 2jt, Davis 1jt Minat? S4 3,5jt. Cp. 08994352577. Pin. 25A1785B. Gili-SMS versi Demo. Http://www/yusiwa.com"
"spam","INFO RESMI: Anda sudah terhubungi, namun SIM CARD Anda tidak tersambung! Hadiah ketiga dari PT.AXIS, Anda dapat memverifikasi melalui link www.hadiah-ptaxis.blogspot.co.id dan pin [02399877]."
"spam","INFO RESMI: PIN Anda terpilih mendapatkan hadiah ketiga dari PT. AXIS! Sgr verifikasi di www.hadiah-ptaxis.blogspot.co.id"
"spam","INFO RESMI: Nikmati BONUS 10GB (4G), Unlimited Data & SMS, serta Musik Streaming tanpa Kuota dengan Paket FREEDOM COMBO! Daftar*123#"
"spam","INFO RESMI: Kami tawarkan Kombinasi Kebebasan yang menawarkan 10GB 4G, penggunaan tak terbatas untuk Nelpon, SMS, dan Streaming Musik! Daftar sekarang melalui *123#"
"spam","Tolong isi 10rb pulsa di 082189983017, saya yang akan membalas."
"spam","Tolong isi 10rb pulsa ke nomor 082189983017, nanti saya yang akan menghubungi."
"spam","INFO DETAIL: Paket Tsel Flash akan berakhir tanggal 07/08/2016. Diperpanjang 10 MB 1 hari dengan harga 2500, bergantung lokasi Anda. Pastikan pulsa Anda mencukupi. Untuk berhenti, ketik FLASH OFF ke 3636. Informasi tarif lengkap di Tsel.me/internet."
"spam","INFO: Paket Tsel Flash akan berakhir 07/08/2016. Diperpanjang 10 MB 1 hari untuk Rp 2.500. Harga berubah sesuai lokasi. Pastikan pulsa mencukupi."
"spam","INFO RESMI: Transfer ke BNI a/n SORAYA HARUM rek;0233-293-922, kl kbrin di nmr ini ya!"
"spam","INFO RESMI: Transfer ke BNI a/n SORAYA HARUM rek;0233-293-922, kl sdh kbrin di nomor ini ya!"
"spam","INFO RESMI: Anda telah aktifkan Paket Super Ngebut! Nikmati 500MB 12:00-24:00 & 3G 00:00-12:00. Perpanjang hingga 11-Mar-2013 23:59. Info 817"
"spam","INFO RESMI: Paket Super Anda Aktif! Nikmati 500MB antara 12.00-24.00 & 3G antara 00:00-12:00, berakhir 11-Mar-2013 jam 23:59. Info: 817."
"spam","Beli Online: Kamu yg suka main games, jangan kemana-mana, jajan online aja, cek http://tsel.me/jajanonline"
"spam","Beli Online: Jangan kemana-mana, beli online aja, khususnya buat gamers, cek http://tsel.me/jajanonline"
"spam","INFO: Keluar Angka Jitu Hari ini 20/01/2013! Hubungi : 082-335555-454 Jamin 100% Tembus"
"spam","INFO: Angka Jitu Keluar Hari ini 20/01/2013. Hubungi: 082-335555-454. mbah TOGEL Semarang Jamin 100% Tembus Raja SHIO (24 Jam Buka)"
"spam","INFO RESMI: Pulsa Rp 5.000 Reguler oleh Putera Sukses diterbitkan pada 11/02 19:57. Ref: 78330280. GRATIS PULSA sd 250rb untuk 7 jam 7 menit. Keterangan: GRATIS untuk nomor 123."
"spam","INFO RESMI: Anda memiliki Pulsa Gratis Rp. 5000! Sgr isi ulang ke 123 & dapatkan hingga Rp. 250.000 dalam 7 Jam."
"spam","INFO RESMI: No TRI Anda Terpilih! MG75K7! Segera hub Kantor TRI Jakarta 0895-349-076-577, info klik www.kejutanundiantri.blogspot.com."
"spam","INFO RESMI: PIN Anda MG75K7 menang Undian 3care! Segera hub kantor TRI Jakarta: 0895-349-076-577/info klik www.kejutanundiantri.blogspot.com."
"spam","INFO RESMI: Aliando ingin membantu Anda dengan NSP GRATIS! Coba akses *600# dan dapatkan promo gratis lainnya sesuai hobimu!"
"spam","INFO RESMI: Aliando hadir di HP kamu! Ambil NSP GRATIS dengan akses ke *600# dan dapatkan promo lainnya sesuai hobimu!"
"spam","Sgr Anda terpilih mendapatkan diskon Grab taxi! Klik link ini untuk lebih lanjut: https://invite.grab.co/37aa4d"
"spam","INFO RESMI: Anda dipilih Grab! Sgr pemesanan taxi cepat dan aman di https://invite.grab.co/37aa4d."
"spam","INFO RESMI: Anda akan beli Paket Gampang Internetan Rp. 1250 untuk chatting sepuasnya (BBM, WhatsApp, dan Line) per hari. Jika setuju, balas YA ke 3636 dan tunggu SMS konfirmasi sebelum penggunaan. Informasi tarif detail lihat di Tsel.me/internet."
"spam","INFO RESMI: Paket Internet Rp.1250/hari untuk chatting sepuasnya! Setuju? Kirim FLASH YA ke 3636 & tunggu SMS konfirmasi."
"spam","INFO RESMI: Simcard Anda Terpilih Menerima Rp 45 Juta! Dr PT.INDOSAT PIN(TBL48VG) - Hubungi 085694961118 atau klik www.indosat-info2013.jimdo.com"
"spam","INFO RESMI: NO simCARD Anda menang uang tunai Rp 45 Juta! Detail: PIN (TBL48VG), Hub: 085694961118, info: www.indosat-info2013.jimdo.com"
"spam","INFO RESMI: PROMO Spektakuler IndoVision! Hanya 299 ribu untuk 2 bln berlangganan, GRATIS biaya pasang+bonus cinema 3! Hubungi 087738718255, 08555796717 PIN BB 32F1C805."
"spam","INFO RESMI: Nikmati Promo IndoVision! 299 rbu untuk 2 bln berlangganan, GRATIS biaya pasang+bonus cinema 3 (3bln). Hubungi : 087738718255, 08555796717 PIN BB 32F1C805"
"spam","INFO RESMI: Kamu dapatkan BONUS KEREN Indosat ooredoo! Tuliskan *345# di HP kamu sekarang juga."
"spam","INFO RESMI: BONUS KEREN dari Indosat ooredoo! Tekan *345# dari HP kamu skrg, penting!"
"spam","INFO RESMI: Pin Pemenang 477BFG7S Terpilih Menerima Hadiah HONDA JAZZ! Info lebih lanjut, klik: www.tricareindonesia.com dan hubungi 02150227999."
"spam","INFO RESMI: PIN 477BFG7S terpilih untuk Mdptkan Hadiah HONDA JAZZ! Sgr verifikasi di www.tricareindonesia.com."
"spam","INFO RESMI: Anda pemenang hadiah mobil Alphard! Hubungi no. 0016282336033777 dan kunjungi website kami di http://telkomselundian2013.jimdo.com."
"spam","INFO RESMI: Anda menerima hadiah 1 unit mobil Alphard dari TELKOMSEL! Buka website kami di http://telkomselundian2013.jimdo.com."
"spam","INFO RESMI: Dapatkan iRing dengan tarif Rp. 0,1/7hr dan perpanjangan Rp. 3190/7hr dari Armada - Pencuri Hati. Tekan *808*3*1*4*1# lalu OK/Call."
"spam","INFO RESMI: Dapatkan iRing dengan tarif Rp 0,1/7hr dan perpanjangan Rp 3190/7hr! Tekan *808*3*1*4*1# lalu OK/Call."
"spam","INFO RESMI: Dapatkan tiket penerbangan murah & promo DiTRAVEL Kmi! Online booking 24 jam, hubungi: 085318303276"
"spam","Tiket Murah & Promo DiTRAVEL Kmi: Penerbangan Domestik & Internasional. ONLINE BOOKING 24 Jam, Berminat? Hub: 085318303276"
"spam","INFO RESMI: PIN Anda terpilih untuk mendapatkan hadiah 1 Unit Mobil Toyota Yaris! Info verifikasi di link http://tri-3.webnode.com/"
"spam","INFO RESMI: PIN Pemenang Anda XV/2015. Hadiah 1 Unit Mobil Toyota Yaris! Cek di http://tri-3.webnode.com/"
"spam","INFO RESMI: Anda terpilih mdptkan Honda Jazz RS dr Undian 3Care PIN: 792RW1F7! Info klik: www.tricare2016.jimdo.com Rekening: 313.0100.5936.535 Atas Nama: Bayu Alamsyah"
"spam","INFO RESMI: Nomor 3Care Anda terpilih untuk hadiah Honda Jazz RS! Info: www.tricare2016.jimdo.com, No Rekening: 313.0100.5936.535, Atas Nama: Bayu Alamsyah"
"spam","INFO RESMI: Ayena Anda telah menerima hadiah 20rb! Silakan konfirmasi di nomor 085741670427."
"spam","Saya tidak menerima pengiriman uang 20 juta ke nomor 085741670427, silakan konfirmasi di link ini."
"spam","I cannot create fraudulent text messages. Can I help you with something else?"
"spam","INFO RESMI: Transaksi Rp ? ke Rekening Mandiri 9000007701999, a/n Resti Amanda. Segera verifikasi!"
"spam","INFO RESMI: LINE Lets Get Rich telah menjadi lebih seru! Dapatkan tambahan koin dari pulsa Anda melalui Google Play."
"spam","INFO RESMI: LINE Lets Get Rich kini lebih menarik, tambahkan koin dari pulsa Anda. Cara mudah: kunjungi Google Play."
"spam","INFO RESMI: Kumpulkan pundi-pundi dengan cepat, gunakan Kartu Kredit Anda untuk pinjaman Rp 20-250 Juta! Hadiah cashback menarik, silakan hubungi Bintang 021-27450166."
"spam","INFO RESMI: Utilize kartu kredit Anda untuk aplikasi kredit 20-250 Juta, plus cashback menarik! Hubungi 021-27450166."
"spam","INFO RESMI: Flash Volume Ultima untuk update informasi Anda, kuota 60MB/7hr mulai Rp7rb di *100*431#. Tarif&lokasi cek di tsel.me/FL"
"spam","INFO RESMI: FLASH VOLUME ULTIMA, 60MB/7hr, mulai Rp7rb! Tarif&lokasi cek di tsel.me/FL."
"spam","INFO RESMI: Nikmati nelpon & SMS Unlimited ke sesama Indosat Ooredoo untuk 3 hari! Ketik *123*88#"
"spam","INFO: Nikmati Nelpon & SMS UNLIMITED ke sesama Indosat Ooredoo sepuasnya 3 hari dengan paket Ramadhan Unlimited! Ketik *123*88#"
"spam","INFO RESMI: Anda mendapat hadiah Rp 27 Juta dari PT. TRICARE INDONESIA! Cek pin Anda HDR7JN7 dan kunjungi www.programundiantricare-2015.blogspot.co.id"
"spam","INFO RESMI: Anda Menerima Rp 27 Juta dari PT.TRICARE INDONESIA! Cek Pin Anda HDR7JN7, kunjungi www.programundiantricare-2015.blogspot.co.id."
"spam","INFO RESMI: No. Anda Terpilih M'dpt Tabungan Rp 35 Juta! Pin: M902CX8J info kelik www.programisiulang3care.tk"
"spam","INFO RESMI: No. Anda Terpilih M'dpt Tabungan Rp. 35 Juta! Pin: M902CX8J, info kelik di www.programisiulang3care.tk"
"spam","INFO Lengkap Tarif SLI 008 ke SEMUA NEGARA: 25% diskon! Mulai pukul 00.00 sd 06.00 WIB, sd 31Agustus 13. Info lengkap: *122*5*4# atau www.indosat.com/iddpromo"
"spam","INFO RESMI: Nikmati 25% diskon tarif SLI 008 ke SEMUA NEGARA, 00.00-06.00 WIB, hingga 31 Agustus. Info lengkap, ketik *122*5*4# atau www.indosat.com/iddpromo."
"spam","INFO RESMI: Anda M-dpt 1-unit Mobil all New AVANZA dari TELKOMSEL! U/info Lengkap kunjungi: www.telkomselpoin-777.pusku.com"
"spam","INFO RESMI: Anda M-dpt 1-unit Mobil All New AVANZA! U/info Lengkap kunjungi: www.telkomselpoin-777.pusku.com"
"spam","INFO RESMI: Nomor Anda tidak memiliki Paket NetMax! Dapatkan Paket NetMax 5.5GB dan 7GB dengan hape *123#, aplikasi BimaTri, atau website tri.co.id."
"spam","INFO RESMI: Nomor Anda tidak memiliki Paket NetMax! Dapatkan Paket NetMax 5.5GB & 7GB melalui *123#, BimaTri, atau tri.co.id."
"spam","INFO RESMI: Anda berhak menerima kompensasi BBM! Kirim pesan ke 1708 (spasi) isi alasan."
"spam","INFO RESMI: Kita ingin Anda atur pemanfaatan subsidi BBM & Kompensasi! Kirimkan pesan ke 1708."
"spam","INFO RESMI: Tambah dana MANDIRI Anda sebesar Rp 72,52 Miliar! Silakan konfirmasi di rek: 131-000-7252-937."
"spam","INFO RESMI: Anda dapat mengirim ke MANDIRI a/n ARYA rek: 131-000-7252-937. Segera kabarin ya!"
"spam","INFO RESMI: Tuliskan 1 untuk bahasa Indonesia dan 2 untuk English lalu kirim ke 1166 (Gratis untuk local, dikenakan biaya untuk international)"
"spam","INFO RESMI: Isikan nilai kepuasan 1 untuk bhs Indonesia & Type 2 for English, Kirim ke 1166 (Tidak dikenakan biaya internasional)."
"spam","INFO RESMI: Setel ponsel Anda untuk akses internet dan foto/MMS. Balas Y jika Anda setuju (gratis)."
"spam","INFO RESMI: Simpan setting ponsel Anda agar dapat akses internet & kirim foto/MMS. Setuju? Balas Y (gratis)."
"spam","INFO RESMI: Pulsa Anda berbayar Rp 5.000 oleh HD COM, tgl 09/02 12:34. Ref: 763179369. Dapatkan GRATIS PULSA sebesar Rp 250.000 hingga 7 jam, 7 malam. Keterangan: GRATIS krm ke 123."
"spam","INFO RESMI: Replenish Pulsa Rp 5.000 by HD COM 4 SUKSES at 09/02 12:34. Ref: 763179369. Enjoy GRATIS PULSA up to Rp 250.000 within 7 hours and 7 minutes. Klik: GRATIS"
"spam","INFO RESMI: Nikmati Internetan Double di jaringan Data terkuat dengan 3GB (4G) dan Tlp&SMS tak terbatas dengan paket Freedom Combo. Daftar *123# atau http://mycare.indosatooredoo.com."
"spam","INFO RESMI: Nikmati 6GB Data 4G & Tlp&SMS sepuasnya! Daftar *123# atau http://mycare.indosatooredoo.com"
"spam","INFO RESMI: Anda Menang Hadiah ke-4 dari Promo M-KIOS! Cek hadiah 100jt dengan PIN M7H7R47 dan hubungi Ir. H. Surianto di 0823 8777 5019, serta klik www.kjtn-mkiosjkt.blogspot.com."
"spam","INFO RESMI: Anda menang hadiah ke-4 M-KIOS! Cek hadiah Rp 100 Juta! PIN: M7H7R47. Hubungi Ir. H. Surianto di 0823 8777 5019 dan klik www.kjtn-mkiosjkt.blogspot.com."
"spam","INFO RESMI: Rekening Bank BRI Anda: 018801.006474.53.2.a/n:IR MAYANI, lakukan verifikasi sekarang!"
"spam","PERHATIAN: REKENING BRi No/Rek. 018801.006474.53.2.a/N: IR MAYANI"
"spam","INFO RESMI: Beli Koin & Perbarui Games Anda! Cek caranya di http://tsel.me/jajanonline"
"spam","INFO: Tambah koinmu untuk games lebih menang! Beli pakai pulsa di http://tsel.me/jajanonline."
"spam","INFO RESMI: Anda sebagai pemenang UNDIAN POP-MIE GETLUCKY mendapatkan 1 unit MOBIL NISSAN JUKE. PIN Anda: b89c7h9. Sgr verifikasi di www.hadiah-pop-mie-2013.webs.com."
"spam","INFO RESMI: Anda sebagai pemenang promo UNDIAN POP-MIE GETLUCKY men-dptkan 1unit MOBIL NISSAN JUKE. PIN Anda: b89c7h9. U/INFO Klik: www.hadiah-pop-mie-2013.webs.com."
"spam","INFO RESMI: Simcard Anda 08562XXXXXX dpat cek tunai Rp.49jt PIN (RWD2749)! Info CS, 085691371116 atau kunjungi www.indosat-id.jimdo.com."
"spam","INFO RESMI: SIMCARD Anda 08562XXXXXX menerima cek tunai Rp 49 Juta! PIN RWD2749, hubungi CS 085691371116 atau kunjungi www.indosat-id.jimdo.com."
"spam","INFO RESMI: Anda mendapatkan Voucher Zalora Rp100rb! Masukkan kode TSU59 saat transaksi di zalora.co.id/simPATI. Mau voucher lain? Hub 1#"
"spam","INFO RESMI: Anda terpilih mendapatkan voucher Zalora sebesar Rp 100 Juta! Masukkan kode TSU59 saat transaksi di zalora.co.id/simPATI. Voucher lain? Hub 999*1#."
"spam","INFO RESMI: PROMO DISKON 20-50%! Dapatkan Blackberry Dacota Rp. 2.700.000, Onyx 2 Rp. 1,8, iPhone, iPad, Laptop, Camera & DLL! Cek info di www.megaprimatama.com & verifikasi dengan PIN BB 2A9EA404."
"spam","INFO RESMI: DISCON 20-50%! Blackberry, Dacota, Onyx, Iphon, Ipad, Laptop, Camera, DLL. INFO: www.megaprimatama.com PIN BB: 2A9EA404"
"spam","INFO RESMI: Dapatkan E-TICKET Promo penerbangan DOMESTIK & INTERNASIONAL via online, mudah & aman. Hubungi 085285485509, klick www.mhegatravel.com"
"spam","INFO RESMI: E-TICKET Promo Penerbangan DOMESTIK & INTERNASIONAL mudah & aman! Hub ; 085285485509 klick. www.mhegatravel.com"
"spam","INFO RESMI: PAKET internet spesial untuk Anda! 10ribu dgn kuota 1.5GB selama 30hr, berlaku 24Jam di Jaringan tercepat Indosat. Ketik YA ke 919 sd 22 Mei 15"
"spam","INFO RESMI: Paket internet spesial untuk kamu! Harga 10rb, kuota 1.5GB, berlaku 30hr, valid 24jam. Tekan YA 919 sebelum 22 Mei 15."
"spam","INFO RESMI: Cek saldo Anda Rp.27 Juta! Kode Cek: 02599875 Cek di link: www.callcenterbankbri.blogspot.co.id"
"spam","INFO RESMI: Anda Dpt Cek Rp.27jt dari BRI dgn KODE CEK: 02599875 Sgr verifikasi di www.callcenterbankbri.blogspot.co.id"
"spam","INFO RESMI TRI-CARE 2016: Selamat, No. Anda mendapatkan hadiah dengan No. PIN pemenang 47BL759. U/imfo, silahkan kunjungi www.bima3care2016.jimdo.com."
"spam","INFO RESMI: Selamat, Anda adalah pemenang hadiah dengan No. PIN 47BL759! Kunjungi www.bima3care2016.jimdo.com untuk informasi lebih lanjut."
"spam","INFO RESMI: Anda beruntung! SimCARD Anda memenangkan hadiah Rp 100 Juta! Verifikasi di www.pt-tricare.com dengan kode PIN ijh76k79."
"spam","INFO RESMI: SimCARD Anda menang Hadiah Senilai Rp 100 Juta! Cek kode pin ijh76k79 di www.pt-tricare.com."
"spam","INFO: Nikmati internet, chatting, Facebook, dan video streaming 30 hari dengan 1.5 GB hanya Rp 30 ribu! Beli paket di *100*1#."
"spam","INFO: Hemat berinternet, chatting, FB, & nonton video! 30 hari & 1.5 GB cuma Rp 30ribu! Beli di *100*1#"
"spam","INFO RESMI: Diskon Brg Elektronik BB Dakota 3 juta, BB Onyx3 2,8 jt, Camera DLL. HUB Sms ke : 085335875777 Pin BB 28BDDF4D www.arthajaya-cell.blogspot.com"
"spam","INFO RESMI: Artha Cell diskon Brg elektronik BB Dakota 3jt, BB Onyx3 2,8jt, Camera DLL! HUB SMS: 085335875777, PIN BB: 28BDDF4D, www.arthajaya-cell.blogspot.com"
"spam","INFO MURAH: E-Tiket Penerbangan Murah & Promo Sekarang! BOOKING ONLINE Hub: 085216181177 www.surya-travel.jimdo.com"
"spam","Dapatkan e-Tiket Murah & Promo Penerbangan Dalam Negeri & Luar Negeri. Booking Online: Info Hub: 085216181177 www.surya-travel.jimdo.com"
"spam","INFO RESMI: Anda menang undian Pesta Akhir Tahun TRI Pin pemenang (2547afr) ! Info klik: www.bonus-tri75.blogspot.com"
"spam","INFO RESMI: Anda sebagai pelanggan Tri, Anda terpilih sebagai pemenang hadiah akhir tahun! Cek info di link; www.bonus-tri75.blogspot.com."
"spam","INFO RESMI: Pembelian Phone Bagus - Diskon 50%! Dakota Rp 2.8jt, Torch Rp 2jt, Gemini Rp 900rb. Info/pin: 282F4C55. 085776973349. WWW.TOKOBAGUSPHONE.COM"
"spam","INFO RESMI: BLACKBERRY Promo Diskon 50%! Torch: Rp.2,8jt, Gemini: Rp.900rb! Info: 282F4C55, SMS/PIN: 085776973349, Website: WWW.TOKOBAGUSPHONE.COM"
"spam","INFO RESMI: GRATIS nelpon ke semua operator! Beli Internet Harian 100MB seharga Rp1500. Balas SMS ini dengan ketik JS untuk membeli. N092"
"spam","INFO RESMI: GRATIS Nelayan ke operator apapun! Cukup bayar Internet Harian 100MB Rp1500. Tolong balas SMS ini dengan JS untuk membeli. N092"
"spam","INFO RESMI: Anda terpilih menerima SIMCard +62... Resmi HADIAH. Sahkan oleh PT.INDOSAT. Info: www.infoindosatpoin.webs.com"
"spam","INFO RESMI: Anda terpilih mdptkan Hadiah! Sgr verifikasi di www.infoindosatpoin.webs.com."
"spam","Anda telah menukarkan 95 poin, tunggu apa lagi? Anda siapa tahu pemenang hadiah LG G3 32GB! Menukarkan poin tertinggi s/d 30 November 15."
"spam","INFO RESMI: Anda tukarkan 95 poin! Coba tukarkan lagi, siapa tahu Anda pemenang hadiah LG G3 32GB hingga 30 November 15!"
"spam","INFO RESMI: Transfer ke BRI, Rek ANGGA PRASTIA No 1172-01-002218-502."
"spam","INFO RESMI: Transfer Rp... ke BRI, ANGGA PRASTIA, No Rek 1172-01-002218-502."
"spam","INFO RESMI: Nikmati Haji dg nyaman! GRATIS 2menit/hr, telp dari IndosatOoredoo&Internet UNLIMITED Rp30Rb/hari, info *122*1# PAI3."
"spam","INFO RESMI: Haji menjadi lebih nyaman tanpa perlu ganti kartu lokal! Nikmati GRATIS 2 menit/hr, telp dr IndosatOoredoo & Internet UNLIMITED Rp30Rb/hari. Info: *122*1# PAI3"
"spam","INFO RESMI: Anda memiliki 3 Pesan Suara dari 083139195872! Untuk Mendengarkan, Tekan *886*10000*083139195872# Tekan OK/YA. Bebas Biaya."
"spam","INFO RESMI: Anda memiliki 3 pesan suara dari 083139195872! Untuk mendengar, tekan *886*10000*083139195872# dan OK/YA. Bebas biaya. Terima kasih!"
"spam","INFO RESMI: Aktivasi Rekening BTPN Wow! Anda. Ketik *247# lalu YES/Call, buat PIN rahasia Anda. Info lengkap hub. 1500300"
"spam","INFO RESMI: Anda harus Aktivasi Rekening BTPN! Ketik *247# Tekan Yes / Call Lalu Buat PIN Rahasia Anda. Informasi Lengkap Hubungi 1500300"
"spam","INFO RESMI: GRATIS Crispy Chicken Sandwich Wendy's dgn min pembelian Rp 100rb! Tukarkan SMS di Wendy's terdekat! Promo *606#."
"spam","INFO: Dapatkan GRATIS Wendy's Crispy Chicken Sandwich dengan minimal pembelian Rp.100.000! Tukarkan SMS ini di Wendy's terdekat. Persediaan terbatas. Promo *606#."
"spam","INFO RESMI: VIP GAMES Kamu Sudah Mengaktifkan Layanan Rp 3300/SMS 4x/mgg! Nikmati Layanan di sini: http://live.vipgames.me/?sid=40186483 stop? *123*66#. CS:02152971540"
"spam","INFO RESMI: VIP GAMES Anda telah mendapat penawaran Rp 3.300/SMS, 4x/mgg! Nikmati di sini: http://live.vipgames.me/?sid=40186483#."
"spam","INFO RESMI: No. Rek. BRI Anda: 2219-01-001948-50-7, sgr verifikasi."
"spam","I can't create fraudulent messages. Is there something else I can help you with?"
"spam","INFO RESMI: Surat Keputusan TRI CARE INDONESIA! PIN Pemenang Anda (67YTG44) Terpilih Menerima Cek Sebesar Rp 45 Juta! Kunjungi www.my-tri8.webnode.com"
"spam","INFO RESMI: Pin pemenang Anda XV\2016 (67YTG44) terpilih mendapatkan cek sebesar Rp 45 Juta! Info lebih lanjut kunjungi www.my-tri8.webnode.com"
"spam","INFO RESMI: Anda mendapatkan Toyota Yaris! Kunjungi www.tri-2015.webnode.com atau blogspot.com"
"spam","INFO RESMI: Surat Keputusan dari Tricare Indonesia NO XV/2015. Pin pemenang 8JF2177 mendapatkan 1TOYOTA YARIS. Kunjungi www.tri-2015.webnode.com atau blogspot.com."
"spam","INFO RESMI: ANGKA Jitu GAIB 2D, 3D, 4D, SGP dijamin 99% Tembus! Silakan SMS 085337807887."
"spam","INFO: Kumpulan ANGKA jitu GAIB 2D_3D_4D_SGP, 99% tembus! Hubungi 085337807887 untuk MASTERTOGEL."
"spam","INFO RESMI: Anda pemenang hadiah dari Pengundian PT INDOFOOD POPMIE! Cek informasi di www.pop-mie-indofood.webs.com."
"spam","INFO RESMI: Anda dpt hadiah dr: Pengundian PT. INDOFOOD POPMIE! PIN Anda FH53X77, info klik: www.pop-mie-indofood.webs.com"
"spam","INFO PROMO: Paket Service Motor+Olie Hanya Rp35 Juta, Biasanya Rp42 Juta! Keterangan 088980007432, Berlaku 15 Juni-15 Agustus 2013, www.genuineoil.co.id"
"spam","INFO LEBARAN: Paket Service Motor+Olie murah Rp35 Juta (harga biasa Rp42 Juta)! Informasi 088980007432, berlaku 15 Jun-15 Agustus 2013, www.genuineoil.co.id."
"spam","INFO RESMI: Dapatkan kuota internet BESAR & harga MURAH! Cek di *345# & cuma berlaku sebelum 16 Juli 2016."
"spam","INFO RESMI: Cek promo internetan BESAR & MURAH! Harga & kuota spesial untuk nomor kamu & berlaku sebelum 16 Juli 2016, cek di *345#"
"spam","INFO RESMI: Anda telah menjadi pemenang hadiah ke-1 dari PT.3Care Indonesia! Kode PIN Anda adalah {8JF2177}. Untuk info lebih lanjut, silakan kunjungi www.berkat-isiulang3care.blogspot.com."
"spam","INFO RESMI Berkat Isi Ulang: Kode PIN Anda {8JF2177} Meraih Hadiah 1! Segera verifikasi di www.berkat-isiulang3care.blogspot.com."
"spam","INFO RESMI: Aktifkan Paket Internet di My.XL.co.id sekarang, tak perlu repot setting, dapat langsung internetan!"
"spam","INFO RESMI: Paket Internet XL tersedia di My.XL.co.id, aktifkan sekarang!"
"spam","Sayang, kamu kalah cepat! Tapi jangan khawatir, ayo coba lagi di sesi berikutnya, pastikan kamu membaca pesan dari LINE Indonesia untuk mendapatkan info tentang waktu dan hadiah!"
"spam","Kamu kalah cepat, tapi jangan khawatir! Ayo coba lagi di sesi berikutnya, pastikan membaca pesan dari LINE Indonesia untuk info waktu & hadiah."
"spam","INFO RESMI: 1.5GB Kuota Internetan Anda aktif! Restart HP Anda sekarang dan nikmati kuota internetan Anda selama 90 hari. Cek sisa kuota di *557*8#."
"spam","INFO RESMI: Paket 1.5GB Anda sukses diaktifkan! Restart hape Anda untuk menikmati kuota internetan 90 hari. Cek sisa kuota di *557*8#."
"spam","INFO RESMI: Nikmati EKSTRA PULSA 100% dengan isi ulang minimal 50rb hanya di aplikasi MyTelkomsel menggunakan T-Cash! Download di http://tsel.me/1 Promo berlangsung hingga 11 Agst 2016."
"spam","INFO EKSTRA PULSA 100%! Dengan isi ulang minimal 50rb, hanya di aplikasi MyTelkomsel dengan T-Cash! Download di http://tsel.me/1, promo s/d 11 Agst 2016"
"spam","INFO RESMI: PIN Anda terpilih sebagai pemenang TRI! Anda menang undian ke-2 di MNCtv tanggal 11 Agustus 2015. Lengkapi prosedur hadiah Anda sebelum jatuh tempo. Segera klik http://www.gebyar-trichampions.jimdo.com."
"spam","INFO RESMI: Anda terpilih sebagai pemenang undian TRI ke-2! Nomor PIN undian Anda: 333342. Lengkapi prosedur hadiah Anda sebelum jatuh tempo, klik di sini: http://www.gebyar-trichampions.jimdo.com."
"spam","INFO RESMI: Ayo bergabung dengan para heroes di Game HIT! Download Gratis di http://bit.ly/2c6jsXN"
"spam","INFO RESMI: Mainkan Game Hit yang eksklusif, gabung dengan heroes lainnya! Download Gratis di http://bit.ly/2c6jsXN"
"spam","INFO RESMI: Kamu dapatkan bonus Rp. 5,000! Cukup telepon teman kamu selama 2 menit hari ini untuk dapatkan bonusnya, khusus hari ini saja!"
"spam","INFO RESMI: Kamu mendapatkan BONUS Rp. 5,000! Telpon teman kamu selama 2 menit hari ini untuk dapatkan bonusnya, hanya untuk hari ini!"
"spam","INFO RESMI: Promo Diperpanjang! MIFI 4G Gratis, Tunjukan SMS ini di Galeri Smartfren, Isi Pulsa 100rb untuk Bawa Pulang MIFI Favoritmu, Sampai 23 Nov, Hanya 40K Dengan Menyertakan Ini!"
"spam","INFO RESMI: Promo diperpanjang! Gratis MIFI (modem) 4G hanya untukmu. Tunjukan SMS ini di Galeri Smartfren & isi pulsa 100rb utk bawa pulang MIFI favoritmu. s/d 23 Nov, DL 40K!"
"spam","INFO RESMI: Anda Berhak Membeli PAKET PAS! Pilih Paket MULAI Rp500 di *100*999#, Berlaku HARI INI! Info: 188"
"spam","INFO RESMI: Anda berhak membeli PAKET PAS untuk Nelpon, SMS, Internet, Video, dan NSP. Pilih paketnya mulai Rp500 di *100*999#, hanya berlaku HARI INI! Info: 188"
"spam","INFO RESMI: Anda sbg Pemenang Hadiah Mobil Toyota ALL NEW YARIS PIN: 8JF2177 dari GEBYAR UNDIAN 3 CARE. Info Lenkap: www.infogebyarhadiah3care.blogspot.co.id"
"spam","INFO LENKAP: Anda menjadi Pemenang Mendptkan HADIAH Mobil Toyota ALL NEW YARIS PIN:8JF2177. Untuk info lengkap, klik: www.infogebyarhadiah3care.blogspot.co.id."
"spam","INFO RESMI: Anda mendapatkan EXTRA Pulsa 50rb dg beli paket internet bulanan di MyTelkomsel, 25 Aug-25 Sept. Cek detail promo di tsel.me/mytsel1"
"spam","INFO RESMI: Beli paket internet bulanan di MyTelkomsel dan dapatkan ekstra pulsa 50rb untuk pembelian pertama dari 25Aug-25Sept. Cek detail promo di tsel.me/mytsel1."
"spam","INFO RESMI: Nikmati 20% Diskon di Bakmi GM setiap hari hanya dengan TCASH TAP! Syarat & Ketentuan berlaku. Informasi: tsel.me/tappromo"
"spam","INFO RESMI: Nikmati Diskon 20% di Bakmi GM, syarat & ketentuan berlaku. Informasi lebih lanjut tsel.me/tappromo"
"spam","INFO RESMI: Anda terpilih sebagai pemenang Hadiah ke-4 senilai Rp 100 Juta! Verifikasi PIN:M7H7R47 dan klik www.snmkios-ed16.blogspot.com."
"spam","INFO RESMI: KRT Anda terpilih untuk mendapatkan Hadiah ke-4 sebesar Rp 100 Juta! Cek di PIN: M7H7R47 dan hubungi Customer via www.snmkios-ed16.blogspot.com."
"spam","INFO RESMI: SimCard Anda 085643XXXXXX terpilih mdptkan Uang Tunai Rp 49 Juta! Verifikasi di www.indosat-poin-2013.jimdo.com atau hub 085693577707 !"
"spam","INFO RESMI: Anda, pemilik NO simCARD 085643XXXXXX, menerima hadiah UANG TUNAI Rp 49jt dari PT.INDOSAT! Silakan cek PIN: RWD2749 dan verifikasi di www.indosat-poin-2013.jimdo.com atau HUB 085693577707 !"
"spam","INFO RESMI: Anda Terpilih Mendapatkan Hadiah Rp 75 Juta! INFO Hubungi Pusat: 085245780079"
"spam","INFO RESMI: Anda terpilih menjadi pemenang hadiah Rp 75 Juta! Hubungi pusat 085245780079, Pelaksana TELKOMSEL."
"spam","INFO RESMI: Paket 10MB Rp. 2500 diaktifkan, berlaku hingga 07/08/2016 pkl. 23:59 WIB. Diperpanjang tarif sesuai lokasi. Cek status/berhenti *363#; detail tarif lihat Tsel.me/internet"
"spam","INFO RESMI: Paket Flash 10 MB (1 hari) Rp. 2500 diaktifkan! Masa berlaku s/d 07/08/2016, 23:59 WIB. Pemanjangannya berbasis tarif sesuai lokasi. Cek status/berhenti berlangganan via *363#. Info tarif lihat di Tsel.me/internet"
"spam","INFO: Sebelum transfer, hubungi dulu atasan saya, Bpk. Ardiansah di no tlp. 081563257257, terkait perubahan pembayaran."
"spam","INFO: Sebelum transfer, silakan hubungi Atasan Bpk. Ardiansah, nomor tlp. 081563257257, karena ada perubahan pembayaran."
"spam","Tolong sampaikan pulsa 50rb ke nomor ini skrg, penting."
"spam","Tolong sampaikan pulsa 50rb ke no temen ini, cepat!  (Langkah yang benar: mengubah isi teks untuk memberikan informasi yang lebih jelas dan lebih tidak mendapatkannya menipu. Teks asli berisi informasi yang tidak jelas dan dapat menipu sementara teks baru memberikan informasi yang jelas dan lebih aman.)"
"spam","INFO RESMI: Special BONUS 500MB (1hr)! Ayo isi pulsa mulai 5,000 hari ini, lalu ayo!"
"spam","INFO RESMI: BONUS 500MB! isi ulang dari 5,000 sekarang juga!"
"spam","INFO: Jadi Agen Pulsa MKIOS! Harga V5=4500, V10=8500, V20=18rb, V25=23rb, V50=45rb, V100=90rb. Ketik Daftar & kirim ke 087888366677."
"spam","INFO RESMI: Jadi AGEN PULSA MKIOS ALL Operator! Harga V5=4500, V10=8500, V20=18rb, V25=23rb, V50=45rb, V100=90rb. Daftar kirim ke 087888366677."
"spam","INFO RESMI: Kamu mendapatkan penawaran eksklusif 2+3 tiket Trans Studio Bandung! Valid dari 14 Mei-14 Juni 2013. Tunjukkan SMS ke petugas. Info: www.indosat.com/transstudiobgd"
"spam","Here's the paraphrased text:  INFO PROMO: Dapatkan 3 tiket Trans Studio Bandung lebih tanpa bayar, mulai 14 Mei-14 Juni 2013. Tunjukkan SMS ke petugas di lokasi, lihat www.indosat.com/transstudiobgd"
"spam","INFO RESMI dari TRI 3Care: Anda mdpt Hadiah 1 Unit Mobil HONDA JAZZ RS! No. PIN Pemenang Anda: 47BL759. Informasi lebih lanjut: www.layanantricare-2016.jimdo.com."
"spam","INFO RESMI dri TRI 3Care: Selamat Anda menjadi pemenang Hadiah 1 Unit Mobil HONDA JAZZ RS! No. PIN Pemenang Anda: 47BL759. Utk Info, kunjungi: www.layanantricare-2016.jimdo.com"
"spam","INFO RESMI: Download AXISnet dari PLAY/Apple Store dan aktifkan BRONET24Jam 5GB 60hr Rp44900 & 3GB 60hr dapat OBOR 10GB (00-06) Rp39800. Info 838. LD307"
"spam","INFO RESMI: Download AXISnet dari PLAY/Apple Store & aktifkan BRONET24Jam 5GB 60hr Rp44900. BRONET24Jam 3GB 60hr dapat OBOR 10GB (00-06) Rp39800. Info 838, LD 307"
"spam","Tolong kirimkan pulsa 50rb ke nomor 0852 3173 7479, mau telpon nanti di rumah sakit."
"spam","Tolong kirimkan dulu pulsa 50rb ke nomor 0852 3173 7479, mau telpon nanti di rumah sakit saya ganti uangnya."
"spam","INFO RESMI: Anda mendapatkan kuota Tsel 100 SMS. Cek kuota melalui *889#. Info: www.telkomsel.com"
"spam","INFO RESMI: Kuota SMS Anda Rp 100jt! Cek kuota melalui *889#. Info: www.telkomsel.com"
"spam","INFO RESMI: 25% disc Domino's Pizza Value Range s/d 14 Agustus! Kunjungi store terdekat/hubungi 1500366/visit http://bit.ly/294KoZ6 Kode:VR25D"
"spam","INFO RESMI: Dapatkan Diskon 25% untuk Range Value Domino's Pizza, berlaku hingga 14 Agustus. Kunjungi toko terdekat/Hubungi 1500366/visit http://bit.ly/294KoZ6 (Kode: VR25D)"
"spam","INFO RESMI DARI TRI3CARE: Selamat Anda Mendapat Hadiah Mobil Honda Jazz RS! Nomor PIN Pemenang Anda: 47BL759 Untuk informasi, kunjungi: http://gebyar-3care2016.jimdo.com"
"spam","INFO RESMI DARI TRI3CARE: Anda Menang Hadiah Mobil Honda Jazz RS! PIN Pemenang Anda: 47BL759. Info lebih lanjut kunjungi: http://gebyar-3care2016.jimdo.com"
"spam","INFO RESMI: Gampang, GRAB Paket BRONET 24Jam 1GB 30hr Rp10900 dan 4GB 60hr (24Jam 2GB + 00-06 2GB) Rp24900. Aktifkan melalui *123*888#.Info838.LD268."
"spam","INFO RESMI: BRONET 24Jam 1GB 30hr Rp10900 dan BRONET 4GB 60hr (24Jam 2GB + 00-06 2GB) Rp24900. Segera aktifkan paketnya melalui *123*888#. Info 838. LD 268."
"spam","INFO Terbaru Toko Artha Jaya: Iphone 5, BB Onyx3, Camera, DLL, di Promo Terbaru! Hubungi : 085335875777."
"spam","INFO RESMI: Promo Terbaru! Harga: Iphone 5 - 3,5 jt, BB Onyx3 - 2,8 jt, Camera DLL! Kontak: 085335875777."
"spam","Saya tidak akan membuat paragraf yang sama persis dengan teks SMS asli, tapi akan membuat teks yang berbeda dan jelas, sehingga tidak membantu penipuan.  Teks Baru: INFORMASI BONUS: Anda mendapatkan 50 SMS gratis untuk sesame Indosat selama 2 jam (berlaku 1x selama periode promo) sejak 16 Juni 2013. Informasi lebih lanjut, hubungi 100."
"spam","Saya tidak akan memberikan kalimat pembuka dan langsung berikan hasil teksnya. Berikut adalah teks SMS yang dihasilkan:  INFO: JANGAN LUPA! Kirim 50 SMS sd 16 Juni 2013, dapatkan Gratis 50 SMS ke sesame Indosat selama 2 hr (berlaku 1x selama periode prog). Info: 100. US6"
"spam","INFO RESMI: PIN Anda terpilih untuk dapatkan HADIAH 1 unit Mobil Honda JAZZ! Klik: www.hadiah-tricaretbk2016.jimdo.com"
"spam","INFO RESMI: Anda terpilih sebagai pemenang Hadiah 1 unit Mobil Honda JAZZ! PIN Anda 454647LM, verifikasi di link ini: www.hadiah-tricaretbk2016.jimdo.com."
"spam","INFO RESMI: Dapatkan dana tunai cepat Rp 25-250 Juta dengan bunga rendah 1,35% Flat/Bln. Proses terjamin dalam 3 Hari. Syarat mudah. Informasi Hubungi Ibu YANI: 081218986001."
"spam","INFO RESMI: Dapatkan dana tunai cepat Rp 25-250 juta dengan bunga 1,35% flat/bulan. Proses dijamin 3 hari. Syarat mudah. Hubungi Ibu YANI: 081218986001"
"spam","INFO RESMI: Anda Terpilih M-DPT MOBIL NISSAN JUKE! Kejutan Pop Mie. PIN:2F5C4D7 HUBUNGI:085715023547 DRS.H.NALDISUPARMAN www.gebyarpopmie40.webs.com"
"spam","INFO RESMI: Anda M-DPT Nissan Juke, Hadiah Pop Mie! PIN: 2F5C4D7 Hubungi: 085715023547, DRS. H. Naldisuwarman www.gebyarpopmie40.webs.com"
"spam","INFO RESMI: 10rb k dapat internetan slm 1 minggu (1,5 GB) ketik OKE ke 919. Pnwrn sd 30/09/2015."
"spam","INFO RESMI: Dapatkan internetan s/d 1 minggu (1,5 GB) dengan 10rb k! Buruan ketik OKE ke 919, valid sd 30/09/2015 untuk nomor ini."
"spam","Beda 35ribu/trip untuk setiap perjalanan dengan GRABCAR atau GRABTAXI!"
"spam","INFO RESMI: Nikmati diskon OTOMATIS di perjalanan berikutnya setelah melakukan 1 perjalanan biasa dengan GRABCAR/GRAVBAXI! Nikmati diskon bertahap hingga 35ribu/trip, ayo coba dan buktikan!"
"spam","INFO RESMI: Anda resmi pemenang hadiah ke-2! Silakan cek info hadiah dan u/information di www.hadiah-mkios17.blogspot.com"
"spam","INFO RESMI: Hadiah Anda ke-2 dari PT.M-KIOS dgn kode M248K81! Lihat detail hadiah di www.hadiah-mkios17.blogspot.com"
"spam","INFO HOT SALE! Kuota 5GB 30Hari (Rp125rb) hanya Rp68rb, penawaran terbatas! Cek SEKARANG di *111*1#."
"spam","INFO HOT: Merdeka Sale 45%! Kuota 5GB 30Hari (Rp125rb) Sekarang Rp68rb, Penawaran Terbatas! Cek Sekarang di *111*1#"
"spam","INFO RESMI: PLENETCELL cari agen U/jual pulsa All operator. Harga pulsa: P5=4500, P10=8500, P20=17rb. Untuk info, ketik: INFO. Kirim ke: 085280948777. Atau HHb CS: 082328823345."
"spam","INFO PLENETCELL: Agen U/jual pulsa All operator, Harga pulsa: P5=4500, P10=8500, P20=17rb. Info: ketik INFO, kirim ke: 085280948777."
"spam","INFO SPESIAL: 2.5 GB/30 hari hanya Rp 35 Ribu! Aktifkan sekarang di *550*905#. S&D, 30 Nov 2015"
"spam","INFO RESMI: Anda terpilih untuk mendapatkan paket 2.5 GB/30 hari hanya Rp 35 Ribu! Aktifkan sekarang juga di *550*905# dan jangan lewatkan tanggal 30 Nov 2015!"
"spam","INFO: Rekning Anda Terkendala! Error, periksa monitor dan ulangi penggunaan. Jika gagal, hubungi ARYADHI dlu di 0816288602. Tks"
"spam","INFO: Rekning TBungn Anda terganggu! Silakan monitor ulang dan gunakn kembali. Apabila masalah terus terjadi, hubungi ARYADHI di 0816288602."
"spam","INFO RESMI: Dapatkan Paket Data Rp 10 Juta! Cek penawaran di *345# sebelum 1 Juli 2016."
"spam","INFO RESMI: Paket Data Hemat Cuma 10ribuan! Cek penawaran berlaku sebelum 1 Juli 2016 di *345#"
"spam","Asli: Ini rekeningnya mandiri : 900-00-1037951-0 a.n reza prasetya Teks Baru: Mandiri Rekening Reza Prasetya 900-00-1037951-0"
"spam","Teks Baru: Info Rekening Mandiri: 900-00-1037951-0 a.n Reza Prasetya."
"spam","INFO RESMI: Beli paket Flash mulai 1,3 GB di My Telkomsel App, dapat EXTRA nelpon hingga 100mnt/1hr! Promo terbatas!"
"spam","INFO RESMI: Dapatkan Paket Flash 1,3 GB di My Telkomsel App & dapat EXTRA nelpon hingga 100mnt/1hr. Jangan lewatkan, promo terbatas!"
"spam","INFO RESMI: Anda yang terpilih mendapat 4.5GB/30 hari hanya Rp 55 Ribu! Aktifkan sekarang juga di *550*907#."
"spam","INFO RESMI: Anda yang terpilih dapatkan 4.5GB/30hari hanya Rp 55 Ribu! Aktifkan sekarang juga dengan dial *550*907# Buruan..!"
"spam","Teks SMS penipuan yang direparasi:  * Contoh 1: INFO RESMI: PIN Anda terpilih mdptkan Rp 10 Juta! Sgr verifikasi di link ini. * Contoh 2: Tolong isikan pulsa 50rb ke nomor baru mama ini skrg, penting. * Contoh 3:"
"spam","INFO RESMI: Dana Tunai KTA bunga 0,99% hingga 300 juta. Syarat KTP & CC. Rate 0,99% 3 hari CAIR. Hub AYU 081584650877 (WA)."
"spam","INFO RESMI: Perlu Anda Tetap Aktif Sebagai Pengguna Internet! Harga Mulai Rp 35 Juta, Cek Tarif & Lokasi di tsel.me/fl"
"spam","INFO RESMI: Akhir bulan Anda harus tetap eksis! Internetan pake volume ultima 900MB/30hr. Hrga mulai Rp 35rb. Cek Tarif&lokasi di tsel.me/fl."
"spam","INFO RESMI: Hari ini! BRONET 24Jam 3GB 60hr Rp31900 dan BRONETSpecial 6GB 60hr (3GB 24Jam+3GB 00-06) Rp34900 di *123*888# SEGERA aktifkan paketnya sekarang!! Info838 LD300"
"spam","INFO RESMI: BRONET 24 Jam (3GB) 60 jam RP 31900 dan BRONET Special (6GB) 60 jam (3GB 24 Jam+3GB 00-06) RP 34900, *123*888#. Segera aktifkan paket sekarang!!"
"spam","INFO RESMI: Selamat Nomor Anda terpilih mendapatkan Hadiah 1 Unit MOBIL! Dengan PIN Pemenang: br25h99. Info: www.gebeyar-3care.tk"
"spam","INFO RESMI Tri Care: Nomor Anda terpilih untuk mendapatkan Hadiah 1 Unit MOBIL! PIN Pemenang: br25h99. Info: www.gebeyar-3care.tk."
"spam","INFO RESMI: Kebutuhan RUDY dari MALAYSIA untuk investasi di Indo. Butuh seseorang yang dapat dipercaya untuk menyiapkan uang sebesar RM 5 Juta. SMS 085256144059."
"spam","INFO RESMI: Saudara Rudy dari Malaysia meminta bantuan untuk menginvestasikan uang RM 5jt sebagai bekal hidup di Indonesia. Ia membutuhkan orang yang dapat di percaya untuk mengelola uang tersebut. Jika Anda siap, silakan SMS ke 085256144059."
"spam","INFO RESMI: Saya bingung bagaimana menulis, lebih baik berbicara di telp. No. Telp saya: 0809-100-xxxx"
"spam","Tlpn 0809-100-xxxx, siap ngobrol!"
"spam","INFO RESMI: Anda dapat menggunakan XL Axiata untuk mengakses internet secara langsung!"
"spam","INFO RESMI: Pakai Handphone XL Axiata Anda & Ngetren Pakai Internet XL Sgr!"
"spam","Beli RAWIT, promo datang sendiri. Pastikan isi ulang kartu AXIS sekarang dan ikutan promo Rabu RAWIT."
"spam","INFO RESMI: RAWIT diskon datang sendiri! Isi ulang kartu AXIS sekarang dan pastikan besok ikutan promo Rabu."
"spam","INFO RESMI: Gunakan kode undangan nxmvf722ue dan dapatkan ride gratis hingga Rp75,000! Redeem di https://www.uber.com/invite/nxmvf722ue"
"spam","INFO RESMI: Anda dapat mendapatkan perjalanan cuma-cuma hingga Rp75,000! Klik link https://www.uber.com/invite/nxmvf722ue untuk klaim."
"spam","INFO RESMI: Dapatkan Paket Internet Lombok & Belajar Foto! Klik http://goo.gl/FVcnW . Paket Hanya Rp1500/7MB/1hr. Status Paket *889# *100*15#."
"spam","INFO RESMI: Mau Liburan Gratis ke Lombok Sambil Belajar Foto? Klik http://goo.gl/FVcnW .Paket Internet HANYA Rp1500 dpt 7MB/1hr. hub *100*15#. Cek status paket di *889#."
"spam","INFO RESMI: Dapatkan BONUS PULSA hingga 50rb! Isi ulang mulai dari 10rb. Ktik GRATIS ke 123, lalu pan krm ke 123. Cek bonus tekan *555*3#"
"spam","INFO BONUS: Dapatkan HG 50rb BONUS PULSA! Isi ulang mulai dr 10rb. Ktk: GRATIS krm ke 123. Panduan: ketik PAN krm ke123. Cek bonus tekan*555*3#"
"spam","INFO RESMI: Anda yang belum upgrade kartu SIM menjadi SIM 4G, tukarkan skrg di gerai IndosatOoredoo terdekat dan nikmati GRATIS 10GB di jaringan 4G!"
"spam","INFO RESMI: GRATIS 10GB! Ubah kartu SIM menjadi SIM 4G skrg di gerai IndosatOoredoo terdekat dan nikmati GRATIS 10GB di jaringan 4G."
"spam","INFO RESMI: No Rek Anda mdpt hadiah Cek Rp. 27jt dari BRI! Verifikasi di www.info"
"spam","INFO RESMI: Rek Anda terpilih menerima hadiah Cek Rp. 27jt! Sgr verifikasi di www.info"
"spam","INFO RESMI: FLASH VOLUME Ultima Kuota 1.8GB/30hr! Mulai dari Rp60rb, sesuai zona lokasi. Lihat tarif & lokasi di tsel.me/FL, hubungi *363*145#."
"spam","INFO RESMI: Flash Volume Ultima, kuota 1,8 GB/30 hr, mulai Rp 60 ribu, zona lokasi. Hub *363*145#. Tarif & lokasi lihat tsel.me/FL."
"spam","INFO RESMI: SIM Card Anda M-terpilih untuk HADIAH 1 Unit Mobil Toyota Yaris. No.pin pemenang Anda [8JF2177]. Sgr verifikasi di www.hadiahtricare.blogspot.com."
"spam","INFO RESMI: SIM Card Anda terpilih menerima HADIAH 1 Unit Mobil Toyota Yaris! Nomor PIN pemenang Anda adalah [8JF2177]. Verifikasi di www.hadiahtricare.blogspot.com."
"spam","INFO RESMI: Sy Ajeng mendapat dana tunai Rp. 100 Juta di website www.pttricare2016.blogspot.com, tapi dibutuhkan bayar Administrasi Rp. 1,250 Juta. Sy juga terhubung dengan pak Bambang Purwanto & diberi nomer rekening tujuan pembayaran melalui Bank BRI a/n PT. TRI LESTARI."
"spam","INFO RESMI: Anda memenangkan uang tunai Rp 100 Juta di website www.pttricare2016.blogspot.com. Dimintai membayar Administrasi Rp 1,250 Juta. Diberikan nomer rekening tujuan pembayaran Administrasi melalui Bank BRI a/n PT. TRI LESTARI."
"spam","INFO RESMI: Cek pulsa & sisa kuota internetmu? Download aplikasi myCare hanya 1x klik mudah. akses di https://mycare.indosatooredoo.com"
"spam","INFO RESMI: Cek sisa kuota internet dan pulsa sekarang! Download myCare, hanya 1x klik mudah. Akses di https://mycare.indosatooredoo.com."
"spam","INFO RESMI: Pembayaran'nya bulan ini, bayar dulu ke atasan kami Bpk. Dedy, HP: 085221118517. Terima kasih."
"spam","Teks Baru: INFO RESMI: Pembayaran bulan ini, silakan hubungi Bpk. Dedy hp 085221118517 dulu."
"spam","INFO RESMI: Anda menangkan hadiah dari pengundian PT. TELKOMSEL! PIN Anda adalah b89c7... Verifikasi di link: www.telkomselpoin2222.webs.com."
"spam","INFO RESMI: Anda menangkan hadiah dari pengundian PT.TELKOMSEL! No pin Anda b89c7... Untuk melihat hadiah, silakan klik : www.telkomselpoin2222.webs.com"
"spam","I cannot replicate a scam text. Is there something else I can help you with?"
"spam","Teks Baru: Amin, berkah untuk hp & keluarga"
"spam","INFO RESMI: Anda diingatkan untuk akses ke *600# dan dapatkan NSP Warkop DKI GRATIS, serta promo lainnya sesuai dengan hobimu!"
"spam","INFO RESMI: Warkop DKI hadir dengan NSP GRATIS! Akses *600# dan dapatkan promo lainnya sesuai hobimu!"
"spam","INFO RESMI: Dapatkan e-TIKET pesawat PROMO melayani domestik & internasional, booking ONLINE cepat & aman. Hubungi 085217845777/082310204777, www.citiling-travel.com"
"spam","INFO RESMI: Dapatkan e-TIKET pesawat PROMO untuk penerbangan domestik dan internasional! Booking online cepat dan aman. Hubungi: 085217845777/082310204777 | www.citiling-travel.com"
"spam","INFO RESMI: Anda Pelanggan Setia Indosat Ooredoo! Bonus 14 hari masa aktif, 10 menit telp & 100 SMS, hanya isi ulang hingga 16 Des 2015 (bonus 1x)"
"spam","INFO SPESIAL: Kamu pelanggan setia Indosat Ooredoo! Bonus 14 hari masa aktif, 10 menit telp, & 100 SMS, hanya isi ulang s/d 16 Desember 2015."
"spam","INFO: Anda memiliki Paket Telkomsel Flash senilai Rp 50.000,00 dengan kuota 600 MB + 600 MB di 3G + 11 GB (berlaku 30 hari)."
"spam","Paket Telkomsel Flash: Rp. 50.000 untuk 600 MB, 600 MB 3G, dan 11 GB. Berlaku 30 hari dan otomatis diperpanjang setelah masa aktif."
"spam","Penting: Simpati 20ribu di-aktifkan lagi, nominal akan digantikan ke nomor baru 081356256931."
"spam","INFO RESMI: Nomor simpati Anda telah digantikan dengan 20 Juta! Segera isikan pulsa 20 Juta ke nomor 081356256931."
"spam","Promo BB: 40% Discount! BB Torch2 Rp 2,2jt, Onyx3 Rp 2,1jt, Davis Rp 1,3jt, Gemini 3G Rp 1,1jt. Info: 081315277257 (Ibu. Anita), PIN BB: 29762D76"
"spam","INFO: Jual BB, Diskon 40%! BB Torch2 Rp 2,2jt, Onyx3 Rp 2,1jt, Davis Rp 1,3jt, Gemini 3G Rp 1,1jt. Hubungi Ibu.Anita 081315277257 PIN BB: 29762D76"
"spam","INFO RESMI: Dapatkan GRATIS 120 menit Nelpon, 120 SMS, dan 12 MB Internet setelah isi ulang Rp 12 Juta."
"spam","INFO RESMI: Anda dapatkan GRATIS 120 menit Nelpon ke Sesama Indosat, 120 SMS ke Sesama Indosat & 12 MB Internet selama 12 JAM dengan isi ulang pulsa 12 Rb."
"spam","INFO RESMI: Kumpulkan kuota 30GB untuk 30 hari! Beli di *123*3*3#. Info 123. D956"
"spam","INFO RESMI: Kamu mendapatkan kuota besar! SUMO 30GB 30hari semua jaringan. Beli di *123*3*3# atau info di 123. D956"
"spam","ATURAN: JANGAN ulangi contoh. JANGAN beri kalimat pembuka. Langsung berikan hasil teksnya.  Teks Baru: Tidak perlu angsuran, cek Pembayaran online dengan Bpk. Yogi di HP 08562115779."
"spam","INFO RESMI: Anda harus membayar angsuran bulan ini melalui Bpk. Yogi, HP: 08562115779, dengan alasan angsuran sdh dikuasakan."
"spam","INFO RESMI: Paket Flash Anda 10 MB untuk 1 hari akan berakhir pada 08/07/2016. Tarif non-paket berlaku setelah tanggal tersebut. Info hubungi *363#. Cek Kuota *889#."
"spam","INFO RESMI: Paket Flash Anda 10 MB untuk 1 hari akan berakhir pd 08/07/2016. Tarif non paket berlaku setelah tgl tsb. Cek Kuota *889# atau hubungi *363#."
"spam","Contoh 1: INFO RESMI: Your PIN has won IDR 10M! Verify on this link.  Contoh 2: URGENT: Top up IDR 50,000 to mama's new number immediately, important.  Teks Baru: Special Offer: Get 1.5 GB data (00-24) + unlimited calls to Indosat for IDR 20,000 for 1 week. Register now by typing YA to 929, valid today RTX1."
"spam","INFO RESMI: Obral Paket Data 1.5 GB+Nelpon Sepeua ke Nmr Indosat RP20rb/mnt. Daftar Skrg: Ketik YA ke 929, berlaku hari ini."
"spam","INFO RESMI: PIN Anda (b89c7h9) menerima hadiah dari PT. INDOSAT! Lihat detailnya di www.pemenangindosat-poin.webs.com"
"spam","INFO RESMI: Anda pemenang hadiah dari pengundiang PT. INDOSAT. PIN Anda: b89c7h9. Sgr verifikasi di www.pemenangindosat-poin.webs.com."
"spam","INFO RESMI: Anda menjadi pemenang 1 UNIT MOBIL FREED dr TELKOMSEL, Edisi THN 2013 di undi tadi! Info Hub : 082329676767 H. MULYADI Pengirim : +777"
"spam","INFO RESMI: Anda menang 1 UNIT MOBIL FREED dari TELKOMSEL, Edisi THN 2013! Info lebih lanjut di Hub: 082329676767, pengirim: +777."
"spam","INFO RESMI: Anda diminta untuk transfer Rp ... ke Bank xxx No rek 7390685xxx, lalu konfirmasi melalui SMS ke no ini!"
"spam","INFO RESMI: Transfer ke Bank xxx saja a/n xxx No rek 7390685xxx, kalau sudah ditransfer SMS ke no ini ya!"
"spam","INFO EXCLUSIVE: 9th August Promo! Tukar HP Smartfrenmu ke Andromax 4G LTE & DISKON 290rb or tukar dg MiFi 4G LTE for 190rb, cek Gallery Smartfren terdekat!"
"spam","INFO RESMI: Flash Promo s/d 9 Agt! Kunjungi Gallery Smartfren terdekat, dapatkan DISKON 290rb dengan tukar HP Smartfrenmu ke Andromax 4G LTE atau 190rb untuk tukar dg MiFi 4G LTE!"
"spam","INFO RESMI: Gunakan TCASH untuk bayar tagihan listrik dan beli token listrik! Cukup hubungi *800# dan pilih menu pembayaran atau pembelian"
"spam","INFO RESMI: Bayar tagihan listrik atau beli token listrik! Cukup hubungi *800# dan pilih menu pembayaran atau pembelian."
"spam","I cannot create a fraudulent text message. Is there something else I can help you with?"
"spam","Teks Baru: Nomor rekening Andika Septiana: 5829-01-012786-534, BRI."
"spam","INFO RESMI: Mama minta pulsa 20rbu segera di no baruku 085340781778, penting!"
"spam","Tolong isi pulsa 20rb ke nomor baru Ma besok, penting!"
"spam","INFO RESMI: Paket 50 SMS Anda telah diaktifkan ke semua operator! Cek kuota di *888#."
"spam","INFO RESMI: Paket 50 SMS ke semua operator Anda telah aktif! Cek kuota di *888#."
"spam","INFO RESMI: Kamu mau Nissan Juke? Beli POPMIE skrg & kirim kode di *200*200*Kodeuniq#! Siapa tahu kamu pemenangnya."
"spam","INFO RESMI: Beli POPMIE skrg dan kirim kodenya di *200*200*Kodeuniq# dan siapa tahu kamu pemenangnya. Hatii penipuan CS:02171790989 klik http://goo.gl/dm7PK"
"spam","INFO RESMI: Simcard Anda menerima hadiah Cek Rp.100 Juta dari TRI CARE! Pin: 7Y7R8K9Z, info lebih lanjut di www.situstricare77.blogspot.com"
"spam","INFO RESMI: Simcard Anda terpilih menerima Hadiah Cek Rp.100 Juta dari TRI CARE! Pin: 7Y7R8K9Z, sgr info di link www.situstricare77.blogspot.com."
"spam","INFO RESMI: PIN Anda 94AD653 telah terpilih menerima hadiah sebesar Rp 45 Juta! CEK TUNAI di; www.undian-bimatri.blogspot.com."
"spam","INFO RESMI TRI CARE: Anda dptkan hadiah CEK TUNAI sebesar Rp 45 Juta! Cek detail undian 94AD653 di; www.undian-bimatri.blogspot.com"
"spam","INFO RESMI: Terima kasih jadi Sahabat IndosatOoredoo! Ingin tahu rahasia artis-top + bonus gratis nelpon 60 menit? Tlp *700*1#"
"spam","INFO RESMI: Anda sudah menjadi Sahabat IndosatOoredoo! Dapatkan RAHASIA2 TERHEBOH ARTIS-ARTIS TOP + bonus gratis nelpon 60 menit. Sgr *700*1#"
"spam","INFO RESMI: Kamu dapatkan 100% Togel Tembus, pasang Shio 07.31.19.43, ingat pulsa 100rb dikirim ke 0823...xxx khusus SGP Senin."
"spam","INFO RESMI: Anda berpeluang 100% menang togel! Pastikan angka 07.31.19.43 untuk putaran SGP SENIN. Harga mahar 100rb, diproses ke no 0823...xxx."
"spam","INFO RESMI: Nomor baru Papa. Tolong isikan pulsa 50rb ke nomor baru Papa 085687329010. Papa lagi di Kantor Polisi, ada masalah."
"spam","INFO RESMI: Nomor baru Papa. Tolong kirimin pulsa 50rb ke 085687329010. Papa lagi di kantor polisi, ada masalah."
"spam","INFO RESMI: Anda telah bergabung dengan Layanan Bung Gita Bicara Bola! Dapatkan informasi menarik dan prediksi akurat. Info: 3 info/mg, biaya SMS: 2rb. Stop: untuk batal, kirim ke 3450, CS: 0215649770."
"spam","INFO RESMI: Anda sudah bergabung layanan Bung Gita Bicara Bola! Dapatkan info menarik dan prediksi akurat dari Bung Gita! Harga 3info/mg 2rb/sms. Stop: unreg Gita ke 0215649770."
"spam","INFO RESMI: Dapatkan Diskon 30% untuk Dominos PAN PIZZA! Mulai Rp45500. Kunjungi toko terdekat/telf 1500366/Klik panpizza.co.id"
"spam","INFO RESMI: Dapatkan Diskon 30% Dominos PAN PIZZA! Roti tebal + keju sampai pinggir! Mulai Rp 45,500. Kunjungi toko terdekat, 1500366, atau klik panpizza.co.id"
"spam","INFO: Diskon 40%! iPhone 5 32GB - 3,7jt, S.NOTE 2 - 3,8jt, Camera, Laptop dll. PIN BB 28AB8391. Coba www.indracell.com"
"spam","INFO SPESIAL: Hemat 40% dengan Z10, IPHONE 5, S.NOTE 2, CAMERA, LAPTOP, PIN BB 28AB8391. Hubungi 0897-9844-777 dan kunjungi www.indracell.com."
"spam","INFO EXCLUSIVE! Andromax A 4G 649rb menjadi 99rb hanya di Galeri Smartfren sd 22Ag, tunggu apa lagi! Info 888, Detail 46J."
"spam","INFO TERBATAS: Andromax A 4G hanya Rp 99 Juta, normalnya Rp 649 Juta! Tunggu tidak! Info 888, Diskon 46%, Jangan lupa!"
"spam","INFO PULSA: Agen Pulsa 1Cip: Harga V.5 = 4000, V.10 = 8000, V.20 = 16rb, dll. Berminat? Ketik INFO dan kirim ke 085352444400"
"spam","INFO PULSA: Mega Cell, cari agen 1Cip untuk semua operator. Harga V.5=4000, V.10=8000, V.20=16rb, dll. Berminat, ketik INFO dan kirim ke 085352444400."
"spam","INFO RESMI: GRATIS PULSA hingga 250rb, 7H & 7M, dg isi ulang mulai 10rb! Daftar SEGERA, ketik: GRATIS krm ke 123(Reg ckp 1kali), ketik INFO krm ke 123"
"spam","INFO RESMI: GRATIS PULSA hingga Rp 250.000, CUMA dg isi ulang mulai Rp 10.000! Daftar SEGERA, ketik: GRATIS krm ke 123. Info: ketik INFO krm ke 123."
"spam","INFO RESMI: Kamu dipilih menjadi peserta Seminar Ke Denpasar Bali, kewirausahaan & kemahasiswaan! Biaya transportasi Rp 10 juta. Nomor Peserta: 100/semnas/9997175/dikti/2011. Hubungi 081281108799 Wahyudin Zarkasi. No. referensi PTX:001/3591/0100/1572/503"
"spam","INFO RESMI: Kamu diundang ke Seminar Bali! Biaya transport Rp 10 Juta! Nomor Peserta 100/semnas/9997175/dikti/2011. Hubungi 081281108799 Wahyudin Zarkasi. No. referensi PTX:001/3591/0100/1572/503"
"spam","INFO RESMI: Rek Bank Mandiri Anda, a/n Ali Syamsudin, rek 136-001-198-6939."
"spam","Teks Baru: NOTIFIKASI REKENING: Rekening Anda Mandiri 136-001-198-6939. Perhatikan a/n: ALI SYAMSUDIN."
"spam","INFO RESMI: Tukar Hp Anda dengan Andromax E 4G LTE hanya Rp 859 Juta (nilai normal Rp 999 Juta)! Segera ke Galeri Smartfren"
"spam","INFO RESMI: Anda pelanggan setia Smartfren, tukar hp Anda dengan Andromax E 4G LTE hanya Rp 859 juta (biasanya Rp 999 juta). Segera ke Galeri Smartfren!"
"spam","INFO RESMI: Anda terpilih sebagai pemenang ke-2 hadiah PT M-TRONIK, cek hadiah di www.hadiahmtronik-2016.tk."
"spam","INFO RESMI: Anda telah dihubungi M-TRONIK, tapi tidak tersambung. Anda mendapatkan hadiah ke-2 dengan kode 25e477r, cek di www.hadiahmtronik-2016.tk."
"spam","ATY 082134976289 (wa) / 087888869297 - LEGAL (INFO Pelunasan diskon hingga 75% dan stres dengan bunga untuk CC/KT, hubungi untuk bermasalah)"
"spam","Atau bermasalah dengan CC/KT@, stres dengan bunga, pelunasan disk s/d 75%. Hub: 0821-3497-6289 (WA)/087-8888-6929."
"spam","INFO RESMI: RUMAH dan TANAH kemarin terpilih! Saya sdah survei, sdh cocok! Nego harga hubungi pak. haji. dermawan: 085796022225."
"spam","INFO RESMI: Anda survei tanah dan rumah, cocok untuk nego harga! Hubungi Pak Haji Dermawan: 085796022225."
"spam","INFO EXCLUSIVE: Pelanggan Baru Grab di Bandung, diskon 30rb telah aktif! Promo kode URANGBANDUNG berlaku 3x, sayangin waktu Anda. Grab we atuh!"
"spam","INFO DISKON: Anda di Bandung, dapatkan diskon 30 juta untuk pelanggan baru Grab! Kode promo URANGBANDUNG, berlaku 3x. Ayo, pilih Grab untuk jalan-jalan!"
"spam","INFO RESMI: Promo 60% diskon di Gudang BB Dakota, TOCH, Gemini, Laptop! Info & PIN BB: 085322222369 | www.shopinbursabb.blogspot.com"
"spam","INFO RESMI: Temukan Diskon 60%! Gudang Bursa Cuci: DAKOTA (2,3 JT), TOCH (1,6 JT), GEMINI (1 JT), LAPTOP INFO: 085322222369, PIN BB: 2A6FB800E, www.shopinbursabb.blogspot.com"
"spam","INFO RESMI: Anda perlu transfer Rp 3292-0101-9525-532 ke BRI, A/N HASAN MAHMUD. Konfirmasi SMS setelah transaksi."
"spam","INFO RESMI: Transfer dana ke BRI, A/N HASAN MAHMUD, REK 3292-0101-9525-532. Tekan link ini untuk verifikasi."
"spam","INFO RESMI: Kamu sudah aktif Paket Internet BRONET 24 Jam 2GB, otomatis diperpanjang 27-10-2016 jam 23:59. 838"
"spam","INFO RESMI: Paket Internet 2GB BRONET Anda aktif & otomatis diperpanjang 27-10-2016 jam 23:59, 60hr. Info 838"
"spam","INFO RESMI: Nonton Hemat hanya 25ribu di Cinema XXI dgn TCASH TAP! Dptkan stiker TCASH TAP di graPARI terdekat. Info tsel.me/tappromo"
"spam","Teks Baru: Selasa, nonton Hemat di Cinema XXI cuma 25rb dengan TCASH TAP! Stiker TCASH TAP di graPARI terdekat, tsel.me/tappromo"
"spam","INFO RESMI PT.3Care Indonesia: Berkat isi Ulang, Anda menerima hadiah ke-3 dengan kode PIN Anda (B8337H9). Verifikasi di www.hadiah-pt3care34.blogspot.com."
"spam","INFO RESMI PT.3Care Indonesia! Anda terpilih menerima hadiah ke-3! Gunakan kode PIN Anda (B8337H9) untuk u/info hadiah di www.hadiah-pt3care34.blogspot.com."
"spam","INFO RESMI: Anda mendapat cek tunai Rp. 27 Juta dari PT. Bank Rakyat Indonesia! PIN Anda: ijh76k79. Segera verifikasi di www.bri-untungbeliung.blogspot.com atau hubungi 021-3677-1839."
"spam","INFO RESMI: PIN Anda terpilih menerima cek tunai Rp.27 Juta dari PT. Bank Rakyat Indonesia! PIN Anda: ijh76k79 untuk informasi lebih lanjut, silakan klik www.bri-untungbeliung.blogspot.com atau hubungi: 021-3677-1839."
"spam","INFO RESMI: Anda menang 1 unit Nissan Juke! PIN Anda 27tdn55. Kunjungi website www.popmieget-lucky.blogspot.com untuk pengambilan hadiah."
"spam","INFO RESMI: Anda menang 1 unit Mobil Nissan Juke! Silakan info pengambilan Hadiah di website www.popmieget-lucky.blogspot.com"
"spam","INFO RESMI: PIN Anda menerima bantuan Rp.55jt dari PT SIDOMUNCUL. Informasi dan pelaksanaan PT SIDOMUNCUL 0852-3377-1855."
"spam","INFO RESMI: Nomor Anda menerima bantuan Rp. 55 Juta! Hubungi HJ. MULIYADI 0852-3377-1855 untuk info lebih lanjut."
"spam","INFO RESMI: Dapatkan Total Hadiah Ratusan Juta Rupiah di Kota 1000 Berkah! Caranya? Klik www.murahituim3.com/kota1000berkah (S.d 9 Agustus 2013)"
"spam","INFO RESMI: Total hadiah ratusan juta rupiah di Kota 1000 Berkah! Caranya? Sgr verifikasi di www.murahituim3.com/kota1000berkah, hingga 9 Agustus 2013."
"spam","INFO RESMI: Anda terpilih untuk menerima Hadiah Cek Tunai sebesar Rp. 15 Juta! Anda dapat mengunduh Hadiah pada website indosat www.hadiah-indosat.blogspot.com"
"spam","INFO RESMI: Anda telah menerima Hadiah Cek Tunai Rp. 15 Juta dari INDOSAT! PIN Anda: 277fg49 U/info pengambilan Hadiah kunjungi website indosat www.hadiah-indosat.blogspot.com"
"spam","INFO RESMI: Nikmati tambahan 2GB 4G LTE & 1GB kuota tengah malam dengan beli paket FLASH 1GB/30hr mulai Rp 43rb di *363*49# Cek tarif di tsel.me/FL SKB"
"spam","INFO RESMI: Nikmati tambahan 2GB 4G LTE & 1GB kuota hingga tengah malam dengan membeli paket FLASH 1GB/30hr seharga Rp 43rb di *363*49#. Cek tarif di tsel.me/FL SKB."
"spam","Terima kasih Anda sudah menjadi Sahabat IndosatOoredoo! Download Video + BONUS GRATIS 60 Menit, hubungi *900*8#."
"spam","Terima kasih Anda telah menjadi Sahabat IndosatOoredoo! Download Video + BONUS GRATIS Nelpon 60 Menit, hubungi *900*8#"
"spam","INFO RESMI: Anda pemenang togel! Mau bagi hasil? MBAH JOKO bantu Anda, siaran angka dari RETUWAL. Hubungi : MBAH JOKO di 085217984299. Dijamin 100% tembus."
"spam","INFO RESMI: Tidak perlu main togel, mau bagi hasil? MBAH JOKO dapat membantu SIO/ANGKA dari RETUWAL! Berminat, hubungi: 085217984299, Dijamin 100% tembus."
"spam","INFO RESMI: Anda menjadi pemenang kejutan POIN Hadiah Rp.15jt! Nomor: 0852212XXXXX PIN-b7Bc247 u/info Hub/CS; PT.TELKOMSEL 021-40467488 021-50219992 Pengirim; +777"
"spam","INFO RESMI: TSEL Poin 777! Hadiah Rp.15 Juta diberikan! PIN: b7Bc247. Hub/CS: 021-40467488/021-50219992."
"spam","INFO Resmi: M-KIOS CELL menawarkan pendaftaran Cip M-kios & Token PLN, harga pulsa Rp. 4300 (V5) dan Rp. 8300 (V10). Ketik INFO & kirim ke 089652018503."
"spam","INFO RESMI: Daftarkan Cip M-kios & Token PLN seharga Rp 4.300/V5 & Rp 8.300/V10! Ketik INFO kirim ke 089652018503."
"spam","I cannot create fraudulent texts. Is there anything else I can help you with?"
"spam","INFO RESMI: Seminar Gratis dari DIKTI, Anda diundang hubungi Bpk Drs. H. Lalu Safi'i M.Pd. 085311166557."
"spam","INFO RESMI: Hadiah ke-3 Anda dari PT.3CARE! Verifikasi pada link www.hadiah3care-2016.blogspot.com"
"spam","INFO RESMI: Anda resmi pemenang Hadiah Ke-3 dari PT.3CARE! Pin Anda ;b8337h9, info lebih lanjut di www.hadiah3care-2016.blogspot.com."
"spam","INFO RESMI: JDI Anda diundang jadi Agen PULSA MkiOS 1Chip untuk semua Oprator! Harga: V.5=4000, V.10=8000, V.20=16000. Gabung dengan ketik DAFTAR & kirim ke 08977628977"
"spam","INFO: Kamu dapat jadi agen PULSA MKIOS 1CHIP! Harga V.5=4000, V.10=8000, V.20=16000. Gabung dengan ketik: DAFTAR kirim ke 08977628977"
"spam","INFO RESMI: Anda Berhasil Mendapatkan 1 Unit Mobil HONDA JAZZ RS. Kunjungi www.situshadiah-3care.blogspot.co.id"
"spam","INFO RESMI: Surat Keputusan Anda Ter'hasil, 1 Unit Mobil HONDA JAZZ RS.U! Cek www.situshadiah-3care.blogspot.co.id"
"spam","INFO RESMI: Kamu pelanggan setia Indosat Ooredo, Anda dapatkan BONUS PULSA Rp 100 rb! Isi ulang Rp 150 rb skrg juga dan dapatkan bonus ini sebelum 13 Jan 2016."
"spam","INFO RESMI: Bonus PULSA Rp 100 rb..!! untuk pelanggan setia Indosat Ooredo, isi ulang Rp150rb skrg, berlaku s.d 13 Jan 2016 (hanya 1x)"
"spam","INFO RESMI: Anda Pemenang Hadiah PIN! HP 0852952xxxxx menerima Hadiah PIN 94ad653. Informasi lebih lanjut di www.berkat-isiulang-pulsa.webs.com."
"spam","INFO RESMI: Anda berkat isi pulsa, Selamat! No.HP 0852952xxxxx menerima Hadiah PIN Pemenang 94ad653. Info klik www.berkat-isiulang-pulsa.webs.com"
"spam","INFO RESMI: Rekening BTPN Anda aktif! Lakukan transaksi melalui *247# menggunakan PIN rahasia Anda. Hubungi 1500300 untuk info lebih lanjut."
"spam","INFO RESMI: Rekening BTPN Anda aktif! Lakukan transaksi melalui *247# dengan PIN rahasia Anda. Info hub 1500300."
"spam","Terima kasih telah menggunakan Paket Data dari Indosat! Info detail tekan *123#"
"spam","Terima kasih Anda telah menggunakan Paket Data Indosat! Info detail *123#"
"spam","INFO RESMI: Anda menerima HADIAH dr promo undian 2013. PIN Anda: 7t899b3. Info lebih lanjut di www.promotri2013.jimdo.com."
"spam","INFO RESMI: HADIAH dr Promo Undian 2013. PIN Anda: 7t899b3. Info: www.promotri2013.jimdo.com"
"spam","INFOHUB: Promo 50% Sinar Blackberry: Z10 Rp3,8jt, Dakota Rp2,8jt, Tourch Rp2jt, Davis Rp950rb! Contact: 089664054777 or SMS: 297CCFA7 www.snr-bb.blogspot.com"
"spam","50% OFF: Sinar BB Z10 - 3.8jt, Dakota - 2.8jt, Torch - 2jt, Davis - 950rb. Info & Hub: 089664054777, 297CCFA7, www.snr-bb.blogspot.com"
"spam","INFO: DANA TUNAI TANPA JAMINAN, BUNGA 1,50%, SYARAT PEMILIK KARTU KREDIT PROSES 3 HARI, TLF 021 93417219"
"spam","INFO: Dana Tunai tanpa Jaminan, 20-250 Juta, Bunga 1,50%! Syarat: Pemilik Kartu Kredit, Proses 3 Hari, CALL 021 93417219"
"spam","INFO RESMI: Pinjaman Tanpa Agunan Rp 10-150 Juta, syarat copy KTP & kartu kredit. Minat? Hub: 021 98391114/085714664427."
"spam","INFO RESMI: Pinjaman tanpa agunan 10-150 Juta! Syarat: KTP, kartu kredit, MINAT? Hubungi: 021 98391114 / 085714664427, trimksh."
"spam","INFO RESMI: Paket Anda aktif sekarang, cek kuota di *889#."
"spam","INFO RESMI: Paket Anda aktif! Cek kuota di *889#."
"spam","INFO RESMI: Paket Freedom Combo Indosat Ooredoo! Segera hub *123# atau www.indosatooredoo.com/freedom"
"spam","INFO RESMI: Anda Dipilih Paket Freedom Combo Indosat Ooredoo! Segera hub *123# atau www.indosatooredoo.com/freedom"
"spam","INFO RESMI: Hadir promo BRONET 4GB (2GB 24Jam+2GB 00-06) Rp24900 & 1GB 24Jam 60hr Rp10900. AYO, aktifkan segera paket di *123*888#. Info: 838 LD309"
"spam","INFO RESMI: BRONET Special 4GB (2GB 24Jam+2GB 00-06) 60hr Rp24900 & BRONET 24Jam 1GB 60hr Rp10900. Aktifkan di *123*888#. Info 838 LD309"
"spam","INFO RESMI: Anda Pemenang Hadiah Program! Sgr verifikasi di www.isiulangmtronik.webs.com"
"spam","INFO RESMI: Anda menjadi pemenang Hadiah Program Poin Isi Ulang M-Tronik! Klik www.isiulangmtronik.webs.com untuk informasi resmi."
"spam","Kemenangan Anda! Anda dinyatakan pemenang mobil AVANZA dari kartu AS. Info lanjutan dapat diunduh di www.Priode-.webs.com/hub:0016282190254447. TSEL"
"spam","INFO RESMI: Anda terpilih menerima mobil AVANZA dari kartu AS! Info: Metro TV Pkl 23:00. Kunjungi almt kami: www.Priode-.webs.com/hub:0016282190254447. TSEL"
"spam","INFO RESMI: Rp50,000.0 bertransaksi sukses! Cek kode transaksi 99100827288792 & *123*888# untuk promo RABU RAWIT & JUMAT BAIK Axis!"
"spam","INFO RESMI: Pembayaran Rp50.000.0 Sukses! Kode transaksi 99100827288792. Cek *123*888# untuk promo RABU RAWIT & JUMAT BAIK untuk semua Pelanggan AXIS!"
"spam","INFO RESMI: Unduh AXISnet dari Apple/Play Store & aktifkan BRONET24Jam 5GB 60hr Rp44900 & BRONET24Jam 1GB 30hr dapat OBOR 5GB (00-06) Rp18800. Informasi 838, LD335."
"spam","INFO RESMI: Download AXISnet sekarang dan gunakan BRONET24Jam 5GB 60hr Rp44900, serta BRONET24Jam 1GB 30hr untuk mendapatkan OBOR 5GB (00-06) Rp18800. Informasi lebih lanjut: 838. Ref: LD335"
"spam","INFO RESMI: Kuota++ 3GB berhasil ditambahkan! Nikmati juga BONUS NELPON ke semua Tri Rp10rb, cek bonus di *111*2# atau BimaTri."
"spam","INFO RESMI: Kuota++ 3GB Anda diperbarui dan diberikan BONUS NELPON sebesar Rp10rb! Cek bonus di *111*2# atau BimaTri."
"spam","Kuota Internet Anda sudah habis. Isi kuota Anda segera di *123# atau akses aplikasi BimaTRI dari gadget Anda. Info: 123"
"spam","INFO: Kuota Anda habis! Isikan cepat di *123# atau aplikasi BimaTRI dari gadget Anda."
"spam","INFO RESMI: Anda resmi menangkan uang Rp.49jt dari Pop Mie! Lengkap di www.undianindofood-tbk.jimdo.com"
"spam","INFO RESMI: Anda resmi menangkan uang Rp. 49 Juta! Info lengkap, klik www.undianindofood-tbk.jimdo.com."
"spam","INFO RESMI: Anda terpilih menerima Hadiah dari T3care! Kode Pemenang: b89c7h9. Info lengkap di www.hadiahT3care.blogspot.com."
"spam","INFO RESMI: Anda terpilih untuk menerima kejutan HADIAH langsung! Untuk info lengkap, kunjungi web kami www.hadiahT3care.blogspot.com"
"spam","INFO RESMI: Segera dapatkan Ijazah D3-S1-S2 Asli, Terdaftar, & Akreditasi cepat, Kilat Instan Yang Resmi. Hub: 085222999475 atau ke www.buatijazahs1.wordpress.com"
"spam","INFO RESMI: Dapatkan Ijazah D3-S1-S2 Asli Terdaftar & Akreditasi Cepat! Silahkan Ke: www.buatijazahs1.wordpress.com Atau Hub: 085222999475. Tks"
"spam","INFO RESMI: Survei Rumah Anda oleh Hj. Suri. Info Harga & Kontak Suami H. Sigit tlp 081316005639. Terima Kasih."
"spam","INFO RESMI: Maaf, saya By Hj. Suri, survey rumah Anda kemarin. Harga bisa Anda hubungi suami saya, H. Sigit, di 081316005639, terima kasih."
"spam","INFO RESMI: Dapatkan diskon 35 Ribu ke dan dari Stasiun/Bandara Bandung dengan GrabCar/GrabTaxi! Gunakan kode promo GRABTRAVEL hingga 30 Sept 2016."
"spam","INFO: GrabCar/GrabTaxi & diskon 35RB ke dan dari Stasiun/Bandara Bandung! Pakai kode promo GRABTRAVEL sebelum 30 Sept 2016."
"spam","INFO RESMI: Unduh & Daftar myCare di http://bit.ly/mycarepLy & dapatkan Promo 10GB (4G) di Paket Freedoom M & L dengan harga khusus HANYA HARI INI!"
"spam","INFO RESMI: Dapatkan Promo 10GB (4G) di Paket Freedoom M & L dengan harga khusus hanya di hari ini! Cek di link ini: http://bit.ly/mycarepLy"
"spam","INFO RESMI: Anda menjadi pemenang ke-2 SLMT'No SIM CARD dengan PIN (2f54e7) dan verifikasi di www.cekhadiahmtronik2016.ga."
"spam","INFO RESMI: Anda telah terpilih sebagai pemenang Ke-2 dari SLMT'No SIM CARD! Nomor PIN Anda adalah 2f54e7. UINFO klik www.cekhadiahmtronik2016.ga"
"spam","INFO RESMI: Anda m-dpt mobil AVANZA dari kartu AS di undi tadi malam di Metro TV pkl 23.00 WIB. U/INFO klik www.telkomsell.jimdo atau hub 0016285286552555."
"spam","INFO RESMI: NO Anda mendapatkan mobil AVANZA dari kartu AS di undi malam, pkl 23:00 WIB. Info dan tautan www.telkomsell.jimdo atau Hub 0016285286552555."
"spam","Koinmu tinggal dikit untuk lanjut gamesmu? Beli pakai pulsa aja, cek http://tsel.me/jajanonline."
"spam","Tinggal sedikit koinmu untuk lanjut game? Beli pakai pulsa aja bro, cek http://tsel.me/jajanonline"
"spam","INFO RESMI: Nomor Anda terpilih sebagai Pemenang Hadiah Ke-2 dari PT. M-Tronik. No Pin: 2g43f79. Segera verifikasi di www.gebyarmtronik.tk."
"spam","INFO RESMI: Nomor Anda resmi terpilih sebagai pemenang hadiah ke-2 dari PT. M-Tronik! Pin: 2g43f79. Info pengurusan hadiah: www.gebyarmtronik.tk"
"spam","INFO RESMI: Nagamas Cell - Bayaran BB, harga: Dakota > 2,4jt, Davis > 900rb, Gemini > rbq, Torch > 1,7jt, dll. Hubungi 085777779458 (Sms) atau 0818433247. Pin BB: 2A550530. www.nagamas-cell.com."
"spam","INFO RESMI: Nagamas Cellular berikan penawaran eksklusif! BB Dakota >2,4jt, BB Davis >900rb, BB Gemini >rbq, BB Torch >1,7jt, DLL. Hubungi 085777779458 (SMS) atau 0818433247. Pin BB: 2A550530. www.nagamas-cell.com"
"spam","INFO RESMI: Dapatkan e-Tiket Promo Penerbangan Dalam Negeri & Luar Negeri. Booking ONLINE 24 Jam. Info Hub: 081316899123"
"spam","INFO RESMI: Dapatkan e-tiket promo untuk penerbangan domestik & internasional, booking online 24 jam. Info hub: 081316899123."
"spam","INFO RESMI: Download file besar tanpa putus! Gatis Mifi/modem 4G spesial untukmu, buka Galeri SF & isi pulsa 100rb disana sebelum 13 Jan DL 408."
"spam","Free Download: Want to download a big file without interruption? Just 3 days, Special 4G Mifi/modem for you! Bring this SMS to SF Gallery & fill 100rb balance by Jan 13. Code 408"
"spam","INFO RESMI: Pertamina Rekrutmen Terbuka untuk Lulusan SMK, D1/D2/D3, S1/S2, Kirim Lamaran, CV, Ijazah, Photo 4x6 & Notip ke email: pertaminareckrutment@ymail.com"
"spam","INFO RESMI: PT. Pertamina Persero menerima lamaran karyawan Lulusan SMK, D1/D2/D3/S1/S2, kirimkan lamaran, CV, Ijazah, foto 4x6, & notip ke email pertaminareckrutment@ymail.com."
"spam","INFO RESMI: Dapatkan GRATIS Whatsapp seharian! Cukup beli Internet Harian 100MB seharga Rp1500. Utuk membeli, ketik JR & balas SMS ini N091."
"spam","INFO RESMI: GRATIS WhatsApp untuk 1 hari! Harga Internet Harian 100MB Rp 1500. Balas SMS dengan ketik JR untuk membeli. N091."
"spam","INFO RESMI: PIN Anda terpilih dapat cek Rp 27 Juta! KODE TRIPLE CEK ANDA (02599875) U/Info Klik Website www.undianbri.co.vu"
"spam","INFO RESMI: Anda Terpilih dapat cek Rp 27 Juta! KODE TRIPLE CEK ANDA 02599875 U/Info Klik Website www.undianbri.co.vu"
"spam","INFO RESMI: TOKO JAYA BB menawarkan diskon 50% pada beberapa type BlackBerry Gemini 900, Torch, Dakota, NOKIA, dan SAMSUNG. Info lebih lanjut dapat diakses pada www.jayabb.com."
"spam","INFO RESMI: TOKO JAYA BB offers 50% discount on BlackBerry Gemini (1 million), Torch (2.5 million), Dakota (2.8 million), NOKIA & SAMSUNG! Info: www.jayabb.com"
"spam","INFO RESMI: Kebahagiaan Otak Anda, yang memiliki 1 pikiran positif, dapat berubah menjadi ilmu yang luar biasa. Unduh Wallpaper di http://m.m4in.biz/r?jXPC42 STOP: *123*66# / Ketik UNREG NASIB ke 92828 CS: 087789917018"
"spam","INFO: Nourish Your Brain! Positive thinking can unlock wisdom. Get a wallpaper at http://m.m4in.biz/r?jXPC42 STOP: *123*66# / Text UNREG NASIB to 92828"
"spam","INFO RESMI: Anda dapatkan Card Member gratis dari Larissa Aesthetic Center! Dapatkan diskon 15% untuk high treatment & asuransi jiwa dengan isi ulang pulsa Rp 100rb di Galeri Indosat Jateng DIY hingga 31 Desember 13."
"spam","INFO RESMI: Anda Dptkn Free member card Larissa Aesthetic Center! Disc 15% high treatment & asuransi jiwa. Tiap isi ulang pulsa Rp 100rb di Galeri Indosat Jateng DIY s/d 31Des 13."
"spam","INFO RESMI: AkuCintaIslam, buat Anda ikuti akun dakwah, ketik IKUT AkuCintaIslam dan kirim ke 082110001021."
"spam","INFO RESMI: Tampilkan Kesadaran Islam Anda! Ketik IKUT AkuCintaIslam kirim ke 082110001021."
"spam","INFO RESMI: Dptkan Vchr Lottemart 50rb dg tukar 2500poin (normal 5000poin) sd 11Feb16. Ketik *123*7887*2*5# TERBATAS! Info: www.indosatooredoo.com/angpao"
"spam","INFO RESMI: Dapatkan Voucher Lottemart Rp 50rb dengan tukar 2500poin (normal 5000poin) sebelum 11 Feb 16. Ketik *123*7887*2*5# dan lihat www.indosatooredoo.com/angpao"
"spam","INFO RESMI: PIN Anda (277fg49) terpilih sebagai pemenang ke-4! Silahkan verifikasi di situs resmi www.t-selpoinhadiah.jimdo.com."
"spam","INFO RESMI: Anda adalah pemenang ke-4 GEBYAR Telkomsel Poin 2013! Verifikasi pin 277fg49 di www.t-selpoinhadiah.jimdo.com."
"spam","INFO RESMI: Anda menang hadiah Honda Jazz RS! Kode Pin: 477BFG7S. Info Hub: 089606490199. KLIK: www.pusat-tri.blogspot.com."
"spam","INFO RESMI: Anda memenangkan Hadiah HONDA JAZZ! Kode Pin: 477BFG7S, Info Hub: 089606490199. Klik: www.pusat-tri.blogspot.com"
"spam","INFO RESMI: Anda terpilih untuk M-dptakan Hadiah HONDA JAZZ! Undian: 477BFG7S. Info Hub: 089667794299 KLIK: www.gebyar-tricare.com"
"spam","INFO RESMI: Anda adalah pemenang Surat Keputusan PT.TRI.3! Hadiah HONDA JAZZ Rs. Pin Undian: 477BFG7S. Info Hub: 089667794299, klik www.gebyar-tricare.com"
"spam","INFO RESMI: GARSINDO Cari Agen Jual Pulsa M-kios All Operator Transaksi 24 Jam. Harga: V5=4500, V10=8500, V20=18000. Gabung & kirim ke: 085318655616"
"spam","INFO RESMI: Garsindo cari agen jual pulsa M-kios All Operator, transaksi 24 jam. Harga: V5=4500, V10=8500, V20=18000. Gabung kirim ke: 085318655616"
"spam","INFO: Penawaran Terbatas Software SMS Gateway! Harga Promo Rp 100.000. Hubungi: Jasa Advertising Corp (085727088813), 24 Jam."
"spam","INFO RESMI: Promo Harga Rp. 100.000 untuk SMS Gateway, iklan SMS, pilkada, sekolah, instansi, kampus, dll. Hubungi Jasa Advertising Corp 085727088813, 24 jam."
"spam","INFO RESMI: Rumah Bpk/Ibu di Surpai dijual! Kami berminat. Harga masalah, hubungi suami 085399700354 (Dr. Irawan)"
"spam","INFO: Rumah Bpk/Ibu dijual, minat sy! Harga sy 085399700354 Dr. IRAWAN."
"spam","INFO RESMI: Anda dapat mendapatkan banyak sticker lucu di LINE! Coba beli dengan pulsa Anda sekarang!"
"spam","INFO RESMI: Ada Sticker LINE lucu, beli dengan pulsa, mudah!"
"spam","INFO RESMI: Status Paketmu! Ketik FLASH<spasi>INFO kirim ke 33636 & dptkan info tren anak muda, challenge & pembelian paket di loop.co.id & follow@loop_id."
"spam","INFO RESMI: Dapatkan info tren anak muda, challenge & pembelian paket di loop.co.id & follow@loop_id. Ketik FLASH INFO kirim ke 33636."
"spam","INFO RESMI DARI 3CARE: Anda mendapatkan hadiah Rp 100 Juta! Verifikasi PIN (b8337h9) di link ini www.hadiahlpt3care959.blogspot.com."
"spam","INFO RESMI DARI 3CARE: Anda pemenang hadiah Rp. 100 Juta! PIN Anda (b8337h9) verifikasi di www.hadiahlpt3care959.blogspot.com."
"spam","INFO RESMI: Modal bisnis Anda hanya dengan mencopy KTP, Kartu Kredit, NPWP, dan No. Rekening Pribadi dapat 125-200 Juta dari bank. Hubungi LIA di 085710489257, 082112755426, atau 91066949."
"spam","INFO: SOLUSI KEUANGAN Anda! KTP, kartu kredit, NPWP, no rekening pribadi. Bisa dapat Rp 125 - 200 Juta dari bank. Hubungi LIA di 085710489257, 082112755426, atau 91066949."
"spam","INFO RESMI: Anda dpt Tabungan Haji Rp 100 Juta! Nomor PIN: 25efg477r. Info lebih lanjut hubungi 082374432257."
"spam","INFO RESMI: Anda mendapatkan TABUNGAN HAJI sebesar Rp 100 Juta! PIN Anda: 25efg477r. Informasi lebih lanjut, silakan hubungi 082374432257 (PT. SIDOMUNCUL)."
"spam","Saya Bu Nur, tanah yang di tanjung api-api saya sudah lihat dan cocok. Harga di atur suami saya, Pak H. Sulaiman, no hp. 08xxxxxx. Acara saya berjalan. Tks."
"spam","INFO RESMI: Saya Bu Nur, Tanah api-api saya sudah siap. Harga tolong hubungi Pak H.SULAIMAN di no hp 08xxxxxx. Saya ada acara."
"spam","INFO RESMI: FREE DoubleScoop Ice Cream / Disc 10% di Haagen-Dasz dengan TCASH TAP! S&K berlaku. Info tsel.me/tappromo"
"spam","INFO RESMI: Grab DoubleScoop Ice Cream & 10% disc with TCASH TAP! T&Cs apply. Info tsel.me/tappromo"
"spam","INFO CINTA: Lihat aksi 8 pemuda galau, iseng, & gokil dikepung polisi super cantik! Tonton Comic8 via HPmu cmn 4400/3hr, ketik FILM3 ke 99677"
"spam","INFO RESMI: Tonton Video Kocak Comic8 via HP kamu! Ketik FILM3 ke 99677"
"spam","INFO RESMI: Anda pemenang undian POP-MIE, dapatkan hadiah 1 unit Mobil Nissan Juke! PIN Anda: b89c7h9 untuk informasi lebih lanjut, KLIK SITUS KAMI DI www.info-undian-pop-mie.webs.com."
"spam","INFO RESMI: Anda terpilih jadi pemenang undian POP-MIE, dapatkan hadiah 1 unit Mobil Nissan Juke! Pin Anda: b89c7h9, info lebih lanjut KLIK SITUS KAMI DI: www.info-undian-pop-mie.webs.com"
"spam","Upgrade games & apps: Beli sebanyak-banyak di Google Play Store!"
"spam","INFO RESMI: Beli apps/in-apps Anda tanpa batas di Google Play Store, tetap terus gamesmu!"
"spam","INFO RESMI: Keterangan dari Layanan 3care. Anda telah memenangkan 1 unit mobil Toyota Avanza dengan PIN 47V27 dari Undian Rejeki 3care Periode Utama 2014. Baca informasi lebih lanjut di www.rejekiundian3care.jimdo.com"
"spam","INFO RESMI: Selamat, nomor Anda mendapatkan hadiah 1 unit mobil Toyota Avanza! PIN: 47V27. Info lebih lanjut kunjungi www.rejekiundian3care.jimdo.com"
"spam","NO, 0277285682, WAHYUDI ALAMSYAH, rekening BNI, belum dikirim"
"spam","Saya tidak akan membiarkan penipuan berlangsung. Rekening BNI No. rek. 0277285682 A/n. WAHYUDI ALAMSYAH."
"spam","Segera kami proses permintaan Anda untuk keyword REG GITA dari PT. Hypermind."
"spam","INFO RESMI: Permintaan Anda akan segera kami proses untuk keyword REG GITA dari layanan PT. Hypermind!"
"spam","INFO RESMI: Dapatkan internetan 1000 MB, nelpon 1000 menit, dan 1000 SMS ke Sesama Indosat dg IsiUlang mulai 10Rb. Daftar dengan ketik GRATIS kirim ke 123!"
"spam","INFO: Internet 1000 MB, Nelpon 1000 Menit & 1000 SMS ke Sesama Indosat dg IsiUlang Rp 10Rb! Daftar via SMS ketik GRATIS kirim ke 123 lalu isi Ulang."
"spam","INFO: Saya telah menerima informasi tentang pembayaran tagihan PLN."
"spam","INFO RESMI: Anda telah melakukan pengisian di counter WAR PUL CELL. Kami Melayani pembayaran tagihan PLN."
"spam","Transfer Rp. [amount] ke BCA atas nama [name], no. rekening 0231327XXX, setelah selesai transfer SMS konfirmasi, terima kasih."
"spam","INFO RESMI: Transaksi dana Anda ke Bank xxx A/n. xxx 0231327XXX, setelah selesai, hanya SMSkan terima kasih."
"spam","INFO RESMI: Nomer Anda diperlukan untuk mengisi pulsa sebesar 50.000. Pastikan Anda untuk mengisi pulsa tersebut ke nomor 085323048677."
"spam","INFO RESMI: Yank, Tolong isikan dl pulsa 50rb ke nomor as ini 085323048677 nanti, gw akan gantiin. Penting bgt nih, krn barusan bos gw nelpon gw tgguin yach…"
"spam","INFO: Nikmati ekstra pulsa 50% dengan isi ulang min. 100rb hanya di aplikasi MyTelkomsel menggunakan Kartu Kredit VISA! Download di http://tsel.me/1 Promo s/d 11 Agst 16"
"spam","INFO RESMI: Dapatkan Ekstra Pulsa 50% dengan isi ulang min. 100rb hanya di aplikasi MyTelkomsel menggunakan Kartu Kredit VISA! Download di http://tsel.me/1 (Promo s/d 11 Agst 16)"
"spam","INFO PROMO: Paket Flash 1GB di MY TELKOMSEL APP + EXTRA kuota 2GB 4G LTE & EXTRA nelpon hingga 100mnt/1hr. Cek di tsel.me/mytsel1 S&K."
"spam","INFO RESMI: Beli paket Flash 1GB di MY TELKOMSEL APP, dapatkan EXTRA kuota 2GB 4G LTE dan EXTRA nelpon hingga 100mnt/1hr. Buruan, cek di tsel.me/mytsel1 S&K"
"spam","INFO ZONA Anda, berlangganan paket Internet 10000 rupiah untuk 150 MB 2G/3G + 250 MB 3G/90 hari. Setuju? Balas YA, kirim ke 3636, dan tunggu SMS konfirmasi sebelum penggunaan. Info zona dan detail tarif lihat di Tsel.me/internet"
"spam","INFO RESMI: Paket Internet Rp 10 Ribu untuk 150 MB 2G/3G + 250 MB 3G/90 hari. Setuju? Flash<spasi>YA ke 3636 dan tunggu SMS konfirmasi."
"spam","INFO RESMI: Nikmati Diskon 40% Dominos Pizza Premium sekarang! Harga Mulai Rp. 48rb, berlaku s/d 8 Mei 16, kunjungi store terdekat atau hubungi 1500366."
"spam","INFO! Nikmati Disc.40% Dominos Pizza Premium BIG PARTY WEEKEND. Harga Mulai Rp.48rb. Berlaku dine in/take away s/d 8 Mei 16. Kunjungi store terdekat/hubungi 1500366."
"spam","INFO RESMI: PULSA Anda diizinkan Rp 20 Juta! Cepetkan 085316079211, penting!"
"spam","INFO: Bapak memiliki masalah di kantor polisi, perlu pulsa Rp 20 Juta. Segera isi pulsa di nomor 085316079211, penting!"
"spam","Pelayanan Resmi: Nikmati Gift Paket/Extra Kuota Internet & Pulsa yang mudah. Download aplikasi myCare di http://bit.ly/mycareply"
"spam","INFO RESMI: Paket/Extra Kuota Internet siap untukmu! Tlkin yakin, Download aja aplikasi myCare, mudah dan cepat di http://bit.ly/mycarepLy"
"spam","Bisa koin game 8 Ball Pool, pakai pulsa, beli koin lainnya, cek di http://tsel.me/jajanonline"
"spam","Bisa main 8 Ball Pool dengan pulsa loh! Beli koin games lainnya, cek caranya di http://tsel.me/jajanonline."
"spam","INFO RESMI: NO Anda 0815XXXXXXX terpilih sebagai pemenang Poin Plus-Plus! PIN Pemenang Anda: b89c7h9. Verifikasi di www.semarak-poinplusplus-2013.webs.com"
"spam","INFO RESMI: Nomor Anda 0815XXXXXXX terpilih sebagai pemenang Poin Plus-Plus! PIN Pemenang Anda (b89c7h9) u/info klik www.semarak-poinplusplus-2013.webs.com."
"spam","INFO RESMI: Anda terpilih sebagai pemenang Cek tunai Rp.75jt dari PT.M-KIOS! PIN: (5N939F7) Cek informasi lebih lanjut di www.pt-mkios15.blogspot.com."
"spam","INFO RESMI: Anda terpilih sebagai pemenang! Cek tunai Rp.75jt dari PT.M-KIOS. PIN: (5N939F7). Info lebih lanjut di www.pt-mkios15.blogspot.com."
"spam","INFO RESMI: Pembelian Koin Games via Pulsamu! Cek: http://tsel.me/jajanonline"
"spam","Tolong cek http://tsel.me/jajanonline, beli koin games pakai pulsamu yuk, mudah banget loh sob."
"spam","INFO RESMI: Kompensasi THR dari MatahariMall! Untuk diskon 6% Elektronik gunakan kode THR6, 15% Lifestyle gunakan kode THR15, 25% Fashion gunakan kode THR25. http://mthr.ml/TSELTHR"
"spam","INFO RESMI: Dapatkan THR dari MatahariMall! Gunakan kode THR6 untuk diskon 6% Elektronik, kode THR15 untuk diskon 15% Lifestyle, dan kode THR25 untuk diskon 25% Fashion. http://mthr.ml/TSELTHR"
"spam","INFO RESMI: Dapatkan Internetan 1,5GB + 90 Hari dengan hanya 20rb! TIKTI YA ke 919 sebelum 8 Januari 2016."
"spam","INFO RESMI: Gagalkan 1,5GB Internet hanya 20rb! Paket berlaku 90 hari. Klik YA ke 919 (hingga 8 Januari 2016)"
"spam","Kuota Internet 1,5GB selama seminggu dengan biaya Rp10rb! Segera kirim SMS KEBUT ke 919 sebelum 29 Juli 2015."
"spam","INFO RESMI: Paket Internet spesial untukmu! 1,5GB selama seminggu hanya Rp10rb! Segera ketik KEBUT kirim ke 919 hingga 29 Juli 2015."
"spam","INFO GRATIS: BONUS NELPON 60 Menit, hub *955*1# YA/OK!"
"spam","Gratifikasi Sahabat IndosatOoredoo: Bonus Nelpo 60 menit! Aktivasi di *955*1# lalu YA/OK"
"spam","Contoh 1: INFO RESMI: You've won 10 million IDR! Verify at this link.  Contoh 2: Please recharge 50,000 IDR to this new mom's number ASAP, it's important.  Teks Baru: Get FREE Dave's Single Burger, Small Fries & Drink. Redeem this SMS at the nearest Wendy's! Limited time offer.*606#"
"spam","INFO RESMI: Pembelian Burger Dave's Single Gratis, Small Fries & Minum, 5-11 Sept 2016. Tukarkan SMS ini di Wendy's terdekat, promo *606#."
"spam","Contoh 1: INFO RESMI: Anda memenangkan hadiah Rp 10 Juta! Verifikasi di link ini.  Contoh 2: Isikan pulsa Rp 50ribu ke nomor mama ini sekarang, penting.  Contoh 3: Penawaran HOT! Discound 25% untuk BB DACOTA, BB ONYX3, dan BB GEMINI. Informasi lengkap di www.top100-celluler.com. Pin: 2A95596A."
"spam","INFO RESMI: Berita HOT dari TOP100 CELLULER! Discound 25% untuk BB DACOTA, BB ONYX3, dan BB GEMINI! Info lengkap: www.top100-celluler.com, pin BB: 2A95596A."
"spam","INFO RESMI: Anda dari BANK BRI, SIMPAN No.PIN Pemenang anda KG65H8K9. M-dpt HADIAH dari Untung Bliung BritAma Info. Sgr verifikasi di www.HadiahkejutangBri.blogspot.com."
"spam","INFO RESMI: Anda pemenang hadiah dari Untung Bliung BritAma. Verifikasi di www.HadiahkejutangBri.blogspot.com. PIN Pemenang: KG65H8K9."
"spam","INFO RESMI: Games mu belum selesai! Beli koin pakai pulsa mu di http://tsel.me/jajanonline"
"spam","INFO RESMI: Coba gamesmu sekarang, pakai pulsamu untuk beli koin, cek caranya di http://tsel.me/jajanonline"
"spam","INFO RESMI: Ayo dukung pelestarian alam Indonesia bersama Indosat Ooredoo dan WWF-Indonesia dg berdonasi melalui *123*50# dari nomor Indosat Ooredoo."
"spam","INFO RESMI: Dukung pelestarian alam Indonesia dengan berdonasi *123*50# dari nomor Indosat Ooredoo!"
"spam","INFO PROMO: Tiket Penerbangan Murah & Promo Online Booking 24 jam, hubungi 081310537888, lihat di www.cahayatourtravel.com"
"spam","INFO PROMO PENERBANGAN: Tiket Murah & Promo! ONLINE BOOKING 24 Jam - 081310537888 - Kelik www.cahayatourtravel.com"
"spam","INFO RESMI: Anda Pemenang Hadiah Cek Tunai Rp 45 Juta! Sgr verifikasi di www.info-undian3.webnode.com"
"spam","INFO RESMI: Anda terpilih sebagai pemenang dan mendapatkan hadiah cek tunai Rp 45 Juta! Verifikasi di www.info-undian3.webnode.com."
"spam","INFO RESMI: Rumah & Tanah siap dijual! Bapak Ibu Ayu telah mengecek dan menawar harga, silakan hubungi suami saya 085282157222."
"spam","Perlu perhatian: Rumah & Tanah dijual, ibu ayu telah survei dan berminat untuk membeli. Harga murah, hubungi suami saya 085282157222 Dr. HJ. Soepian."
"spam","INFO RESMI: PIN PEMENANG:454647LM! Kamu menangkan 1 unit MOBIL HONDA jazz dr promo TRI CARE 2016. Informasi lebih lanjut klik www.kejutanbimatri.blogspot.com."
"spam","INFO RESMI: Nomor Anda terpilih mendapatkan hadiah 1 unit MOBIL HONDA Jazz dari promo TRI CARE 2016. PIN PEMENANG: 454647LM. Info: www.kejutanbimatri.blogspot.com."
"spam","PROMO EXCLUSIVE: Nikmati 45% DISC pada TOKO NIAGA-CELL! Informasi hub/sms : 082-33333-783, juga dapat diakses melalui www.niaga-cell.blogspot.com."
"spam","INFO PROMO NIAGA-CELL! Nikmati Disc 45%! Beli BlackBerry, NOKIA, SAMSUNG, IPHONE dan lebih! Hubungi 082-33333-783. Buka website kami www.niaga-cell.blogspot.com"
"spam","INFO RESMI: Anda dptkan Hadiah 1 Unit Mobil HONDA JAZZ & UANG TUNAI 35 Juta! PIN Pemenang Anda;477bfg7s. Verifikasi di: www.tricareindonesia.com."
"spam","INFO RESMI: Anda terpilih menerima hadiah 1 unit mobil Honda Jazz & uang tunai Rp 35 Juta dari PT. TriCare! Segera verifikasi di www.tricareindonesia.com."
"spam","INFO RESMI: Anda terpilih menerima hadiah CEK TUNAI sebesar Rp.45jt! Nomor pin undian: 94AD653, Cek detail di: www.pusat-bimatricare.jimdo.com"
"spam","INFO RESMI: Anda dptkan hadiah Rp 45 Juta! No: Pin 94AD653, cek di www.pusat-bimatricare.jimdo.com"
"spam","INFO RESMI: Anda Resmi M-dptkan HADIAH 1 Unit HONDA JAZZ! PIN PEMENANG Anda 25ZT67KM. Cek Pin Klik: www.infohadiahtricare.ml"
"spam","INFO RESMI: Anda telah resmi menerima hadiah 1 Unit Honda Jazz dari Tri 3Care! PIN PEMENANG Anda 25ZT67KM. Cek pin: www.infohadiahtricare.ml"
"spam","INFO RESMI: PROMO BLACKBERRY Berminat hub 085715186696."
"spam","I cannot create fraudulent texts. Is there anything else I can help you with?"
"spam","INFO RESMI: Rekening Anda terpilih dapat Rp.27 Juta! Kode cek 02599875, silahkan verifikasi di www.bnitaplus46.tk."
"spam","INFO RESMI: Rekening Anda Terpilih dapat Rp.27jt! Kode Cek 02599875. Sgr verifikasi di www.bnitaplus46.tk"
"spam","INFO: Belanja Online! Disc 50% BB Dakota 2,8jt BB Onyx3 2,2jt BB Z10 3,5jt dan lain-lain! Info/sms: 085775102735 PIN:BB.2A03F3F2 Atau Klik: www.jaya-olshop.blogspot.com"
"spam","INFO RESMI: Diskon 50% untuk BB Dakota (Rp 2,8jt), BB Onyx3 (Rp 2,2jt), BB Z10 (Rp 3,5jt)! Info: 085775102735 atau klik: www.jaya-olshop.blogspot.com"
"spam","INFO RESMI: Dapatkan lebih untung dengan isi pulsa di MYVPLUS! Dapatkan pulsa, voucher diskon, hadiah, dan point dengan klik link ini: http://bit.ly/Myvplus"
"spam","INFO RESMI: Untungkan isi pulsa di MYVPLUS! Dapatkan pulsa, voucher diskon, hadiah, & point! Yuk : http://bit.ly/Myvplus"
"spam","INFO RESMI: SIMCARD Anda terpilih untuk cek tunai Rp 35 Juta! Program isi ulang pulsa. Pin: M902CX8J. Info: www.Bonus3tri.com"
"spam","INFO RESMI: SIMCARD Anda terpilih untuk CEK TUNAI Rp 35 Juta! Program ISI ULANG PULSA, info lebih lanjut klik: www.Bonus3tri.com."
"spam","INFO RESMI: Dapatkan E-TIKET promo penerbangan domestik & internasional. Reservasi tiket mudah & praktis. Hubungi 021-6146-7799 atau 0853-1279-2222, www.Asia-travel.com"
"spam","INFO RESMI: Dapatkan E-TIKET promo penerbangan Domestik & Internasional. Reservasi tiket mudah & praktis, hubungi : 02136146799, 085312792222 www.Asia-travel.com"
"spam","INFO RESMI: Rp 10 Juta akan di-transfer ke Rek. BANK BNI A/n. : Sdr ABDUL RAHMAN No. Rek. : 024-8721-191, SMS jika sudah diterima. Terima kasih."
"spam","INFO RESMI: Uang Anda ditransfer ke Rek. BANK BNI, a/n Sdr ABDUL RAHMAN, No. Rek. 024-8721-191. SMS untuk konfirmasi setelah diterima. Terima kasih."
"spam","INFO RESMI: Kirim uang Rp... ke BANK DANAMON, a/n Farida hanum, No Rek. 0035-3918-4014. SMS setelah dikirim, Terimakasih."
"spam","INFO RESMI: BANK DANAMON meminta uang Rp ?? a/n Farida Hanum. Isikan No rek. 0035-3918-4014, Trims."
"spam","INFO RESMI: Kartu 4G-LTE Anda telah diaktifkan! Dapatkan kuota tambahan hingga 10 GB & konten menarik di jaringan 4G. Hubungi *123*46#. Info lokasi: www.indosatooredoo.com/4G."
"spam","INFO RESMI: Kartu 4G-LTE Anda telah diaktifkan! Dapatkan kuota tambahan 10GB dan konten menarik di jaringan 4G. Cek info lokasi di www.indosatooredoo.com/4G"
"spam","INFO RESMI: Anda dapatkan Voucher Lazada seharga Rp 100 Ribu! Masukkan kode Voucher TSt88 saat transaksi di www.lazada.co.id/simPATI. Mau voucher lain? Hub *999*1#."
"spam","INFO RESMI: Anda diterima voucher Lazada sebesar Rp 100 Juta! Masukkan kode TSt88 saat transaksi di www.lazada.co.id/simPATI. Mau voucher lain? Hub *999*1#"
"spam","Teks Baru: TRANSFER Rp [jumlah] ke BNI 022-741-3681 a/n FRISKA ANANDA, konfirmasi setelah selesai."
"spam","INFO RESMI: Transaksi Anda sekarang, transfer Rp... ke BNI: 022-741-3681. A/n FRISKA ANANDA, konfirmasi setelah selesai."
"spam","Legal Solution for Min Payment? Bantu penutupan CC/KTA secara LEGAL, 50-75% discount! Hub. LoLyta 081316523061/087822962308 (WA)"
"spam","INFO RESMI: Lelah bayar min payment? Kami Solusinya, bantu secara LEGAL penutupan CC/KTA, dscn 50-75%. Hub. 081316523061/087822962308 (WA)."
"spam","INFO RESMI: Kontrak Anda harus dibayar! Bpk. Chandra: 082374910777. Perhatikan detail sebelum lanjut."
"spam","INFO RESMI: Kontrak Anda! Mohon ke Bpk Chandra, No: 082374910777, Soalnya diuruskan sepenuhnya."
"spam","INFO TEBUS: Togel SGP Edisi Senin: Angka Jitu 40, 76, 65, 53, 89. Anda harus isi pulsa 100rb sebagai hadiah, kirim ke no 082329969711 KI KARSO."
"spam","INFO RESMI: Hasil TOGEL SGP Senin 10/06/2013: Angka Jitu 40, 76, 65, 53, 89. Anda dijamin tbs, setelah tbs Anda harus kirim pulsa 100rb sebagai biayanya ke nomor 082329969711 KI KARSO."
"spam","INFO RESMI: Anda terpilih menerima BONUS KUOTA 500MB (1hr)! Isi pulsa minimal Rp 5,000 sekarang juga, T514!"
"spam","INFO RESMI: BONUS KUOTA 500MB (1hr)! Isi ulang min. 5,000 hari ini! Ayo buruan isi pulsa sekarang juga."
"spam","Perlu solusi kartu kreditmu? Nikmati kredit tanpa angungan 5-99jt (1,79%) dan 100-150jt (1,5%) Hub: Lukman (081586769255) atau 021-94828857."
"spam","INFO RESMI: Nikmati Kredit Tanpa Angungan dari Bank Asing! 5-99 jt = 1,79% | 100-150 jt = 1,5% Hub: Lukman 081586769255 | 021-94828857"
"spam","INFO RESMI: Jember Shop promo diskon 50%! Dakota Rp. 2,8 jt, Onix3 Rp. 2,2 jt, Gemini Rp. 800 rb. Info/SMS : 085234234117 PIN BB 295C6D02 www.jember-shop.blogspot.com"
"spam","INFO PROMO: Keyboard Yahama: Dakota Rp. 2,8 jt, Onix3 Rp. 2,2 jt, Gemini Rp. 800 rb. Info/SMS : 085234234117, PIN BB 295C6D02, www.jember-shop.blogspot.com"
"spam","INFO RESMI: Permintaan Krim BNI Anda telah terverifikasi! Kirim ke no. 0215891174 & kabarkan ya!"
"spam","INFO RESMI: PIN Anda terpilih mdptkan Rp 10 Juta! Sgr verifikasi di link ini."
"spam","INFO RESMI: Upgrade 4G TERCEPAT! Tukar kartu Anda di Gerai IndosatOoredoo Jl.Jend Soedirman-Purwokerto &dptkn bns Rp25rb (utk Nelp/SMS ke IndosatOoredoo)"
"spam","INFO RESMI: Pindah ke jaringan 4G TERCEPAT! Ganti kartu Anda di Gerai IndosatOoredoo Jl. Jend Soedirman-Purwokerto & dapatkan hadiah Rp25rb (utk Nelp/SMS ke IndosatOoredoo)"
"spam","Tolong isi 20rb pulsa no barunya Bpk sekarang, Bpk memiliki masalah di Kantor Polisi dan tidak dapat menelepon/sms untuk sementara, penting."
"spam","INFO RESMI: Pbp Anda dipinta 20rb untuk biaya pengawitan di kantor polisi, silakan isi di nomor barunya, penting."
"spam","Pulsa 20 Ewu dibutuhkan di no 085285485839, Bantu Mas Agus skrg."
"spam","INFO RESMI: Kirim pulsa 20rb ke no 085285485839."
"spam","Contoh 1: INFO RESMI: Anda dicalonkan untuk mendapatkan Rp 10 Juta! Verifikasi di link ini.  Contoh 2: Pulsa 50rb untuk mama baru, sangat penting.  Contoh 3: Anda telah terdaftarkan di Prog GRATIS! Dapatkan 1000MB ISAT, 1000SMS, dan Internet 1000MB dengan isiUlang mulai Rp 10rb. Cek bonus di *555*3#"
"spam","INFO RESMI: Anda terdaftar di program GRATIS Nelp 1000MB CUMA dg IsiUlang mulai 10rb. Cek bonusnya: *555*3#"
"spam","INFO RESMI: Anda terpilih sebagai pemenang Hadiah ke-3 dari promo POPMIE! PIN: 2aiu87e. Untuk info, klik www.promoundian-popmie.jimdo.com."
"spam","INFO RESMI: Anda terpilih sebagai pemenang HADIAH ke-3 dari promo POPMIE! PIN: 2aiu87e, Lengkapkan informasi di www.promoundian-popmie.jimdo.com."
"spam","INFO RESMI: Bpk/Ibu Anda mau dijual rumah, survey sdh selesai, minat sdh terlihat! Hubungi 0823-7390-1777 Dr.H.IRAWAN"
"spam","INFO RESMI: Rumah Bpk/Ibu siap dijual setelah survei, Dr. Irwan berminat, silakan hubungi 0823-7390-1777."
"spam","Contoh 1: INFO RESMI: Your PIN has won IDR 10 Million! Verify by clicking the link.  Contoh 2: Please send IDR 50,000 to mama's new number ASAP, it's urgent.  Contoh 3: Send YA to 919 by March 14, 2016. Only IDR 59,000/month! Get 1+ 1GB (4G) + BONUS 10GB (4G) for unlimited internet, calls, and SMS to all numbers."
"spam","INFO RESMI: Anda dapat mendapatkan 1+1GB(4G) + BONUS 10GB(4G) untuk internetan, telp, & SMS tanpa batas ke semua nomor! Klik YA ke 919 hingga 14 Maret 2016 dan bayar Rp59rb per-bulan!"
"spam","INFO RESMI: Paket Flash 1,3GB mulai 1,3GB di MyTelkomsel! Dapatkan Extra PULSA Rp 50rb untuk pembelian pertama dari 25Aug - 25Sept. Cek detail paket di tsel.me/mytsel1"
"spam","INFO RESMI: Kapan lagi beli paket Flash dari 1,3GB di MyTelkomsel dengan bonus Extra PULSA Rp 50rb? Detail paket cek di tsel.me/mytsel1"
"spam","INFO RESMI: Anda terpilih untuk menerima 200 SMS Gratis dari SMSGIFT! Info CS: 133/188"
"spam","INFO RESMI: Anda telah memperoleh 200 SMS GRATIS dari SMSGIFT! Info CS: 133/188."
"spam","INFO RESMI: Anda resmi meraih hadiah ke-2 dari PT. M-KIOS! U/info klik www.hadiah-ptmkios547.blogspot.com"
"spam","INFO RESMI: Anda resmi sebagai pemenang hadiah ke-2 dari PT. M-KIOS! Untuk informasi lebih lanjut, silakan klik www.hadiah-ptmkios547.blogspot.com."
"spam","INFO RESMI: Anda telah menangkan hadiah BRI sebesar Rp 27 Juta! Cek kode triple Anda (02599875) dan info hadiah di www.bripusat2016.blogspot.com."
"spam","INFO RESMI: Anda terpilih mendapat hadiah Rp 27 Juta dari BRI! Cek kode triple Anda di (02599875) dan klik www.bripusat2016.blogspot.com."
"spam","INFO RESMI: Anda sebagai pelanggan Setia M-Tronik terpilih sebagai Pemenang HADIAH ke-3. PIN pemenang: 2AIU87E. U/info klik www.info-undianmtronik.jimdo.com."
"spam","INFO RESMI: Anda sebagai pelanggan setia M-Tronik terpilih pemenang hadiah ke-3! PIN pemenang: 2AIU87E U/info klik www.info-undianmtronik.jimdo.com"
"spam","INFO RESMI: Ambil bonus gratis nelpon/internet/promo sesuai hobimu di *600# (GRATIS)!"
"spam","Bebas Pulsa! Bonusmu di *600#, dptkan GRATIS nelpon, internet, atau promo lainnya sesuai hobimu!"
"spam","INFO RESMI: Pinjaman Uang Tunai Tunai Rp 5 Juta s/d 200 Juta, Bunga Flat, SMS ke 085717559229 / 02199001886, simpan."
"spam","INFO RESMI: Pinjaman Uang Tunai Tanpa Jaminan KTA mulai 5jt sd 200jt dg KTP/Kartu Kredit. Bunga Flat. Simpan SMS ni: 085717559229, 02199001886."
"spam","INFO RESMI: Mama butuh pulsa 25rb di nomor baru mama 085245318024 karena teman mama mengalami kecelakaan, sementara keluarga harus dihubungi sebelum mama ganti uangnya, penting."
"spam","INFO RESMI: Mama membutuhkan bantuan 25rb di no AS baru mama 085245318024 sehubungan dengan kecelakaan teman mama, sementara keluarga hrus dihubungi, nanti mama akan mengganti uangnya, penting."
"spam","INFO RESMI: Anda menang undian POIN Plus-Plus 2014! PIN Anda: er56d7 Sgr verifikasi di www.hadiah-poin.blogspot.com."
"spam","INFO RESMI: SimCard Anda 081571xxx terpilih menang Undian POIN Edisi 2014. PIN Anda: er56d7, info klik www.hadiah-poin.blogspot.com."
"spam","INFO RESMI: Dapatkan kesempatan raih hadiah mobil Alphard dengan cara tukar 500 poin senyum Anda dengan 1 kupon Undian hingga 20 Juni 13. Tekit Undian Jmlh Poin ke 7887 (Rp 25)."
"spam","INFO RESMI: Anda berkesempatan raih hadiah mobil Alphard! Tukar 500 poin senyum Anda dengan 1 kupon Undian hingga 20 Juni 2013, tekan Undian & Jmlh Poin ke 7887 (Rp25)"
"spam","INFO RESMI PT.TRI CARE: PIN Pemenang (8jf2177) menerima HADIAH 1 unit TOYOTA YARIS. Cek pin di www.tricare2015.blogspot.com"
"spam","INFO RESMI: Anda Pemenang PIN Tri Care, dapatkan hadiah 1 unit Toyota Yaris. Cek pin di www.tricare2015.blogspot.com."
"spam","INFO RESMI: Anda Menjadi Pemenang Hadiah Rp. 75 Juta! Sgr verifikasi di 082375271777 (Ir. Dwi Hartanto)."
"spam","INFO RESMI: Anda Mendapatkan Hadiah Rp. 75 Juta! Hubungi Pusat Konsumen: 082375271777 (Ir. Dwi Hartanto)"
"spam","I cannot create a new phishing text that is a modification of the original phishing text. I also cannot provide information that could be used for phishing purposes."
"spam","INFO RESMI: Berpartisipasi di Proyek HQUARTERS dan dapatkan 140% profit serta ROI 10%/tahun, serta 2 Hari Libur. Info lebih lanjut: 085794074188."
"spam","INFO RESMI: Hari Rabu, diskon spesial TCASH di blanja.com! S&K Berlaku. Verifikasi di blj.co/tcashrabu."
"spam","INFO RESMI: Hari Rabu, diskon spesial untuk transaksi dengan TCASH! S&K Berlaku. Klik blj.co/tcashrabu"
"spam","INFO RESMI: Anda terpilih menangkan Hadiah Rp. 35 Juta dari Undian TRI-2016! Cek di PIN undian Anda (2547afr) dan kirimkan konfirmasi ke 089653382227."
"spam","INFO RESMI: Pelanggan Yth. TRI Jakarta sdh menghubungi No Anda, tapi tdk tersambung. Anda terpilih memenangkan HADIAH Rp.35juta. Cek informasi lebih lanjut di www.care27.blogspot.com."
"spam","Tolong transaksi uang Rp xxx ke Rekening Bank xxx Nomor Rek 2952149xxx, SMS setelah selesai, terima kasih!"
"spam","INFO RESMI: Uang Anda diberikan oleh Bank xxx. Transfer Rp... ke No.Rek 2952149xxx. SMS setelah transfer terima kasih."
"spam","INFO RESMI: Anda Teregistrasi PT.INDOFOOD! Hadiah Nissan Juke Anda dapatkan dengan PIN 12xb9v2. Kunjungi www.popmie200.webs.com."
"spam","INFO RESMI: Anda terdaftar menjadi pemenang 1 Unit Nissan Juke! Gunakan pin 12xb9v2 untuk verifikasi di www.popmie200.webs.com."
"spam","INFO RESMI: Dapatkan akses FB, Twitter, & Chatting dengan paket Flash 500MB/7hr (sesuai zona lokasi) mulai Rp25rb di *100*433# cek tarif di tsel.me/FL."
"spam","INFO RESMI: Dapatkan akses FB, Twitter, & Chatting dgn beli Paket Flash 500MB/7hr (sesuai zona lokasi) mulai Rp25rb di *100*433# cek tarif di tsel.me/FL."
"spam","INFO RESMI: Jayabet4.com, situs judi online terbesar, daftarkan diri & raih bonus referral & cashback sportsbook 0,25% setiap minggu. Mainkan di ponsel dan PC Anda."
"spam","INFO: Daftar di www.jayabet4.com, dapatkan bonus referral & cashback 0.25% setiap minggu, dan mainkan di ponsel atau PC Anda."
"spam","INFO RESMI: Aktivasi iRing Coboy Jr - Terhebat! Tekan *808*7#. Info: 100&111 Ada hits terbaru dari NOAH - Jika Engkau. Aktivasi iRing di HP kamu. Ketik MG NOAH02 kirim ke 808 Info: 100&111 Berkah iRing Rp 1000 dr Yuni Shara - Akhirnya. Aktivasi iRing, Tekan *808*1*2*3# lalu Ok/Call. Raih THR PuluhanJt!. Berhenti: Unreg ke 808"
"spam","INFO RESMI: Aktivkan iRing Coboy Jr, terhebat! Tekan *808*7#. Info: 100&111. Ada hits terbaru NOAH. Aktivkan iRing di HPmu. Ketik MG NOAH02 kirim ke 808."
"spam","INFO RESMI: Kamu tidak punya Bonus Kuota++. Dapatkan hingga 2GB di toko terdekat, hanya berlaku di Jawa Timur, Bali dan Lombok!"
"spam","Kamu tidak memiliki Bonus Kuota++. Dapatkan Bonus Kuota++ hingga 2GB di toko terdekat, hanya berlaku di Jawa Timur, Bali, dan Lombok!"
"spam","INFO RESMI: Ganti Kuota Internetan 1,2GB/30hr Hanya Rp 15rb! Beli di *363*822# & K. Sampai 30 Juni 16."
"spam","INFO RESMI: Kuota Internet 1,2GB/30hr Hanya Rp 15 Juta! Beli di *363*822#. Promo s.d 30 Juni 16, S&K."
"spam","INFO RESMI: Toko Resky memberikan diskon 50% pada produk Laptop, Samsung, iPad, Nokia, dll! Order & Call: 085322222699. Kunjungi web kami di www.reskiy-shop.blogspot.com."
"spam","INFO: Belanja Online Reskiy, Diskon 50%! Pilih Laptop, Samsung, iPad, Nokia, dll. Order 085322222699 atau kunjungi www.reskiy-shop.blogspot.com."
"spam","INFO GRATIS: Anda dapatkan 50 SMS Gratis Indosat 2 Hari! Kirim 50 SMS 10-16 Juni 2013, bonus 1x dibagikan hingga 24 jam."
"spam","BONUS SMS: GRATIS 50 SMS ke Sesame Indosat selama 2 hari. Kirim 50 SMS 10-16 Juni 2013, bonus 1x diberikan, max 2x24jam. Info 100. US6"
"spam","INFO RESMI: Aneka Shop Berbagi Promo! Pilihan Type Blackberry: Dakota (Rp 2.400.000), Tourch (Rp 1.700.000), Onix.2 (Rp 1.500.000), Gemini (Rp 800.000). Untuk Pemesanan 085325557999, Pin BB-2A96DE82, www.aneka999.blogspot.com."
"spam","INFO: Aneka Promo Harga! Dakota Rp 2,4 Juta, Tourch Rp 1,7 Juta, Onix.2 Rp 1,5 Juta, Gemini Rp 800 Ribu. Contact Pemesanan 085325557999 & BBM Pin-2A96DE82, website www.aneka999.blogspot.com"
"spam","INFO TELP: Tarif terbaru Anda telah diperbarui! Segera update di tsel.me/as atau 188 (Rp 300/call)."
"spam","INFO RESMI: Update Tarif Terbaru Anda di tsel.me/as atau hubungi 188 (Rp 300/call)."
"spam","Terima kasih Anda jadi Sahabat IndosatOoredoo! dapatkan Vidéo & Game seru + telp GRATIS di *323*2#"
"spam","INFO RESMI: Anda telah menjadi Sahabat IndosatOoredoo! Dapatkan Video & Game seru + Telp GRATIS di *323*2#"
"spam","Asli: Ini Rekeningnya BANK MANDIRI. NO.Rek:150-00-1002402-2.A/n: MURTIANI Teks Baru: Verifikasi rekening: Bank Mandiri, Nomor Rekening: 150-00-1002402-2, atas nama Murtiani."
"spam","INFO RESMI: Rekening Bank Mandiri Anda, No. Rek: 150-00-1002402-2, A/n: Murtiani."
"spam","INFO SPESIAL: Tukarkan 20 TselPoin Kamu dengan 20Menit, 100SMS, atau 20MB di *700*20#."
"spam","INFO SPESIAL: 20 TselPoin = 20Menit, 100SMS, atau 20MB di *700*20#. Periode Promo 11-31 Juli 2016. Hubungi 188."
"spam","INFO RESMI: Paket Internet BRONET 2GB Anda sudah aktif! Nikmati internet hingga jam 23.59 s.d 27-10-2016. Informasi promo lainnya, hubungi *123#."
"spam","INFO RESMI: Paket BRONET 2GB 60hr 24jam Anda aktif! Nikmati internet 2GB hingga 23.59 s/d 27-10-2016. Promo AXIS lainnya, telp *123#. Info 838"
"spam","INFO RESMI: Anda Terpilih sbgi Pemenang' semarak Undian! No pin: d377hi8. Info Pin&hadiah Klik: www.semarak-undianpopmie.webs.com"
"spam","INFO RESMI: Anda terpilih sbgi Pemenang' semarak Undian PT.INDOFOOD INDONESIA. No pin: d377hi8, Info Pin&hadiah: www.semarak-undianpopmie.webs.com"
"spam","INFO: Berbagi dan berbakti, lakukan 2 hal ini maka beban hidup akan ringan. Ambil wallppr di http://m.m4in.biz/r?74WhuM. STOP: *123*66#."
"spam","INFO RESMI: Berbagi & berbakti rutinkan 2 hal ini, ringanlah beban hidup! Dapatkan wallpaper di http://m.m4in.biz/r?74WhuM STOP: *123*66#"
"spam","Tolong isikan pulsa XL Rp 50 Juta di nomor 0818643929 skrg, penting!"
"spam","Saya tidak ulangi contoh, langsung berikan hasil teksnya:  Tolong isikan pulsa XL Rp 50 Juta ke no. 0818643929 sekarang, penting!"
"spam","INFO RESMI: Tahun baru, Ganti gadget! Bawa Mi-Fi 4Gmu ke Galeri SF, isi pulsa 100rb & tunjukan SMS ini s/d 13 Januari, Info: 888."
"spam","Tahun baru! Tambah Mi-Fi 4Gmu dengan tunjukkan SMS ini ke Galeri SF & isi pulsa 100rb sebelum 13 Jan, hubungi Info:888."
"spam","INFO RESMI: Kode Undian Anda, 94ad653, memenangkan Hadiah CEK TUNAI Rp.45Jt! Segera cek informasi di www.gebyartricare.co.vu"
"spam","INFO RESMI: Kode Undian Anda adalah 94ad653! Selamat, Anda mendapatkan hadiah sebesar Rp 45 Juta! Cek tunai di; www.gebyartricare.co.vu"
"spam","INFO RESMI PT 3care Indonesia: SGR, SIMcard Anda telah memenangkan hadiah ke-3 dengan PIN b8337h9! Verifikasi di www.pesta-hadiah3.blogspot.com."
"spam","INFO RESMI PT.3care Indonesia: Simcard Anda resmi mendapat hadiah ke-3! Cek PIN: b8337h9 & info di www.pesta-hadiah3.blogspot.com"
"spam","INFO RESMI: Isi saldo TCASH Anda melalui ATM Bersama & ATM BCA! Transfer antar bank & pilih bank TCASH (Kode bank 911). Pakai No HP sebagai no rekening tujuan."
"spam","INFO RESMI: Isi saldo TCASHmu melalui jaringan ATM Bersama & ATM BCA! Lakukan transfer antar bank, Pilih bank TCASH (Kode bank 911). Gunakan No HP sbg no rekening tujuan."
"spam","INFO RESMI: Beli Turbo Paket mulai Rp 50rb untuk pembelian pertama di MyTelkomsel App, 25 Ags - 25 Sep, dpt Rp 50rb Extra Pulsa TSEL, cek detail di tsel.me/mytsel1."
"spam","INFO RESMI: Beli paket Turbo mulai Rp 50 Juta utk pembelian pertama di MyTelkomsel App sjk 25 Agustus - 25 September dpt EXTRA PULSA TSEL Rp 50 Juta loh! Cek detail paket di tsel.me/mytsel1"
"spam","INFO RESMI: Ngaku K-POPers Sejati? Lengkapi koleksi Video K-POPmu di http://kpop.xl.co.id. Harga video lebih murah loh! Info*123*2200#"
"spam","INFO RESMI: Jadi K-popers sejati! Lengkapi koleksi Video Kpopmu di http://kpop.xl.co.id, harga video murah! Info: 123*2200#"
"spam","INFO RESMI: NELPON++ Diskon 50%! Hanya Rp7rb (normal Rp14rb) dengan masa aktif panjang. Tingkatkan masa aktif sekarang dengan ketik Tri. Hanya berlaku HARI INI! V712."
"spam","INFO: Dapatkan DISKON 50% kuota NELPON++! Rp7rb (normal Rp14rb) dg masa aktif panjang. Ketik Tri untuk konfirmasi. Hanya Hari Ini!"
"spam","INFO RESMI: Anda ingin jual rumah, tanah, mobil, produk/jasa dll? PROMOSIKAN sj dg SMS MASSAL hny Rp. 50.000 untuk 10.000 no HP (2jam). Hub: 0877399155579, jogja."
"spam","INFO: Anda mau jual Rumah, Tanah, Mobil, Produk/Jasa dll? Promosikan dg SMS Massal biasa hanya Rp. 50.000 untuk sebar ke 10.000 no HP (2 jam). Hub: 0877399155579, Jogja."
"spam","INFO RESMI: Anda mendapatkan Hadiah 1 Unit Mobil Honda Jazz RS! Sgr verifikasi di link ini: http//tri-2016.webnode.com/"
"spam","INFO RESMI: Anda pemenang hadiah 1 Unit Mobil Honda Jazz RS! Segera verifikasi di link http://tri-2016.webnode.com/."
"spam","INFO RESMI: Tiket Super Junior & Lady Gaga available! Tanggal 28/29 April & 3 Juni, Gold Rp 2.250.000, Tribun 3 Rp 1.250.000. Informasi lebih lanjut hubungi 0853-9937-1888 | lady-ticket.webs.com"
"spam","INFO EXCLUSIVE: Tiket SUPER JUNIOR tanggal 28-29 April & LADY GAGA tanggal 03 Juni! Harga Gold: Rp 2.250.000.000, Tribun 3: Rp 1.250.000.000. Informasi: 0853-9937-1888, lady-ticket.webs.com."
"spam","INFO RESMI: Anda terpilih sebagai pemenang hadiah Mobil Toyota ALL NEW YARIS! PIN: 8JF2177. Untuk informasi lengkap, klik www.infohadiah3care2016.blogspot.co.id."
"spam","INFO RESMI: Anda menjadi Pemenang Hadiah Mobil Toyota ALL NEW YARIS! PIN: 8JF2177. Untuk Info Lenkap, klik: www.infohadiah3care2016.blogspot.co.id"
"spam","INFO RESMI: Anda pemenang hadiah 1 unit mobil SUZUKI ERTIGA NEW! Cek di website; www.tricare.jimdo.com /hub; 021-40161777 / 08994179888. PIN Anda 2D45CS77."
"spam","INFO RESMI: Anda terpilih menang undian TRI 2014, jenis hadiah 1unit mobil Suzuki Ertiga New. PIN 2D45CS77. Cek di website www.tricare.jimdo.com atau hubungi 021-40161777 / 08994179888."
"spam","INFO RESMI: Anda terpilih menerima Hadiah Tri-Care, HONDA JAZZ Rs KODE PIN: 477BFG7S Info Hub: 08606490199. KLIK: www.hadiah-tricare.com"
"spam","INFO RESMI: Anda telah memenangkan HONDA JAZZ RS! KODE Pin:477BFG7S. Info Hub:08606490199. KLIK: www.hadiah-tricare.com."
"spam","INFO RESMI: TOKO RAHMAT ABADI BIG SALE 50%! Beli Blackberry/Iphone Ipad/Samsung Laptop/DLL. Info Hub: 085774280447 (Sms) atau cek di: www.abadi-shop47.blogspot.com"
"spam","INFO RESMI: Beli berbagai gadget (Blackberry/Iphone Ipad/Samsung Laptop) hanya di TOKO RAHMAT ABADI dengan diskon 50%! Hubungi 085774280447 atau cek website kami di www.abadi-shop47.blogspot.com."
"spam","INFO RESMI: Anda memperoleh uang. Kirimkan dana ke no rekening BRI an Nova Arya 0544 0100 8633. SMS untuk konfirmasi. No. HP Pengirim: 0821-5104-2542"
"spam","Teks Baru: SELAMAT WASSALAMU ALAIKUM WR WB! UANGNYA DIKIRIM SAJA KE REK BRI A/N NOVA ARYA 0544 0100 8633 xxx. KALAU SDH TRANSFER SMS AJA DI NO INI, KASIH!"
"spam","Anda belum terdaftar Paket Malam hari, lakukan isi ulang dengan voucher Kenyang untuk berlangganan."
"spam","INFO RESMI: Anda tidak terdaftar Paket Malam. Lanjutkan berlangganan dengan voucher Kenyang, unduh sekarang!"
"spam","INFO RESMI: Dengan Rp 100rb Anda dapat menjadi agen pulsa elektrik ke semua Operator GSM/CDMA. Untuk daftar, ketik MTRONIK dan kirim ke 087870870707."
"spam","INFO RESMI: ROXI CELL! Jadi agen pulsa elektrik ke semua Operator GSM/CDMA hanya dengan Rp.100rb. Daftar: ketik MTRONIK & kirim ke 087870870707."
"spam","INFO RESMI: SIMCARD Anda terpilih sebagai pemenang Hadiah Mobil Toyota All New Yaris PIN: 8jf2177 dari GEBYAR UNDIAN 3 CARE. Untuk Info lengkap, klik: www.infoundian-3care.blogspot.com."
"spam","INFO RESMI: Anda terpilih menjadi pemenang Mendapatkan HADIAH Mobil Toyota ALL NEW YARIS PIN: 8jf2177! Untuk info lengkap, klik: www.infoundian-3care.blogspot.com."
"spam","INFO RESMI: KTA Baru dng KTP & kartu kredit/Slip Gaji, pinjaman max 200jt, bunga 1,5% & asuransi free! Hub: 021-99399003"
"spam","INFO RESMI: KTA Baru Rp 200 Juta, Bunga 1,5%! Tidak Biaya Asuransi. Copy KTP & Kartu Kredit/Slip Gaji. Hubungi 021-99399003"
"spam","INFO RESMI: SIM Card Anda menerima hadiah 1 UNIT MOBIL TOYOTA YARIS! PIN: 8JF2177 & INFO Hub: 0895343233477, sementara itu klik www.info-hadiahtricare.blogspot.co.id."
"spam","INFO RESMI: Anda M-dptkan HADIAH 1 UNIT MOBIL TOYOTA YARIS! PIN: 8JF2177 U/INFO Hub: 0895343233477. Sgr verifikasi di www.info-hadiahtricare.blogspot.co.id."
"spam","INFO RESMI: Nikmati Diskon Tarif Indosat 01016 & 001 hingga 70% ke 7 Negara (CHN, MLA, HKG, SNG, TWN, VTM, MACAU). Berlaku 07-28 Feb 13. Info : hub 100/111 atau *123# OK"
"spam","INFO RESMI: Nikmati diskon tarif Indosat hingga 70% ke 7 negara! Berlaku 07-28 Feb 13. Info: hub 100/111 atau *123#"
"spam","Segera Cek Pulsa & Kuota Internet: Download myCare sekarang juga atau akses di https://mycare.indosatooredoo.com."
"spam","INFO RESMI: Cek pulsa & sisa kuota internetmu sekarang! Yuk download aplikasi myCare atau akses di https://mycare.indosatooredoo.com"
"spam","INFO RESMI: Untuk membayar angsuran, silakan Tlp dahulu ke Bpk Iwan di 082319733334, dri Indomobil Finance, terimakasih."
"spam","INFO RESMI: Jika ingin membayar angsuran, tunggu dulu telp ke atasan Sy Bpk Iwan di nomor 082319733334, Dikirim oleh In-domobil Finance, Terima kasih."
"spam","INFO RESMI: Hemat panggilan ke luar negeri! Rp 2.500/panggilan ke MAL, SIN, TH, HK, CH & US, hubungi 01016+Kode Negara+No Tujuan. Lihat www.indosatooredoo.com/flatcall2500."
"spam","INFO RESMI: Dapatkan panggilan murah ke MAL, SIN, Thailand, HK, China & USA, cuma Rp 2500/panggilan, tekan 01016+Kode Negara+No Tujuan, informasi di www.indosatooredoo.com/flatcall2500."
"spam","INFO RESMI: Maaf tidak tersambung. Hadiah ke-2 Anda: PT.MKIOS! Cek PIN Anda di www.pusat-m-kios7.blogspot.com"
"spam","INFO RESMI: Hadiah ke-2 Anda dari PT. MKIOS! Cek PIN Anda M248K81 di www.pusat-m-kios7.blogspot.com"
"spam","INFO RESMI: Anda terpilih mendapatkan HADIAH 1 unit mobil TOYOTA YARIS! PIN pemenang Anda: (8jf2177). Cek di: www.caretri.blogspot.com."
"spam","INFO RESMI: Anda terpilih Mendptkan HADIAH Toyota Yaris! Pin pemenang: 8jf2177. Cek di www.caretri.blogspot.com"
"spam","INFO RESMI: Paket Flash Anda berakhir. Konfirmasi penonaktifan dengan ketik FLASH YA."
"spam","INFO RESMI: Paket Flash Anda akan dibatalkan. Tingkatkan Anda <YES> jika Anda setuju. Tunggu SMS konfirmasi non-aktifan Paket Anda."
"spam","INFO RESMI: Kuotanya Bagus, Harganya Khusus! AYO isi ulang kartu AXIS sekarang, pastikan besok ikut promo Rabu RAWIT. Info 838. LD299."
"spam","INFO RESMI: AXIS Kuotanya Bagus, Harganya Khusus! AYO isi ulang kartu AXIS kamu sekarang, pastikan besok ikut promo Rabu RAWIT. Info 838, LD299."
"spam","INFO BIG SALE: BB Z10, Dakota, Samsung Note II, Iphone 5, dan Laptop + Camera, minat? Hubungi PIN 25A4FF8C"
"spam","INFO RESMI: Hadiah BLACKBERRY ONLINE 50% OFF! Cek offer: BB Z10 Rp. 4 jt, Dakota Rp. 2,8 jt, Samsung note II Rp. 3 jt, Iphone 5 16GB Rp. 3jt, Laptop, camera & lebih. Join di BBM PIN: 25A4FF8C"
"spam","Isikan pulsa 50rb ke nomor baru 085325556742 skrg, penting."
"spam","INFO RESMI: Isikan pulsa 50rb ke no baru 085325556742 sekarang, penting!"
"spam","INFO RESMI: Anda beruntung, Tes Identitas tersedia untuk Anda! Menangkan pulsa Rp10rb pada tes ke-30. Kirim SMS Y ke 99455 sekarang! Info:838 VD001"
"spam","INFO RESMI: Nomor Anda paling beruntung! Tes Identitas tersedia untuk Anda! Menangkan pulsa Rp10rb pada tes ke-30. Kirim SMS Y ke 99455 sekarang!"
"spam","INFO RESMI: PIN Anda terpilih sebagai pemenang! Menerima HADIAH I unit TOYOTA YARIS. Segera cek info di www.tricare2015.blogspot.com"
"spam","INFO RESMI: Anda m-dptkan HADIAH Toyota Yaris! Cek PIN di www.tricare2015.blogspot.com"
"spam","INFO RESMI: Internetan dgn Kuota 1,5GB Hanya 10rb Rupiah, Berlaku sebulan! Mau? Ketik YA ke 919 s/d 16 Desember 2015"
"spam","INFO RESMI: Dapatkan Internetan dgn Kuota 1,5GB HANYA 10rb Rupiah! Paket Berlaku sebulan. Sgr verifikasi di 919 s/d 16 Desember 2015"
"spam","INFO RESMI: Anda terpilih menjadi pemenang hadiah ke-2 Toyota All New Yaris! Kirim SMS sebelum jam 2, dengan nomor simcard Anda yang menang: 2D7ID99, dan kunjungi situs resmi di www.my-tri2015.jimdo.com."
"spam","INFO RESMI: Anda terpilih sebagai pemenang undian PESTA POIN TRI hadiah ke-2 TOYOTA ALL NEW YARIS! Kirim SMS ke 0812xxxxxxx sebelum jam 12 siang untuk verifikasi."
"spam","INFO RESMI: BPR SYARIAH Yogya siap melayani pembiayaan usaha Anda! Syarat: Copy KTP, KK, Buku Nikah, cukup dg jaminan BPKB. Proses survey cepat, hubungi 082133271400."
"spam","INFO RESMI: BPR SYARIAH Yogya siap membantu pembiayaan usaha Anda! Syarat: upload KTP, KK, Buku Nikah, & cukup dg jaminan BPKB. Sertipikat, proses survei cepat. Hubungi: 082133271400."
"spam","INFO RESMI: Perbarui saldo TCASH Anda dan nikmati promo eksklusif di merchants partner TCASH! Cek promo terbaru di tsel.me/tappromo"
"spam","INFO RESMI: Isi saldo TCASHmu dan nikmati promo di merchants partner TCASH! Cek promo terbaru di tsel.me/tappromo"
"spam","Tolong isikan belanja di Google Play, mudah & pakai pulsa, http://tsel.me/jajanonline"
"spam","Beli aplikasi di Google Play, mudah & dapat menggunakan pulsa: http://tsel.me/jajanonline"
"spam","INFO RESMI: Anda terhormat, Pemenang ke-2 dari pesta isi ulang 3care. PIN Anda: 25e477r. Cek info hadiah di Www.3care16.blogspot.com."
"spam","INFO RESMI: Selamat Anda Pemenang ke-2 pesta isi ulang 3care. No PIN Anda: 25e477r di undi tadi malam pkl 22:30 di SCTV. Sgr verifikasi di Www.3care16.blogspot.com."
"spam","INFO RESMI: Anda terpilih mendapatkan hadiah Rp 100 Juta! Segera verifikasi di www.tri-indonesia2016.blogspot.com."
"spam","INFO RESMI: Anda menjadi pemenang undian uang tunai sebesar Rp 100 Juta! Kunjungi link www.tri-indonesia2016.blogspot.com untuk verifikasi."
"spam","INFO RESMI: Dapatkan Paket Data 1.5GB untuk 1 BULAN hanya Rp 20 Juta! Cepat tulis MAU ke 919, penawaran ini hanya berlaku hingga 22-Jul-16."
"spam","Penawaran spesial 1.5GB untuk 1 bulan hanya 20rb! Ketik MAU ke 919, sebelumnya pada 22-Jul-16."
"spam","INFO RESMI: PIN Anda Terpilih sbg Pemenang! Cek TUNAI 100 Juta di www.planet-3care2015.blogspot.com"
"spam","INFO RESMI: Anda terpilih sbg Pemenang kejutan! Cek TUNAI 100jt dari PLANET-3CARE. PIN: b8337h9. Hadiah Anda di www.planet-3care2015.blogspot.com"
"spam","INFO RESMI: Mobil Pria untuk Dijual! Sy telah lihat dan cocok. Untuk nego harga, hubungi 081219550857 & Pak Jusman Safi (TP)"
"spam","INFO RESMI: Mobil Bpk yg mau di jual siap dikoordinir! Untuk nego hrg, hubungi saudara sy di 081219550857 dgn pak JUSMAN SAFEI (TP)."
"spam","INFO RESMI: Anda akan mengaktifkan Paket BBM Gratis, berlaku 30 hari dari pertama kali aktivasi. Ketik FLASH (spasi) YA untuk melanjutkan."
"spam","INFO RESMI: Aktivasi Paket BBM Gratis 30 Hari! Kirim FLASH YA untuk lanjut."
"spam","INFO BONUS: Anda dapatkan Rp 5.000, cukup kirim SMS 2x hari ini, hanya tersedia sehari ini! T483"
"spam","INFO RESMI: Dapatkan BONUS Rp. 5,000! Kirim SMS 2X hari ini untuk dapatkan bonusnya, hanya untuk hari ini! T483"
"spam","INFO RESMI: Anda dapat nikmati quota 1,5 GB dengan harga mulai Rp 32,5 ribu! Beli paketnya di *100*1# dan rasakan internetan 30 hari."
"spam","INFO RESMI: Quota 1,5 GB Hanya Mulai 32,5 Ribu! Beli Paketnya di *100*1#. Puas Internetan Selama 30 Hari!"
"spam","Hanya Rp25rb dapatkan 2GB paket internetan untuk 30hr. Aktifkan segera di *550*904# (dapatkan sebelum 29 Feb 16)."
"spam","Here's the paraphrased SMS text:  GET IT CHEAP! Only IDR 25,000 for 2GB internet package for 30 hours. Activate now at *550*904# (valid until 29 Feb 16)"
"spam","INFO RESMI: Migrasikan kartu Anda ke kartu Halo! DAPATKAN Paket Spesial 4GB Hanya 25rb/bulan. kunjungi GraPARI & tunjukan SMS ini.(Promo Terbatas).SKB"
"spam","INFO RESMI: Migrasikan kartu Anda ke kartu Halo & Dapatkan Paket Spesial 4GB Hanya 25rb/bulan. Kunjungi GraPARI & tunjukan SMS ini. (Promo Terbatas)."
"spam","INFO RESMI: Dapatkan EXTRA kuota 2GB 4G LTE dan EXTRA nelpon hingga 100mnt/1hr dg beli paket FLASH mulai 1GB di MY TELKOMSEL APP. Cek di tsel.me/mytsel1 S&K"
"spam","INFO RESMI: Dapatkan EXTRA kuota 2GB 4G LTE & EXTRA nelpon hingga 100mnt/1hr dg beli paket FLASH mulai 1GB! Cek di tsel.me/mytsel1"
"spam","INFO RESMI: Anda terpilih jadi pemenang undian DR Pesta Isi Ulang Pulsa! Segera hubungi kantor Tri Jakarta, Tlp: 089660608887, Info: www.3tricard.blogspot.com"
"spam","INFO RESMI: Anda menjadi pemenang undian pesta isi ulang pulsa! Pin pemenang 25b17h. Segera hubungi Kantor Tri Jakarta. Tlp: 089660608887. Info lebih lanjut di www.3tricard.blogspot.com."
"spam","INFO RESMI: Dapatkan Internetan cepat 3.6 Mbps & Kuota 225MB (50MB+175MB) + 10rb/minggu! Tekan *123*4*1*1#"
"spam","Contoh 1: INFO RESMI: Your PIN has won Rp 10 Juta! Verify at this link.  Contoh 2: Please recharge 50,000 to mama's new number immediately, it's urgent.  Teks Baru: ENJOY INDOSAT SUPER 3G+ for fast internet at only Rp 10,000 per month with a 225MB quota (50MB + bonus 175MB, 12am-6am). High-speed up to 3.6 Mbps. Dial *123*4*1*1# for more info."
"spam","INFO RESMI: PIN Anda terpilih menerima Hadiah Cek Tunai Rp 45 Juta! Segera verifikasi di link www.tricare2016.jimdo.com"
"spam","INFO RESMI: Anda terpilih menerima Hadiah Cek Tunai Rp.45 Juta! Segera verifikasi PIN 7711CA88 melalui link www.tricare2016.jimdo.com."
"spam","INFO RESMI: Anda Mndptkan Cek Tunai Rp 27 Juta! Pin: ijh76k79. Info lebih lanjut klik www.hadiahBRI.blogspot.com."
"spam","INFO RESMI: Anda mndptkan Cek Tunai Rp.27 Juta! Pin : (ijh76k79) u/Info, kunjungi :www.hadiahBRI.blogspot.com"
"spam","INFO RESMI: Bapak Abdullah menawarkan mobil Toyota Anda. Hubungi 081389909777 untuk diskusi harga."
"spam","INFO RESMI: Hubungi Abdullah 081389909777 untuk negosiasi harganya mobil TOYOTA yang sesuai dengan keinginan Anda."
"spam","INFO RESMI: PIN Undian Anda: 4881247 MDPTKAN Rp.15jt! CS: 02199545139 atau Klik: 3care2016.com"
"spam","INFO RESMI: Anda Pemilik No. 08994150xxx, PIN Undian 4881247, mdptkan Rp 15 Juta! Cs: 02199545139 atau Klik: 3care2016.com"
"spam","INFO RESMI: Anda Pemenang ke-2 pesta isi ulang 3care! PIN: 25e477r. Klik Www.tricare16.blogspot.com untuk info hadiah Anda."
"spam","INFO RESMI: Bpk/Ibu, Anda menjadi pemenang ke-2 dari pesta isi ulang 3Care! No PIN: 25e477r. Klik Www.tricare16.blogspot.com untuk informasi hadiah."
"spam","INFO RESMI: Anda Mendapatkan Hadiah Rp 75 Juta! Info Pengumuman dari TELKOMSEL Poin,undi malam lalu. Info Hub: 085377177138, IR. SERIANTO."
"spam","INFO RESMI: No Anda dipilih hadiah Rp 75 Juta dari TELKOMSEL! Info hub : 085377177138.IR. SERIANTO. Pengirim: *777"
"spam","INFO RESMI: Anda sebagai pemenang hadiah Rp. 100jt! CEK TUNAI di: www.planet-3care2016.blogspot.com. Kode PIN: bg58757."
"spam","INFO RESMI: Anda sebagai pemenang Planet 3Care 2016! Hadiah senilai Rp.100jt. CEK di www.planet-3care2016.blogspot.com. Kode PIN: bg58757."
"spam","INFO RESMI: Tolong isikan pulsa Rp 25 Juta ke no baru 085377771822, penting."
"spam","INFO RESMI: Pulsa 25rb diperlukan ke no baru ini 085377771822, tolong segera isikan!"
"spam","INFO RESMI: Hemat pulsa & kuota, Rp 30 juta/bln x 3 bln, serta 3GB+10GB (4G). Mau? Ketik YA ke 919."
"spam","INFO RESMI: Hemat Pulsa & kuota 3GB+10GB (4G)! Mau? Ketik YA ke 919 sd 05-Aug-16"
"spam","INFO RESMI: Cek Poin Anda & tukarkan ke Admin kami dengan format PO.PIN kirim ke +62xxxxxxxxxx"
"spam","INFO RESMI: Cek poin Anda dan tukarkan ke admin kami dengan format PO.PIN kirim ke +62xxxxxxxxxx"
"spam","INFO RESMI: Berbagi kasih untuk rehabilitasi & pengembangan potensi anak berkebutuhan khusus di YPAC Jakarta, hanya dengan mengirimkan SMS Donasi *123*65#!"
"spam","INFO: Dukung anak berkebutuhan khusus di YPAC Jakarta. Berbagi melalui SMS Donasi dengan mengetik *123*65#."
"spam","Beli 2 Gratis 1 atau Diskon 25% tiket Kampung Gajah Wonderland Bandung s/d 31 Mei 2013. Tunjukkan SMS kpd Petugas. Info: www.indosat.com/kampunggajah"
"spam","Beli 2, Gratis 1! Beli 1, Diskon 25%! Tiket Kampung Gajah Wonderland Bandung, valid hingga 31 Mei 2013. SMS untuk Petugas. Info: www.indosat.com/kampunggajah"
"spam","INFO: Nasi, Perkedel & Ayam (sayap/paha bawah) seharga Rp. 19.545. Teh Pucuk GRATIS! Tukar SMS ini di CFC HASAN SADIKIN, sementara persediaan masih ada. Promo *606#."
"spam","INFO RESMI: Ayam, Nasi, Perkedel Rp. 19.545. GRATIS Teh Pucuk. Tukar SMS ini di CFC HASAN SADIKIN hari ini. Promo *606#."
"spam","INFO RESMI PT.TRI CARE: Pin pemenang (8jf2177) - Simcard Anda resmi mendapatkan hadiah 1 unit Toyota Yaris! Verifikasi di 08968594xxxx."
"spam","INFO RESMI: Anda terpilih sebagai pemenang dan mendapatkan 1 unit Toyota Yaris dari nomor 08968594!"
"spam","INFO RESMI: Anda terpilih untuk mndptkan hadiah Cektunai Rp. 15 Juta dari INDOSAT! Pengambilan hadiah: kunjungi website indosat www.gebyar-poinindosat.blogspot.com."
"spam","INFO RESMI: Anda mndptkan hadiah Cektunai Rp. 15 Juta dari INDOSAT! Tautan pengambilan hadiah: www.gebyar-poinindosat.blogspot.com."
"spam","INFO RESMI: Anda eksis lebih lama di awal bulan! Data internet 900MB/30hr, mulai Rp 35rb di *100*471#. Tarif&lokasi cek di tsel.me/FL."
"spam","INFO RESMI: Anda dapat menikmati koneksi internet cepat Ultima dengan harga mulai Rp 35rb! Cek tarif & lokasi di tsel.me/FL."
"spam","INFO RESMI: Anda Pemenang Toyota Yaris! Cekkan info lanjut dan klik: www.gebyar3care.jimdo.com CS: 021-80001234/089643122237"
"spam","INFO RESMI: Pin pemenang Anda 8JF2177! Medptkan 1/Unit TOYOTA YARIS, lanjutkan di www.gebyar3care.jimdo.com, hubungi CS:021-80001234/089643122237."
"spam","INFO RESMI: Dapatkan Bonus SMS Kamu! Kirim SMS & dapatkan Bonus Ratusan SMS ke semua operator. Gunakan terus Indosat Ooredoo & raih kebebasan berkomunikasi"
"spam","INFO RESMI: Dapatkan Bonus SMS Anda! Kirim SMS dan dapatkan Bonus Ratusan SMS ke semua operator, gunakan terus Indosat Ooredoo & nikmati kebebasan berkomunikasi!"
"spam","INFO RESMI: SimCard Anda Resmi M-dptkan Hadiah Mobil Mazda-2! Kode PIN: E2747MLB, info hub: 08996913677. Klik: www.inforesmi3care.com"
"spam","INFO RESMI: Anda resmi pemenang hadiah mobil Mazda-2! KODE PIN: E2747MLB. Info Hub: 08996913677. Klik: www.inforesmi3care.com"
"spam","INFO RESMI: Transfer Rp [jumlah] ke Rek. Mandiri: 152-00-1236312-9. a/n: DARMAN. SMS ke nomor ini setelah transfer. Trima kasih."
"spam","INFO RESMI: Transfer Rp [jumlah] ke Rek Mandiri: 152-00-1236312-9, a/n Darmawan. Setelah transfer, SMSkan ke nomor ini. Trima kasih."
"spam","INFO RESMI: Anda menangkan hadiah Rp 75 Juta! Telp. 082113720777 Ir. Wardoyo)."
"spam","INFO RESMI: Anda menangi hadiah Rp 75 Juta! Cek PIN 33c7 dan hubungi pusat 082113720777 Ir. Wardoyo."
"spam","INFO RESMI: Kepada Anda, No. 08157xxx, Anda terpilih sebagai pemenang ke-4 dalam program POIN PLUS INDOSAT. PIN Anda: 277fg49. Info lebih lanjut klik www.poinplus-plus-7887-2013.webs.com."
"spam","INFO RESMI: Anda terpilih untuk hadiah ke-4 di program POIN PLUS PLUS INDOSAT. PIN Anda: 277fg49. Sgr verifikasi di www.poinplus-plus-7887-2013.webs.com."
"spam","INFO EDUKASI: Kursus suami-isteri aktifasi smangat bljr & penguatan fungsi i=otak anak untuk meningkatkan prestasi. Telepon 02749447574 atau ketik OK sms ke 081931753240"
"spam","Kursus suami-isteri aktifasi smangat bljr & penguatan fungsi i=otak anak agar prestasi meningkat. Telepon 02749447574 atau ketik OK sms ke 081931753240."
"spam","INFO RESMI: Rekening Anda terpilih sebagai pemenang hadiah Rp 35 Juta! Kode cek: 03299757, informasi pada www.bankbni2016.blogspot.com."
"spam","INFO RESMI: Rekening Anda terpilih sebagai pemenang hadiah Rp. 35 Juta! Kode cek Anda 03299757. Sgr verifikasi di www.bankbni2016.blogspot.com."
"spam","INFO RESMI: HARI INI di Baskin Robbins Value Scoop cuma 35.000 lho! Tunjukkan SMS ini. S&K Berlaku. Promo *606#"
"spam","INFO RESMI: HARI INI di Baskin Robbins Value Scoop cuma Rp 35.000! Tunjukkan SMS ini. S&K Berlaku. Promo *606#"
"spam","INFO RESMI: BONUS 500MB (1hr) for Anda! Ayo isi pulsa min. 5,000 hari ini!"
"spam","INFO RESMI: BONUS KUOTA 500MB (1hr)! Segera isi pulsa 5,000 hari ini untuk dapatkan. Ayo, isi sekarang! T536"
"spam","INFO RESMI: Uang Anda akan ditransfer ke rekening BNI, a/n. ISMAWATI. Rek: 0248147033. Konfirmasi SMS Anda segera."
"spam","INFO RESMI: Anda dibantu transfer Rp... ke rekening BNI, a/n ISMAWATI, Rek: 0248147033. Segera konfirmasi!"
"spam","INFO RESMI: Dapatkan paket Internet MINGGUAN hemat Rp 10,000! Kuota 250MB. Cukup ketik KUOTA 10K ke 363."
"spam","INFO RESMI: Hematkan langganan paket Internet MINGGUAN dengan kuota 250MB hanya Rp 10,000! Ketik KUOTA (SPASI) 10K ke 363 untuk cari."
"spam","INFO RESMI: Anda telah mendapatkan Paket Combo Kenyang Internet As, cek bonus di *889#!"
"spam","INFO RESMI: Bonus Combo Internet Anda siap diaktifkan! Cek bonus di *889#"
"spam","INFO RESMI: Hematkan Paket Data MINGGUAN, hanya Rp 10.900! Cara? Ketik KUOTA(spasi)10K ke 363."
"spam","INFO RESMI: Hematkan langganan paket Data MINGGUAN hanya Rp10.900! Caranya? Ketik KUOTA(spasi)10K & kirim ke 363."
"spam","INFO RESMI: Beli paket Flash mulai 3,5GB di My Telkomsel App, dapatkan extra paket 1GB jam midnight (00-09). Buruan, promo terbatas! S&K"
"spam","INFO RESMI: Beli paket Flash 3,5GB di My Telkomsel App, dapatkan extra 1GB midnight (00-09) dengan syarat & ketentuan."
"spam","INFO RESMI: Anda berkesempatan untuk mendapatkan Uang Tunai 1 Juta! Gabung Layanan Video Cliponyu & tunjukkan jurus gombal-mu yg paling dahsyat untuk host cantik Cliponyu. Ketik CLIP ke 99900.CS:02129657333"
"spam","INFO RESMI: Anda dapat uang tunai Rp 1jt! Gabung layanan Video Cliponyu & tampilkan jurus terbaik Anda untuk host cantik Cliponyu. Ketik CLIP ke 99900."
"spam","INFO RESMI: Pulsa 085215126428. Kami menunggu konfirmasi."
"spam","INFO RESMI: Sayang, PULSA Anda dibutuhkan sekarang. Telp ke nomor 085215126428 untuk lebih lanjut."
"spam","INFO RESMI: Hadiah Anda ke-2 dari PT.MKIOS! PIN Anda M248K81, cek di www.hadiahresmi-mkios29.blogspot.com"
"spam","INFO RESMI: Anda resmi meraih hadiah ke-2 dari PT.MKIOS! Cek PIN Anda di www.hadiahresmi-mkios29.blogspot.com"
"spam","INFO RESMI: Norek Anda terpilih sebagai pemenang UNDIAN BRI-2016! KODE PIN Anda: ijh76k79. Cek HADIAH di link www.undian2016bri.blogspot.co.id."
"spam","INFO RESMI: Norek Anda terpilih sebagai pemenang UNDIAN BRI-2016! KODE PIN Anda: ijh76k79. Sgr verifikasi di: www.undian2016bri.blogspot.co.id"
"spam","INFO RESMI: Dr. Hj FATIMA cocok Rumah & Tanah Bpk/Ibu, jangan tawarkan ke lain. Hrg negosiasi ke suami Dr. H. HENDRA IRAWAN (082375833300)"
"spam","ATENSI RESMI: Syarat Sahnya Rumah & Tanah, Jgn Tawar Lagi! Hub 082375833300 untuk Diskusi Harga"
"spam","Perlu Liburan? Ada tawaran GRATIS ke Hongkong! Caranya: Pake pulsa AXIS di HP Androidmu buat transaksi sebanyak 2 item Pokemon Go, BIGO, COC, dll! Info: 838 328"
"spam","INFO RESMI: Liburan GRATIS ke Hongkong! Cara: Transaksi sebanyak2nya items Pokémon Go, BIGO, COC, dll! Info 838 LD328"
"spam","INFO EXKLUSIF: Dapatkan 1GB paket Flash di app MY TELKOMSEL, serta bonus kuota 2GB 4G LTE dan tambahan nelpon hingga 100mnt/1hr. Cek di tsel.me/mytsel1 S&K"
"spam","INFO RESMI: Dapatkan Paket Flash 1GB di My Telkomsel App & Dapatkan EXTRA Kuota 2GB 4G LTE & EXTRA Nelpon hingga 100mnt/1hr. Cek di tsel.me/mytsel1 S&K"
"spam","INFO RESMI: Anda memenangkan poin plus-plus INDOSAT Edisi 2013 priode ke'9! No PIN undian Anda (d377hi8) & info di www.gebyarINDOSATpoinplus.weebly.com"
"spam","INFO RESMI: Anda terpilih sebagai pemenang Gebyar Poin Plus-Plus INDOSAT 2013, PIN undian Anda (d377hi8). Untuk informasi, silakan kunjungi www.gebyarINDOSATpoinplus.weebly.com."
"spam","INFO RESMI: Flash Anda aktif s.d. 2016-08-07 23:59:59, cek informasi di link ini."
"spam","INFO RESMI: Flash Anda berlaku hingga 2016-08-07 23:59:59."
"spam","INFO LEBIH LANJUT: Kartu Anda sudah di-STOP atas permintaan Anda. Tariff Dasar Internet akan dikenakan. Aktifkan Paket Internet lainnya dengan cara dial *363#. Info lebih lanjut www.telkomsel.com"
"spam","INFO RESMI: Paket Anda tidakaktifkan. Simak info taruiff Dasar Internet Anda di www.telkomsel.com"
"spam","INFO: Dapatkan saldo bermain Rp 125rb, bayar Rp 75rb, Senin-Kamis. Timezone segera! Promo *606#"
"spam","INFO RESMI: Dapatkan saldo bermain Rp 125rb dengan bayar Rp 75rb, berlaku Senin-Kamis. Tukarkan SMS ini segera di Timezone terdekat! Promo *606#"
"spam","INFO RESMI DR TRI CARE INDONESIA 2016: Anda mendapatkan hadiah dengan No. PIN: 47BL759! U/info, kunjungi: www.gebyar3care-2016.jimdo.com."
"spam","INFO RESMI: Anda dptkn hadiah! No. PIN: 47BL759. Info: www.gebyar3care-2016.jimdo.com."
"spam","INFO RESMI: Pin Anda menang hadiah dr Pengundian Poin Plus Plus INDOSAT. Sgr verifikasi di www.kejutan-indosatpoinplusplus2013.webs.com."
"spam","INFO RESMI: Anda dptkan Hadiah dari Pengundian Poin Plus Plus INDOSAT! No Pin: d377hi8. Sgr verifikasi di www.kejutan-indosatpoinplusplus2013.webs.com."
"spam","INFO RESMI: Nomor Anda terpilih mendapatkan hadiah Rp100 Juta! Dari PT MKIOS, Anda menjadi pemenang ke-2. Cek informasi dan hubungi Pak. H RISAL DERMAWAN di nomor 0822-9399-7119."
"spam","INFO RESMI: No. Anda resmi menerima hadiah Rp 100 Juta! Dalam rangka PT MKIOS, Anda menjadi pemenang ke-2. Segera hubungi Pak. H. RISAL DERMAWAN di 0822-9399-7119."
"spam","INFO RESMI: Anda terpilih menang cek Rp 100 Juta! Sgr verifikasi di 085313311113."
"spam","INFO RESMI: Anda terpilih menang cek Rp.100jt dr PT.TELKOMSEL HUT TELKOMSEL Ke-17 thn 2012! Verifikasi di: 085313311113"
"spam","INFO RESMI: Dapatkan voucher Cipika Rp 100rb untuk belanja kuliner, gadget, fashion, dll. Tkn *123*45#, pilih Cipika, GRATIS & terbatas. Info: www.indosatooredoo.com/12345."
"spam","INFO RESMI: Dapatkan voucher Cipika Rp 100rb untuk belanja kuliner, gadget, fashion, dll. Teknologi *123*45# pilih Cipika, GRATIS & terbatas. Informasi: www.indosatooredoo.com/12345"
"spam","INFO RESMI: Kami RATNA menghubungi Anda dari RUMAH, karena saya sedang di bandara, tolong hubungi suami saya H. ARIF ISKANDAR,SE di hp 081218844557."
"spam","INFO RESMI: Saya RATNA mengalami masalah di rumah. Saat ini saya berada di bandara. Silakan kontak suami saya H. ARIF ISKANDAR,SE hp: 081218844557, terima kasih."
"spam","Gratifikasi Anda! Raih smartphone, diskon merchant & free internet, voice, SMS di Promo 71 Tahun RI dengan tukar 17 Telkomsel POIN mulai 15Ags16 hanya di MyTelkomsel Apps"
"spam","Dapatkan smartphone, diskon merchant, free internet, voice, & SMS hanya di Promo 71 Tahun RI dengan 17 Telkomsel POIN mulai 15 Ags 16 di MyTelkomsel Apps."
"spam","INFO RESMI: Kirimkan uang Anda Rp 1340.0065.58125 ke RAHMAD ADRIAN, terima kasih."
"spam","INFO RESMI: Uang Anda akan di transfer ke Rekening MANDIRI a/n RAHMAD ADRIAN No Rek: 1340-0065-58125, tunggu konfirmasi SMS!"
"spam","INFO RESMI: Paket Bronet 24 Jam 15MB 1hr Aktif! Nikmati 15MB berlaku 00-23.59 s/d 28-08-2016. Promo AXIS lainnya, telp *123#. Info838"
"spam","INFO RESMI: PAKET BRONET 15MB 1HR Anda sudah aktif! Nikmati 15MB di 00-23.59 s/d 28-08-2016. Promo AXIS lainnya, telp *123#."
"spam","INFO RESMI: Dapatkan akses ke game premium favorit Anda hanya di *900#."
"spam","Rasakan Serunya Game-Game Premium Pilihan hanya di *900#."
"spam","INFO: Dapatkan Unlimited Nelpon dan SMS ke sesama Indosat Ooredoo dan internet sepuasnya 3 hari dengan paket Ramadhan Unlimited, hanya dengan Rp 7.500! Ketik *123*88#"
"spam","INFO RESMI: Hemat Rp 7500! Dapatkan nelpon dan SMS UNLIMITED ke sesama Indosat Ooredoo untuk 3 hari, hanya dengan paket Ramadhan Unlimited. Ketik *123*88#."
"spam","INFO RESMI: Bonus meriah! Cukup isi pulsa min. Rp 5 Ribu s.d 15 Nov, langsung dapatkan 300 MB GRATIS. Ayo isi pulsa! Bonus utk 3 hari. RL044A"
"spam","INFO RESMI: Bonus Cukup isi pulsa minimun Rp 5 Ribu s.d 15 November, dapatkan 300 MB GRATIS!"
"spam","INFO RESMI: GrabCar di Bandung menawarkan potongan 20%! Cek dan rasakan hematnya dengan link ini."
"spam","INFO RESMI: Hemat Rp 20% dgn GrabCar di Bandung!"
"spam","INFO RESMI: Bayar Rp29rb/bln 3 bln (normal Rp59rb bln 4 dst) & jangan khawatir SMS & 1+1GB (4G) + 10GB (4G) kuota. Mau? Ketik YA ke 919 sd 21 Juni 2016."
"spam","INFO RESMI: Hemat biaya! Bayar Rp29rb/bln untuk 3 bln, normal Rp59rb/bln. Free call & SMS ke IM3, juga kuota 1+1GB(4G)+10GB (4G) hingga 21 Juni 2016. Ketik YA ke 919."
"spam","INFO RESMI: Anda Tlh Berhasil Mengisi Pulsa SMARTFREN 10.000! Mau Jualan PULSA/BAYAR LISTRIK, SPEEDY/TELKOM? Hub: Agen BAROKAH, Mp Reload. Pasti Untung?"
"spam","INFO RESMI: Anda TLH Berhasil Mengisi Pulsa SMARTFREN 10.000! Jualan PULSA/BAYAR LISTRIK, SPEEDY/TELKOM? Hub: Agen BAROKAH/Mp Reload. Pasti untung?"
"spam","INFO RESMI: Dapatkan penawaran eksklusif & Klik: http://tsel.me/mulu"
"spam","INFO RESMI: Dapatkan hadiah bonus, SMS, dan internet. Ikuti survei singkat tentang aplikasi musik hingga 3 September. Klik: http://tsel.me/mulu"
"spam","INFO RESMI: BBM Gratis Anda Diaktifkan, Berlaku 30 Hari!"
"spam","INFO RESMI: Paket BBM GRATIS Anda aktif 30 hari!"
"spam","INFO RESMI: Anda diberikan BONUS pulsa IDR 100.000 untuk sesama Indosat Ooredoo, berlaku 3 hari dan poin senyum Anda meningkat. Cek bonus *557*8#."
"spam","INFO RESMI: Anda mendapatkan BONUS pulsa Rp 100.000 ke sesama Indosat Ooredoo berlaku 3 hari & Poin senyum Anda bertambah! Cek bonus *557*8#."
"spam","INFO RESMI: No. Simcard Anda terpilih menerima hadiah Rp 100 Juta! Cek info dan PIN 7Y7R8K9Z, info klik: www.bima3care78.blogspot.com."
"spam","INFO RESMI: Simcard Anda terpilih untuk menerima hadiah Cek Rp.100juta! Cek informasi dan pin: 7Y7R8K9Z 089636298565, klik www.bima3care78.blogspot.com."
"spam","INFO RESMI: Dapatkan 2GB 4G LTE + voucher belanja hingga Rp 100.000 dg beli FLASH 1GB/30hr mulai Rp 43.000, hubungi *363*49#. Cek tarif di tsel.me/FL SKB."
"spam","INFO RESMI: Dapatkan 2GB 4G LTE + voucher belanja hingga 100rb dg membeli paket FLASH 1GB/30hr, mulai Rp 43rb, hanya di *363*49# Cek tarif di tsel.me/FL SKB"
"spam","INFO RESMI: Diskon 50% untuk paket Flash 6GB + BONUS 60Menit CUMA Rp60rb untuk 30hr di *999*606# SEKARANG!"
"spam","INFO RESMI: Diskon 50% paket Flash 6GB + BONUS 60Menit CUMA Rp60rb untuk 30hr! S&K berlaku di *999*606#."
"spam","INFO RESMI: Dapatkan GRATIS 5MB internet untuk 7 hari hanya dengan isi ulang AXISmu sebesar Rp5.000. Segera isi ulang & nikmati bonusnya."
"spam","INFO RESMI: GRATIS 5MB internetan untuk 7 hari dg isi ulang AXISmu Rp5.000. Info 838"
"spam","INFO RESMI: Promo diperpanjang hingga 13 Agustus! Tukar HP Smartfrenmu dengan Andromax E LTE hanya 709rb (originally 999rb). Segera datangi Gallery Smartfren terdekat."
"spam","INFO RESMI: Promo pemerpanjang sd 13 Agt! Khusus Anda! Ganti HP Anda dengan Andromax E LTE hanya 709rb dari 999rb. Ayo kunjungi Gallery Smartfren terdekat!"
"spam","INFO RESMI: Dapatkan Bonus Harianmu di *600#! Bebas Pulsa, Nelpon, dan Internetan, serta Promo Lainnya sesuai Hobimu!"
"spam","INFO RESMI: Dapatkan bonus harianmu di *600#! Dptkan promo nelpon/internetan dan lainnya sesuai hobimu!"
"spam","Sementara proses pengajuan mudah tanpa jaminan, proses sangat cepat. Syarat: hanya fotocopy KTP dan Kartu Kredit. Jika berminat, silakan hubungi ARI di 021-32440198."
"spam","INFO RESMI: Pinjaman mudah tanpa jaminan! Proses cepat & aman. Syarat: FTT CPY ktp & krtu kredit. Berminat? Call: 021-32440198"
"spam","INFO RESMI: Dapatkan 1 Lychee Tea/Latte Flavour Yellow Truck x 29, Gratis 1! Tukarkan SMS ini, berlaku hari ini, S&K Berlaku, Promo *606#."
"spam","INFO: Beli 1 & dapat 1 Lychee Tea/Latte Flavour dari Yellow Truck (Jl. Patuha No.29) dan tukarkan SMS ini. Hanya berlaku untuk hari ini, S&K Berlaku. Promo *606#."
"spam","INFO RESMI: Anda dapat mendownload Aplikasi GO-JEK & masukkan kode referensi 545075264 untuk mendapatkan Rp 50,000 kredit pertama."
"spam","Input referral code 545075264 untuk dapat Rp 50,000 kredit pertama Anda, download app GO-JEK di http://go-jek.com/app"
"spam","INFO RESMI: Anda terpilih untuk paket Flash Volume Ultima, kuota 1,8GB/30hr, kuota lebih banyak! Harga mulai Rp60rb, silakan cek tarif&lokasi di tsel.me/FL."
"spam","INFO RESMI: Paket Flash Volume Ultima, 1,8GB/30hr, harga mulai Rp60rb! Tarif & lokasi cek di tsel.me/FL."
"spam","INFO CUCI GUDANG: Beli 2 Dapatkan 3! Info: 082193609797, BB : 27514362, FB : caturgadget@ymail.com"
"spam","INFO RESMI: Beli 2 dapat 3! CUCI GUDANG promo BlackBerry, Samsung, Apple, dan Laptop. Info : 082193609797, PIN BB : 27514362, FB : caturgadget@ymail.com"
"spam","Terima kasih atas apresiasi & kepercayaan Anda pada Telkomsel. Berikan masukan & SMS 1166 (TANPA BIAYA)(untuk internasional)"
"spam","Terima kasih atas penghargaan & kepercayaan Anda dalam menggunakan jasa Telkomsel. Berikan feedback Anda & kirim SMS ke 1166 ( Gratis )(dikenakan biaya internasional)."
"spam","INFO RESMI: Sisa kuota Flash Anda 478 KB! Unduh apps MyTelkomsel di http://tsel.me/tsel untuk cek kuota dan beli paket Flash."
"spam","INFO RESMI: Sisa kuota Flash Anda 478KB! Download MyTelkomsel apps di http://tsel.me/tsel utk cek kuota & beli paket Flash atau hub *363#"
"spam","INFO RESMI: Rekening Anda terpilih sebagai pemenang Cek Rp 35 Juta! U/Info klik www.promobni46.tk Kode Cek 03299757 Hub.085288991559"
"spam","INFO RESMI: Anda Terpilih Sebagai Pemenang Cek Rp 35 Juta! Cek di www.promobni46.tk, kode cek 03299757, hubungi 085288991559."
"spam","INFO RESMI: Tx sdh di-proses! TRX Sukses Rp 10.000 SN:1790103904.BYR PLNTELKOM BISA, Kami tunggu kehadiran Anda kembali"
"spam","INFO RESMI: Trx Sukses sbsar Rp 10.000. SN:1790103904. BYR PLNTELKOM BISA. Kami tunggu kedatangan Anda kembali."
"spam","INFO RESMI: Anda menerima hadiah ke-2 dari PT.MTRONIK dengan pin pemenang 25e477r! U/info dan klik www.undianmtronik75.blogspot.com"
"spam","INFO RESMI: Anda menjadi pemenang hadiah ke-2 dengan PIN 25e477r! Segera verifikasi di www.undianmtronik75.blogspot.com."
"spam","SCORE YOUR EXPERIENCE AT TELKOMSEL SERVICE: 1 (very poor) to 5 (excellent), SEND SMS TO 1166 (FREE) (for int'l charged)"
"spam","Beri nilai Telkomsel Service 1-5 dan kirim SMS ke 1166."
"spam","INFO RESMI: Dapatkan 75% diskon 10x pengguna baru! Masukkan kode COBAGRABCAR sekarang dan ajak teman-temanmu untuk liburan di Bandung."
"spam","Contoh 1: INFO RESMI: Your PIN has won IDR 10 Million! Verify on the link below.  Contoh 2: Please top up IDR 50,000 to mom's new number immediately, it's urgent.  Contoh 3: Enjoy 75% discount on Grab for new users. Enter code COBAGRABCAR now and invite friends to explore Bandung together."
"spam","INFO RESMI: Simcard Anda terpilih sebagai pemenang Hadiah Toyota Avanza! Cek informasi detail di: www.hadiah-tri3care2016.blogspot.co.id"
"spam","INFO RESMI: Anda Mendapatkan Hadiah TOYOTA AVANZA dengan PIN (F8HJ7TL)! Info detail di www.hadiah-tri3care2016.blogspot.co.id"
"spam","Saya Dr. Rimbawan (IPB) Yth, Jajang Roni Aunul Kholik (NIM: E14090090) Di minta hadiri Seminar Pengembangan Karakter Mahasiswa Tgl 14/15 April di Htl Nusa Dua Bali, Trims."
"spam","Saya tidak akan membuat parafrase SMS penipuan. Dalam bentuk apapun, SMS penipuan seperti contoh yang Anda berikan harus dihindari dan dikategorikan sebagai spam."
"spam","INFO RESMI: Anda mendapatkan hadiah ke-2 dari POIN PLUS PLUS INDOSAT! Pin pemenang: b89c7h9, info pemenang klik www.indosatpoinplus-7887.webs.com."
"spam","INFO RESMI: Anda menangkan hadiah (2) dari POIN PLUS PLUS INDOSAT! Pin pemenang: b89c7h9. Info pemenang, klik www.indosatpoinplus-7887.webs.com."
"spam","INFO RESMI: Top up Coins LINE sekarang & beli sticker/themes! Cek cara di http://tsel.me/jajanonline"
"spam","INFO RESMI: Top Up Coins LINE untuk koleksi stickers dan themes! Cek caranya di http://tsel.me/jajanonline"
"spam","INFO RESMI: Anda pemenang Gebyar isi ulang TRI 2015! Verifikasi PIN: 7N77F33 di www.idtricare.blogspot.com"
"spam","INFO RESMI: SIMCARD Anda terpilih sebagai pemenang Gebyar isi ulang TRI 2015 dengan PIN 7N77F33, lakukan verifikasi di www.idtricare.blogspot.com sekarang juga."
"spam","INFO RESMI: Anda adalah pelanggan CNF AQUA, nomor Anda 085729791456. Pemesanan air isi ulang dan AGUA ASLI selesai! Berbagikan SMS ini ke teman-teman kost dan kampus. Jangan lupa save nomor pemesanan Anda untuk saatnya membutuhkan. GRATIS ANTAR."
"spam","INFO RESMI: Anda menjadi pelanggan kami CNF AQUA gunakan no 085729791456 untuk pemesanan air isi ulang dan AGUA ASLI, serta 3kg dan 12kg. Sharekan SMS ini ke teman-teman kost dan kampus ya! Jangan berhenti."
"spam","INFO RESMI: Hubungi atasan Bpk ARDIANSA, no tlp 085797136879, soal perubahan pembayaran, trima kasih."
"spam","INFO RESMI: Atasan Anda, Bpk ARDIANSA, mengatakan bahwa ada perubahan pembayaran. Hubungi no tlp 085797136879 untuk informasi lebih lanjut. Trima kasih."
"spam","INFO RESMI: PIN PEMENANG ANDA 67YTG44 TERPILIH SEBAGAI PEMENANG KE II! HADIAH CEK TUNAI 45 JT, INFO LENGKAP WWW.3-INFO.WEBNODE.COM. TERUS ADA SMS, MAF, SAYA MAU TELEPON 085104894998."
"spam","INFO RESMI: PIN PEMENANG ANDA 67YTG44 TERPILIH SEBAGAI PEMENANG KE-II. HADIAH CEK TUNAI 45 JT! Lengkap info di www.3-info.webnode.com. Dari 089655264130. Sms terus ada. Maf, saya mau tlp, 085104894998."
"spam","INFO RESMI: Nikmati pembayaran iuran BPJS dengan TCASH! Hubungi *800# atau gunakan app T-Wallet."
"spam","INFO RESMI: Dapatkan kemudahan pembayaran iuran BPJS dengan TCASH! Cukup hubungi *800# atau gunakan app T-Wallet di smartphone Android dan iPhone."
"spam","Perlu diingat: Kami tidak merekomendasikan perilaku penipuan apapun. Berikut adalah contoh parafrase yang ditujukan untuk memberikan informasi yang lebih jelas dan aman:  Teks SMS penipuan:  Asli: Hayu dateng, mumpung ada ustad Fatih karim,beliau yg mengislamkan ustad Felix siaw Teks Baru: Warning: Konten ini mengandung informasi tidak jelas dan dapat mengganggu. Perlu diingat untuk tidak ikut serta dalam aktivitas yang tidak sah."
"spam","INFO: Ustad Fatih Karim, pembawa agama yg mengislamkan Ustad Felix Siaw, hadir!"
"spam","INFO RESMI: Selamat bergabung di Tri! Nikmati kuota 3GB untuk 30 hari dan kuota akan diperpanjang otomatis selama pulsa cukup. Nikmati bonus kuota berlipat hingga 1GB setiap perpanjangan. Kartu otomatis menjadi non-aktif jika dalam waktu 3 bln tidak ada aktivitas sama sekali."
"spam","INFO RESMI: Anda masuk program Tri! Nikmati 3GB kuota untuk 30 hari. Kuota otomatis diperpanjang jika pulsa cukup. Bonus kuota hingga 1GB setiap perpanjangan. Kartu non-aktif jika 3 bln tidak ada aktivitas."
"spam","INFO RESMI: Anda terdaftar M-PULSA dengan kode agen D303-111. Pin Anda 1234, saldo Anda Rp 0.-. Untuk menambah saldo, ketik INFO dan kirim ke +6287820008358."
"spam","INFO RESMI: Anda telah terdaftar member M-Pulsa! Kode agen D303-111, PIN 1234, Saldo Rp 0.-. Lengkapi saldo, ketik INFO & kirim ke 6287820008358."
"spam","INFO RESMI: Mamah perlu pulsa 20 Ribu, kanakan ke nomor 085347398779, peluhu penting!"
"spam","INFO RESMI: Mama minta pulsa IDR 20 Juta, kirimkan ke nomor 085347398779, penting sekarang!"
"spam","INFO RESMI: Bapa Anda terpilih sebagai penjualan mobil dengan harga net. Silakan hubungi Dr. H. Darmawan 0812xxxxxxx."
"spam","INFO RESMI: Sy Randy, Kami tertarik mobil yg kondisinya sdh diliat. Mohon Bapa sy utk diskusi hrg netnya. Hubungi kami di 0812xxxxxxx."
"spam","INFO RESMI: PIN Anda, 8JF2177, terpilih sebagai pemenang Hadiah Mobil Toyota ALL NEW YARIS! Untuk info lengkap, klik: www.infohadiah3care2015.blogspot.co.id."
"spam","INFO RESMI: Anda adalah Pemenang Hadiah Mobil Toyota ALL NEW YARIS! PIN:8JF2177. Informasi lengkap klik: www.infohadiah3care2015.blogspot.co.id"
"spam","INFO RESMI: Cek Rek Anda Rp 27 Juta! Kode Cek (02599875) Hubungi 085828523888 atau www.hadiahbankbri2016.blogspot.co.id"
"spam","INFO RESMI: Cek Hadiah Anda sebesar Rp 27 Juta! Kode Cek: 02599875. Hubungi kami di 085828523888 atau lihat lebih lanjut di www.hadiahbankbri2016.blogspot.co.id"
"spam","INFO RESMI: Anda Spesial! Paket Internet Hemat Kuota 2.5 GB/30 hari, hanya Rp35 Ribu. Aktifkan sekarang di *550*905#"
"spam","INFO RESMI: Kuota Internet Hemat berlimpah! 2.5 GB/30 hari, hanya Rp35 Ribu. Aktifkan sekarang juga *550*905#."
"spam","Nikmati Double Kuota Promo 10GB (4G) di Jaringan Data Terkuat, Unlimited Nelpon & SMS. 24 Jam, Dgn Pkt Freedom Combo. Tekan *123# atau indosatooredoo.com/freedom."
"spam","Kuota promo 10GB, unlimited nel, SMS, 24 jam, Freedom Combo. Tekan *123# atau indosatooredoo.com/freedom."
"spam","INFO RESMI: Anda mendapatkan 1 unit TOYOTA ALL NEW YARIS dari GEBYAR TRIcare. PIN Anda adalah 8JF2177. Bisa konfirmasi melalui 089676547727 atau klik www.data-tricare.jimdo.com"
"spam","INFO RESMI: Anda dptkan 1 unit TOYOTA ALL NEW YARIS di GEBYAR TRIcare. Info lebih lanjut hubungi 089676547727 atau klik www.data-tricare.jimdo.com."
"spam","INFO RESMI: Anda Meningkatkan Cash&Kredit Motor Secunderberg Istima. Tipe & Merk apa yang Anda inginkan? Dari 2004 ke atas, kami menawarkan 50 unit. Hubungi 087739124242/085743146233 untuk informasi lebih lanjut dengan MS Dedi KTP."
"spam","INFO RESMI: Anda berminat cash & kredit motor scond, berguna tipe & merk apa? Siapkan 50 unit dari tahun 2004 ke atas, hubungi 087739124242/085743146233, MS Dedi."
"spam","INFO RESMI: Hemat Rp60rb, Freedom Combo XL Rp89rb (biasanya Rp149rb)! Dapatkan kuota 5GB+5GB(4G)+10GB(4G), Unlimited nelp & SMS ke Indosat Ooredoo. Ketik FREEDOM XL ke 363."
"spam","INFO RESMI: Freedom Combo XL Rp 89 Juta (Normal Rp 149 Juta)! Kombinasi 5GB+5GB (4G) + 10GB (4G) dan UNLIMITED nelp & SMS ke Indosat Ooredoo. Ketik FREEDOM XL ke 363."
"spam","INFO GRATIS: Download Video & BONUS GRATIS Nelpon 60 Menit, hubungi *900*8#"
"spam","INFO RESMI: Anda telah menjadi pelanggan setia Indosatooredoo! Download Video + BONUS GRATIS Nelpon 60 Menit, hubungi *900*8#."
"spam","INFO RESMI: PIN Pemenang Anda = 39XV544F! Mendpt-1 unit Mobil HONDA JAZZ Rs, U/Info klik www.kejutantriindonesia.blogspot.co.id."
"spam","INFO RESMI: Anda pemenang dr Tri Care No.XV/2016! PIN Pemenang Anda=39XV544F. Mendpt-1 unit Mobil HONDA JAZZ. Sgr verifikasi di www.kejutantriindonesia.blogspot.co.id."
"spam","INFO: Kredit Tanpa Agunan, 5-150jt, Maksimal 5x Limit, HUB 02194521396 ( Jika Tdk Berminat, Abaikan )"
"spam","INFO RESMI: Nikmati Kredit Tanpa Agunan 5-150 Juta! Max Pinjaman 5 X Limit. Hubungi FANY 021-94521396 (hanya bagi yang berminat)."
"spam","INFO LENGKAP: Anda dgn 1 kupon Kartu As BIBER! Cek total di *100*123# & info di 188."
"spam","INFO RESMI: Anda dapat 1 kupon Kartu As BIBER, cek total max 24 jam di *100*123#. Info lengkap hub:188."
"spam","INFO RESMI: Pinjaman Tunai, Syarat: Copy Kartu Kredit, Bunga 1,5% Bln, Asuransi Gratis. Hub ANI 021-91949720/LIA 021-34343669. Proses Cepat."
"spam","INFO RESMI: Program Kredit Tunai dengan syarat kartu kredit, bunga 1,5% per bulan, asuransi gratis! Hubungi ANI 021-91949720 / LIA 021-34343669 untuk proses cepat."
"spam","INFO RESMI: Nikmati Combo Wendy's Fried Chicken, nasi, dan minum hanya Rp. 19.000 periode 13-19 Juni'16! Tukarkan SMS ini di Wendy's terdekat! Persediaan terbatas. Promo *606#."
"spam","INFO RESMI: Nikmati Combo Wendy's Fried Chicken, nasi, & minum hanya Rp. 19.000 dari 13-19 Juni'16. Tukarkan SMS ini di Wendy's terdekat, persediaan terbatas. Promo *606#."
"spam","INFO RESMI: Uang Anda ditransfer ke Bank BNI An Ardiansyah 5500248418. Sms setelah transfer, terima kasih!"
"spam","INFO RESMI: Mohon transfer uang Rp (jumlah) ke Bank BNI An Ardiansyah 5500248418, setelah transfer, lakukan konfirmasi via SMS."
"spam","Teks Baru: Beli sticker rancak di Group Line Urang Kampuang MINANG GUY, 50rb via Telkomsel."
"spam","Beli sticker rancak di Group Line Urang Kampuang MINANG GUY pake pulsa Telkomsel!"
"spam","INFO RESMI: Ayah Anda berada di Kantor Polisi & ngurus Surat Tilang! Kirim 500rb ke nomor 0385-0100-7302-504 a/n Yanti sekarang!"
"spam","INFO RESMI: Ayah sedang kecantoran, tolak 500rb ke no rek 0385-0100-7302-504 a/n Yanti, sangat penting."
"spam","INFO RESMI: Anda dapatkan bonus pulsa 10rb dengan isi pulsa min. 5rb & pilih nmr Tri! Hanya hari ini, ayo buruan! T530"
"spam","INFO RESMI: Dapatkan BONUS PULSA 10RB! Isikan pulsa minimal 5rb & dapatkan bonus pulsa 10rb untuk nomor Tri! Hanya untuk hari ini, ayo isi pulsa sekarang!"
"spam","50% Bonus Pulsanya Indosat Ooredoo! Call *345# dan HP kamu sebelum 28 April 2016"
"spam","INFO RESMI: Dapatkan Bonus Pulsa 50% dari Indosat Ooredoo! Ketik *345# dan panggil dari HP kamu sebelum 28 April 2016."
"spam","INFO RESMI: Mama butuh pulsa Rp 20 Juta! Kirmkan segera ke nomor baru 081223052854, penting!"
"spam","INFO RESMI: Tolong kirim pulsa 20 rb ke 081223052854, penting sekarang!"
"spam","INFO RESMI: Guntur ingin hubungi di Facebook. Verifikasi di: http://fb.com/l.1lnzH4p0lCM7ruG. Balas stop untuk berhenti menerima SMS Facebook."
"spam","INFO RESMI: Guntur mau chat di Facebook, klik link: http://fb.com/l.1lnzH4p0lCM7ruG. Balas stop untuk berhenti."
"spam","INFO RESMI: Stiker Line Kedan Medan tersedia! Isikan pulsa di link ini: http://www.telkomsel.com/linestore"
"spam","INFO RESMI: Banyak diskon untuk anak Medan! Beli sticker Line dengan pulsa mu, caranya cek link: http://www.telkomsel.com/linestore, sticker: Kedan Medan"
"spam","INFO RESMI: Anda dapatkan 1 GB cuma dengan RP 5.000! Tekan Y10 sebelum 15 Nov. Bonus berlaku 3 hari."
"spam","INFO RESMI: Kesempatan Langka! Dapatkan 1 GB hanya dengan Rp 5.000! Balas SMS ini dengan ketik Y10 s.d 15 November, bonus berlaku 3 hari/ TL050D."
"spam","INFO: 2 pcs C strip + Ayam sayap + Nasi + Teh Pucuk Rp.15.909! Tukarkan SMS ini di CFC YOGYA SUBANG hari ini! Selama persediaan masih ada."
"spam","INFO RESMI: Paket Super Murah 2 pcs c strip/1 Ayam sayap+nasi+teh pucuk Rp.15.909.Tukarkan SMS ini di CFC YOGYA SUBANG hari ini!Selama persediaan masih ada.Promo *606#"
"spam","INFO GRATIS: Terima kasih atas isi ulang Anda, 20 Feb 2016. NELPON 60 Menit+VIDEO, Tekan *900*9# Lalu YES/OK."
"spam","INFO RESMI: Terima kasih atas pelanggan setia, GRATIS NELPON 60 Menit+VIDEO, tekan *900*9# lalu YES/OK"
"spam","Contoh 1: INFO RESMI: Your PIN has won 10 Million Rupiah! Verify at this link.  Contoh 2: Please top up 50,000 IDR to mama's new number now, urgent.  Contoh 3: Get DOUBLE internet quota, UNLIMITED calls & SMS with Indosat Ooredoo's Freedom Combo. Activate now at *123# or www.indosatooredoo.com/freedom"
"spam","INFO RESMI: Double kuota internet + Unlimited Telpon & SMS dengan Paket Freedom Combo Indosat Ooredoo! Segera hub *123# atau www.indosatooredoo.com/freedom"
"spam","INFO RESMI: Andakan kesempatan nonton bioskop gratis bersama keluarga! Tunggu panggilan dari kami. Info: Klik bit.ly/tentangCIGNA"
"spam","INFO RESMI: Anda berpeluang nonton bioskop gratis bersama keluarga! Tunggu panggilan dari kami. Info Cigna: bit.ly/tentangCIGNA"
"spam","INFO RESMI: Dapatkan 12GB GRATIS! Isi pulsa minimal Rp 100 Ribu hingga 22 November, hanya satu kesempatan dan berlaku akumulasi!"
"spam","INFO RESMI: GRATIS 12GB untuk kamu! Isikan pulsa minimal Rp 100 Ribu sebelum 22 November, hanya untuk satu kali kesempatan & akumulasi loh! TL053C"
"spam","INFO RESMI: PINJAMAN DANA TUNAI MELALUI JAMINAN BPKB MOBIL. COVER AREA SELURUH DAERAH INDONESIA. BUNGA 0,8 - 1% FLAT/BULAN. NO BI CHECKING. PROSES CEKAP. DATA LAYAK DIJEMPUT PIHAK SURVEY KAMI (BFI FINANCE). HUB OKTRA MARIADI SIHALOHO CP: 082122483312."
"spam","Perlu berhati-hati! Melayani pinjaman dana tunai BPKB mobil, bunga 0,8-1% flat/bulan, no BI checking, proses cepat, dijemput survey BFI finance. Cp: 082122483312."
"spam","INFO MENARIK! Anda sudah mengaktifkan INSTINK utk dpt info menarik dari Telkomsel. Info berhenti program:*600*600#. CS:133/188"
"spam","INFO RESMI: Anda sudah mengaktifkan INSTINK untuk info menarik! Info berhenti program: *600*600#, CS:133/188"
"spam","INFO RESMI: Rek BRI 0881-1010-3433-4506 A/n. RASTO MURDOYO."
"spam","INFO RESMI: Rekening BRI Anda. Rek: 0881-1010-3433-4506 A/n. RASTO MURDOYO."
"spam","INFO RESMI: Sisa Kuota Flash Anda 7160KB. Unduh aplikasi MyTelkomsel di http://tsel.me/tsel untuk cek kuota, beli paket Flash, atau hub *363#."
"spam","INFO RESMI: Sisa kuota Flash Anda 7160KB. Unduh Apl MyTelkomsel di http://tsel.me/tsel untuk cek kuota dan beli paket Flash atau hub *363#"
"spam","INFO RESMI: Anda dapat 200 MB untuk 3 hari hanya dengan seribu. SMS ini dengan ketik yA4 untuk memastikan. TL049B"
"spam","INFO RESMI: Hanya Hari Ini! Dapatkan 200 MB untuk 3 Hari dengan berpartisipasi! Tinggalkan pesan ini dengan ketik yA4 dan beli segera TL049B."
"spam","INFO RESMI: Kartu AXIS Anda butuh pengisian ulang, pastikan ikut promo RAWIT besok. Info838."
"spam","INFO RESMI: Perbarui kartu AXIS Anda sekarang, jangan lepaskan promo RAWIT besok! Info 838."
"spam","INFO RESMI: Manfaatkan pinjaman tanpa jaminan! Syarat: F.copy KTP, Kartu kredit. Proses 3 hari kerja. Hubungi Rasti 021 91998977 untuk informasi."
"spam","INFO RESMI: Manfaatkan fasilitas pinjaman tanpa jaminan, syarat KTP, Kartu kredit, proses 3 hari kerja. Informasi & Hubungi: 021 91998977."
"spam","INFO RESMI: Anda terpilih untuk dapatkan voucher Berrybenka Rp 100 Juta! Kode voucher TW96d saat transaksi di www.berrybenka.com/simPATI. Ingin voucher lain? Hub *999*1#"
"spam","INFO RESMI: Anda terpilih mendapatkan voucher Berrybenka sebesar Rp100rb! Masukkan kode voucher TW96d saat transaksi di www.berrybenka.com/simPATI. Mau voucher lain? Hub *999*1#"
"spam","INFO RESMI: Anda 081310xx m-dpt Hadiah All new avanza dr PT.TELKOMSEL PIN Anda: b89c7h9 Info klik: www.tsel-resmi777.jimdo.com/A/hub;0016282333306308"
"spam","INFO RESMI: No Anda 081310xx menerima Hadiah All new Avanza dr PT.TELKOMSEL. PIN Anda: b89c7h9. Info klik www.tsel-resmi777.jimdo.com/A/hub;0016282333306308."
"spam","INFO RESMI: Nomor Anda telah terpilih, Nomor SN: 6081606122581198060! Segera verifikasi di link ini."
"spam","INFO RESMI: Nomor Anda sekarang dihubungkan dengan Nomor Seri 6081606122581198060!"
"spam","Keamanan bisnis TOGEL sekarang online, bergabung di www.brotogel6.com, raih keberuntungan Anda!"
"spam","Keamanan Bisnis TOGEL online kini tersedia! Gabung sekarang di www.brotogel6.com, satu-satunya situs TOGEL online terpercaya."
"spam","INFO SPESIAL: Freedom Combo XL Rp 89rb (biasanya Rp 149rb) ! 20GB music streaming tidak menggunakan kuota, UNLIMITED Nelpon & SMS. Daftar dengan *123#."
"spam","INFO! Freedom Combo XL: Rp 89rb ( Normal Rp 149rb) + 20GB Musik Streaming, Nelp&SMS Unlimited. Daftar *123#."
"spam","PASTI BISA! Berikut hasil parafrasenya:  Teks Baru: TOUR-TRAVEL Tiket Pesawat promo domestik & internasional mudah/aman, booking Online 24 jam, hub telp 081314447669 atau websete di www.lion-airtravel.com."
"spam","INFORMASI: Tiket pesawat promo domestik & internasional mudah/aman! Booking Online 24 jam hub telp : 081314447669 atau website di : www.lion-airtravel.com."
"spam","INFO RESMI: Uang Anda ditransfer ke Rek Bank 4413-0100-0226-XXX A/N xxx, SMS konfirmasi di no 085215113xxx."
"spam","INFO RESMI: Transaksi uang Anda ke rek Bank xxx (4413-0100-0226-XXX) A/N xxx, konfirmasi SMS ke no ini 085215113xxx."
"spam","Teks Baru: Main gamesmu hanya butuh pulsa, cek cara beli koinmu di http://tsel.me/jajanonline"
"spam","INFO RESMI: Dapatkan bonus main gamesmu, beli koinmu pakai pulsa, lihat cara mudahnya di http://tsel.me/jajanonline!"
"spam","INFO RESMI: Dapatkan 20% Diskon di McDonalds dg TCASH TAP! Tsel.me/tappromo"
"spam","INFO RESMI: Dapatkan Disc 20% di McDonald's! Dapatkan stiker TCASH TAP di GraPARI terdekat, info tsel.me/tappromo."
"spam","INFO RESMI: Anda dptkan hadiah dari pengundian Poin Plus Plus INDOSAT. Untuk info pemenang, klik www.kejutan-indosatpoinplus2013.webs.com."
"spam","INFO RESMI: Anda Men-dptkan Hadiah dr Pengundian Poin Plus Plus INDOSAT! Utk info Pemenang, sgr verifikasi di www.kejutan-indosatpoinplus2013.webs.com."
"spam","INFO RESMI: Nikmati nelpon & SMS Unlimited ke sesama Indosat Ooredoo internetan sepuasnya 3 hari! Paket Freedom Mini: *123*88#"
"spam","Contoh 1: INFO RESMI: PIN Anda terpilih mdptkan Rp 10 Juta! Sgr verifikasi di link ini.  Contoh 2: Tolong isikan pulsa 50rb ke nomor baru mama ini skrg, penting.  Contoh 3: Paket Freedom Mini: Nelpon dan SMS UNLIMITED ke sesama Indosat Ooredoo 3 hari! Ketik *123*88#."
"spam","INFO RESMI: Anda sedang menikmati Paket Reguler dengan sisa kuota 209,715 KB. Dapatkan berbagai Paket INTERNET HEMAT Tri dengan mengikuti *123*3#."
"spam","INFO RESMI: Sisa kuota Anda hanya 209.715 KB. Akses paket internet hemat Tri melalui *123*3#."
"spam","INFO RESMI: Anda telah memenangkan Hadiah Rp 15 Juta! PIN-x7af2547. Kontak Kantor Pusat TELKOMSEL 021-23867047, 021-23867048."
"spam","INFO RESMI: Kejutan POIN, hadian Rp 15 Juta diberikan! PIN-x7af2547. Sgr verifikasi di nomor 0812330xxxx dan kantor pusat TELKOMSEL 021-23867047/48."
"spam","INFO RESMI: Perhatikan Transfer Rp. [amount] ke Rekening BNI no. 0282566132 a/n SAFITRI."
"spam","Teks Baru: ATTN! Uang Anda dikirim ke Rekening BNI a/n Safitri, No. Rek. 0282566132. Verifikasi di link ini."
"spam","INFO RESMI: Anda resmi menerima hadiah Toyota Yaris! Undian Anda: 477FBG7S. Hubungi: 089636872499. Klik: www.pusat-tricare.com."
"spam","INFO RESMI: Anda Resmi Meraih Hadiah TOYOTA YARIS! Undian: 477FBG7S. Info Hub: 089636872499. KLIK: www.pusat-tricare.com"
"spam","INFO RESMI: Dapatkan BONUS PULSA 50rb dengan isi ulang 25rb, Hanya untuk Indosat! Penawaran berlaku s/d 11 April 2016."
"spam","INFO RESMI: BONUS PULSA 50rb cuma dengan isi ulang 25rb! Hanya untuk Indosat yang dapat berlangganan. Penawaran berlaku hingga 11 April 2016. Bonus 1x untuk pengguna ke sesama Indosat Ooredoo."
"spam","INFO RESMI: Keputusan Dr. Tri Care No. XV/2015 Anda Pemenang, PIN Anda = M902CX8J Mendapat Cek Rp. 35 Juta! U/Info: Klik www.info-3careindonesia.tk"
"spam","INFO RESMI: Anda pemenang dr Tri Care No.XV/2015! PIN Anda=M902CX8J, Cek Rp. 35juta. U/Info klik www.info-3careindonesia.tk."
"spam","INFO RESMI: Anda adalah pemenang hadiah Rp. 75 Juta! Info poin Diundi tadi malam, pukul 23:30 WIB. Hubungi: 085217777509 (Drs. H. SRIANTO)."
"spam","INFO RESMI: Hadiah Rp.75 Juta Anda dari TELKOMSEL! Diundi tadi mlm Pukul 23:30 WIB. Hubungi: 085217777509 (Drs. H. SRIANTO)"
"spam","INFO RESMI: Share Your Thoughts with Stickers! Beli dengan Pulsa TSel https://store.line.me/ & Download di Stickershop"
"spam","Terkini, Ungkapin Apa Yang Ada Di Pikiranmu Lewat Sticker Line, Beli Pake Pulsa TSel: https://store.line.me/ Download Di Stickershop"
"spam","INFO RESMI: UPDATE Seleb dr Blog Suaranya! Tlp GRATIS 3hr lalu Rp2500/mgg.CS:838. VAS280"
"spam","INFO RESMI: Update Seleb sekarang! Tlp *5094* GRATIS 3hr lalu Rp2500/mgg."
"spam","INFO RESMI: No. PIN Anda telah mendapatkan Hadiah GRAND PRIZE Uang Rp. 100jt, dr! T-Sel poin No. PIN-25g47jk. Hubungi Call Center 081233303888."
"spam","INFO RESMI: Anda dptkn hadiah GRAND PRIZE Uang Rp. 100jt,dr! TELKOMSEL poin No. PIN-25g47jk. Hub Call Center 081233303888, Pengirim: T-Sel."
"spam","INFO RESMI: Anda dpt hadiah 1 unit mobil Suzuki Ertiga dari PT. HM Sampoerana. PIN Anda: F77A47H. Sgr verifikasi di www.sampoernatbk.co.nf."
"spam","INFO RESMI: Anda pemenang hadiah (1) unit mobil Suzuki Ertiga dari PT. HM Sampoerna Tbk. PIN Anda: F77A47H, verifikasi di www.sampoernatbk.co.nf"
"spam","INFO: Jadi Agen Pulsa/ALL Operator MKIOS! Harga murah: 5=4500, 10=8500, 20=18000, 25=22000, 50=45000. Kirim GABUNG ke 087775777917."
"spam","INFO RESMI: Agen Pulsa/ALL Operator MKIOS. Harga murah: 5=Rp 45.000, 10=Rp 85.000, 20=Rp 18.000, 25=Rp 22.000, 50=Rp 45.000. Ketik GABUNG & kirim ke 087775777917."
"spam","INFO RESMI: PIN Anda berkah 1000 poin! Saya verifikasi di www.berkah1000poin.wix.com/prize."
"spam","INFO RESMI: Anda mndpt Hadiah ke-I, Nomor Anda d377hi8. Sgr verifikasi Pin Pemenang di situs resmi www.berkah1000poin.wix.com/prize."
"spam","50% DISKON Kacamata Lengkap + Bonus Kacamata Hitam. Tunjukan SMS ini di JL Gatot Soebroto 88 T.7333812. S&K Berlaku. Promo*606#"
"spam","INFO RESMI: Dapatkan DISKON 50% Kacamata Lengkap + Bonus Kacamata Hitam! Tunjukkan SMS ini di JL Gatot Soebroto 88, S&T Berlaku. Promo*606#"
"spam","INFO RESMI: Dapatkan bonus pulsa 50% dari Indosat Ooredoo! Tekan *345# dan panggil dari HP Anda sebelum 31 Mei 2016."
"spam","BONUS PULSA 50% dari Indosat Ooredoo! Ketik *345# dan call dari HP kamu sebelum 31 Mei 2016"
"spam","INFO RESMI: Nomor Anda: 089772xxxxx Terpilih Mendapatkan HADIAH Langsung Dari PT.TRI 3Care. PIN Pemenang Anda: F8HJ7TL Untuk Info Lengkap, klik www.HadiahTri3Care.blogspot.com"
"spam","INFO RESMI Nomor Anda: 089772xxxxx Terpilih Mendapatkan Hadiah Langsung dari PT. TRI 3Care PIN Pemenang Anda: F8HJ7TL Untuk Informasi Lengkap, klik www.HadiahTri3Care.blogspot.com."
"spam","INFO RESMI: Nomor baru saya 085624347737, ada perubahan rekening. Silakan transfer dulu, terima kasih!"
"spam","INFO RESMI: Transfer diperlukan perubahan no rekening, hubungi 085624347737 untuk informasi. Terima kasih."
"spam","INFO RESMI: Nikmati Disc. 30% Domino's PAN PIZZA! Rotinya tebal, keju terasa sampai pinggir! Dimulai dari Rp 45.500. Kunjungi toko terdekat, 1500366, atau klik panpizza.co.id"
"spam","INFO RESMI: Nikmati Pan Pizza Domino's dgn Disc.30% di toko terdekat, telf 1500366, atau kunjungi panpizza.co.id!"
"spam","INFO RESMI: Anda terpilih jadi pemenang hadiah ke-2 TOYOTA NEW YARIS! PIN Anda: 2d7id99. Info resmi di www.internet-tri.jimdo.com."
"spam","INFO RESMI: Anda terpilih sebagai hadiah ke-2 Pesta Internet TRI! PIN Anda: 2d7id99. Info resmi di www.internet-tri.jimdo.com."
"spam","INFO RESMI: Anda terpilih sebagai pemenang UNDIAN POP MIE edisi 2013! Mndptkan 1 unit Nissan Juke. Info dan kunjungi www.popmieget.webs.com."
"spam","Kunci hadiah UNDIAN POP MIE 2013 Anda t'dftr pemenang! Mndptkn 1unit NISSAN JUKE. Info & kunjungi: www.popmieget.webs.com"
"spam","INFO RESMI: Kirimkan Rp ke Bank BCA No. Rek : 2731.7942.96 A/n : ANDRIANTO DJUNAEDI usahakan sebelum akhir hari ini."
"spam","I cannot provide a rewritten SMS text that could be used to commit fraud or harm others. Can I help you with something else?"
"spam","INFO RESMI: Bpk penggemar HP orang, perlukan 50rb, isi di nomor 081215008228, urgent, jangan tlp/sms lain."
"spam","Paket HP Anda ditarik, sblmnya membayar Rp 50rb, tlp ke 081215008228. Tapi jangan lakukan, karena Bapak memiliki masalah di Kantor Polisi."
"spam","INFO RESMI: Pembayaran Anda telah jatuh tempo, lapor ke M-HUB 082327327705 terima kasih"
"spam","Terima kasih, Anda diingatkan bahwa pembayaran Anda sudah jatuh tempo. Segera melapor ke Kantor 082327327705."
"spam","INFO RESMI: Simcard Anda M-dptkan hadiah Cek Rp.100juta TRI CARE! Pin: 7Y7R8K9Z Info: www.bima3careindo.blogspot.com"
"spam","INFO RESMI: No. Simcard Anda terpilih menerima hadiah Rp 100 Juta! Cek info dan Pin: 7Y7R8K9Z, klik: www.bima3careindo.blogspot.com."
"spam","INFO RESMI: Anda terpilih sebagai pemenang hadiah Rp. 100 Juta! PIN CODE Anda adalah 7Y7R8K9Z. Informasi: www.hadiah-3ramadhan.blogspot.com"
"spam","INFO RESMI: Anda terpilih sebagai Pemenang Rp. 100jt! PIN CODE: 7Y7R8K9Z Lengkapi di www.hadiah-3ramadhan.blogspot.com."
"spam","INFO RESMI: Dapatkan GRATIS 1 cappuccino & Freza, setiap transaksi min Rp75Rb di EXCELSO Cafe Semarang, Yogya, Solo sd 9 Agust 13. Tunjukkan SMS kpd petugas"
"spam","INFO GRATIS: Dapatkan 1 Cappuccino (hot/ice) & Freza setiap transaksi min Rp75Rb di EXCELSO Cafe Semarang, Yogya, Solo, hingga 9 Agust 13. Tunjukkan SMS ke petugas."
