Kategori,Pesan
ham,Oke deh aku jg emang pengen ngumpul sih kapan lg :(
spam,INFO RESMI PT.INDOFOOD slmt No.anda T.dftar pmnang ke2.POP MIE 2013 Meraih HADIAH 1 Unit 'NISSAN JUKE' dgn pin;12xb9v2 U/info kunjungi www.popmie200.webs.com
ham,Waktu itu malas sep hihi. Dilihat jd lebih rapih aja 😆👍
ham,"[Akademik] Untuk perhatian tuk jadwal kontrak kuliah buat ang 2012 itu bukan sebenarny, kuliah ikut jadwal kur yg baru ang 2013 ato keatas 2014,2015,2016.. sehingga jadwal yg ada adalah jadwal bayangan tuk tujuan kontrak kuliah..Hal diatas ga berlaku tuk mk yg memang berjalan di ang kalian spt skripsi dan sidang..demikian harap diperhatikan.."
ham,Ada diruangan nya tadi
ham,"Sudah pak di email, saya cantumkan direct link juga diemail kalo misalkan file google drive tidak bisa di download"
spam,"Yuk INTERNET-an NGEBUT utk akses FB, Twitter, & Chatting dgn beli Paket Flash 500MB/7hr (sesuai zona lokasi) mulai Rp25rb di *100*433# cek tarif di tsel.me/FL"
spam,"plgn yth,TRI dan MNCTV sudah mengumumkan nomor anda pada tgl:03-Maret-2015 pagi tapi tdk tersambung jadi saya DESI HERMAWATI Costumer Servis TRI di PLAZA SEMANGGI Lt1 jl,JEND SUDIRMAN KAV50 JKT PST Mengirimkan sms penting sebelum jatuh tempo bahwa nomor simcard tri anda menang undian PESTA INTERNET TRI hadiah ke2 TOYOTA NEW YARIS,PIN anda:2d7id99.Info resmi klik;www.internet-tri.jimdo.com"
spam,"PROMO: Beli paket Flash mulai 1GB di MY TELKOMSEL APP dpt EXTRA kuota 2GB 4G LTE dan EXTRA nelpon hingga 100mnt/1hr. Buruan, cek  di tsel.me/mytsel1 S&K"
ham,"Sama ingetin ya, ini kan web nya mau di publish, kita kan ikut develop tuh, nah di web nya ada nama kita atau jurusan ga?"
ham,Assalamu'alaikum wr wb. Berikut daftar penguji PLA tahap 4
spam,Hi! Ayo coba Grab untuk pemesanan taxi yang cepat dan aman. Klik: https://invite.grab.co/37aa4d
spam,"Plg Yth No,simcard anda men-dptkan 1'unit TOYOTA ALL NEW YARIS di GEBYAR TRIcare.pin pmnang 8JF2177. U/info hub:089676547727 atau klik:www.data-tricare.jimdo.com "
ham,Terimakasih telah melakukan pengisian ulang dgn SN 41000795569091 senilai 20000.
spam,Selamat Anda mendapatkan voucher Berrybenka Rp100rb. Masukkan kode voucher TW96d saat transaksi di www.berrybenka.com/simPATI. Mau voucher lain? Hub *999*1#
spam,"Solusi praktis khusus pemegang kartu kredit nikmati kemudahan Kredit Tanpa agunan 5 - 150jt dgn max pinj 5 X limit, HUB FANY 02194521396 ( abaikan jika tdk berminat )"
spam,"Yang lain penuh batasan,kami beri kebebasa n. DOUBLE KUOTA BONUS 10GB(4G), UNLIMITED Nelp&SMS, Musik streaming gak pakai Kuota!cuma dg FREEDOM COMBO. Daftar*123#"
ham,nama1 itu msh pake db aku yg lama itu msh anomali bisa nyesuain ga
ham,"Eh iyaa gais kadonya udah aku kasih yaa, kata nama1 makasihh sama maaf kalau ada salah. Minggu ini udah mau ke samarinda"
ham,nama1 bisa pakai flash buat animasi ga?? Atau pakai movie maker??
ham,Gaaais penamaannya kyk nama1 nih biar rapih
ham,"Atau gaperlu ke kampus nama1 , tolong kirimin kuncinya aja make jne cenah ip"
ham,Blm beres sep. Malah byk bug
spam,"Nasabah YTH, rekening BTPN Wow! Anda sudah aktif. Lakukan transaksi melalui *247# menggunakan PIN rahasia Anda. Info hub 1500300."
ham,Engga tau sep ntr di kosan aku cek sepertinya tidak ada semalam aku liat
ham,"maaaaaaaaf, aku lupaaa, hp aku baru nyala dadi pagi belum pulang ke kosan, maaf pisaaaan :("
spam,"Mau paket data 1.5GB buat SEBULAN Cuma 20ribuan? Buruan ketik MAU ke 919, penawaran ini hanya berlaku sd 22-Jul-16"
spam,Selamat KPD pemilik NO simCARD 085643XXXXXX mendapatkan . UANG TUNAI Rp 49jt dari PT.INDOSAT pin:RWD2749 www.indosat-poin-2013.jimdo.com atau HUB 085693577707 !spam!
ham,nama1 maapin baru buka line
spam,Kami sdh mnghubungi tdk trsambung SIM CARD anda mendapatkan hadiah ketiga dri PT.AXIS pin [02399877] Klik  www.hadiah-ptaxis.blogspot.co.id
ham,oke. bentar aku solat dulu
spam,Thank you for your appreciation & trust in using Telkomsel service. For further feedback please advice & text sms to 1166 (FREE)(for int'l charged)
spam,"TOKO JEMBER Promo Discon 50% Keyboard Yahama: Dakota Rp. 2,8 jt, Onix3 Rp. 2,2 jt, Gemini Rp. 800 rb Info/SMS : 085234234117 PIN BB 295C6D02 www.jember-shop.blogspot.com"
ham,Kalo nonton hr ini mahal yah? Week end
ham,"Assalamu'alaikum, nama1 mau minta bantuan."
spam,FREE DoubleScoop Ice Cream / Disc 10% di Haagen-Dasz dengan TCASH TAP! S&K berlaku. Info tsel.me/tappromo
spam,pembayaran anda sudah jatuh tempo silahkan melapor/M-HUB ke Kantor 082327327705 terima kasih
spam,INFO RESMI kepada bpk/ibu yang terhormat SELAMAT No ANDA Pemenang ke 2dari pesta isi ulang 3care No PIN:25e477r di undi tadi malam pkl 22:30 di SCTV U/info hadiah anda klik Www.3care16.blogspot.com
spam,Ikuti JobFairActive & UjiKlyakanKerjaBerstifikat @PlasaTelkomMlg 9Feb13. dptkan platihan Intrview&Rekom kerja ke ribuan Ph. Info: www.indogetjob.com/085233334106
spam,pesan resmi dari PT.TRI CARE indonesia selamat SimCARD anda mendapatkan hadiah senilai 100 juta jatuh ke pemenang (lV) kode pin ijh76k79 silahkan cek di www.pt-tricare.com
ham,"Segan baa lo ko wqwq hai di, gila kurus banget skrg diii"
ham,Ga ada birthday nya ? Wkwk
spam,Slmt!!No anda Mendpt hadiah Rp.75jt.dari TELKOMSELpoin Diundi tadi mlm Pukul.23:30.wib Di RCTI.info Hub: 085217777509 Drs.H.SRIANTO Pengirim: +777
ham,"Eh gatau, td Bagus yang nanyain"
ham,"Aku ingin pagi, tp masa berdua nama1 doang pake grab :( nunggu nama1 siang :("
spam,Mau Pergi Dari Hatiku nya Aliando di HP kamu? Ambil NSP GRATIS nya dengan akses ke *600# dan dapatkan promo gratis lainnya sesuai hobimu!
spam,"Paket super Ngebut 3.5GB, 30hr, Rp25rb Anda sudah aktif. Nikmati 500MB di 12.00:24.00 & 3G di 00:00-12:00 di 3G. Diperpanjang pada 11-Mar-2013 jam 23:59. Info 817"
ham,wah mantap(ok) btw nge-cc perihal sponsor jg ya osnnya.. semoga yg terbaik utk kemakom
ham,nama1 ntr aku ke kosan kamu yaaaaa
spam,Yth Isti Sofiyah. Diminta Segera Hubungi Bpk Drs.H .Lalu Safi’ i M.Pd. Kadisdik NTB.08531166 6557 Perihal Seminar Gratis Dari DIKTI. (Bu Sri TU.Diknas)
ham,"Kalo masih mau ke kep. Seribu mending ikut yang ini nih, tinggal duduk manis dari unpad du"
ham,Kurang tau pasti sep periksa controllernya waktu instansiasi new tcpdf() aku lupa
spam,"Isi ulang Kuota++ 3GB berhasil, dan kuota tlh ditambahkan. Nikmati juga BONUS NELPON ke semua Tri Rp10rb, cek bonus di *111*2# atau BimaTri."
ham,Udah lama ga bimbingan 😂
spam,Nikmati nelpon dan SMS UNLIMITED ke sesama Indosat Ooredoo internetan sepuasnya 3 hari dengan paket Freedom Mini. ketik *123*88#
ham,"Jajaran kantin 79 kesana deket2 pengkolan pokoknya kang, ada tulisanya da"
spam,"PESAN RESMI dri Tri Care,Selamat anda m-dptkan hadiah CEK TUNAI Sebesar Rp.45jt No:Pin undian 94AD653, U/Info kunjungi:www.pusat-bimatricare.jimdo.com"
spam,"Pelanggan yth,saya mba muliani operator Tri. Telah menghubungi anda tapi tidak tersambung jadi informasi ini saya sampaikan lewat SMS sebelum hadiahnya jatuh tempo. Selamat nomor Tri anda menang undian dr pesta isi ulang pulsa,Pin pemenang (25b17h) segera hubungi kantor Tri jakarta. Tlp; 089660608887 info klik: www.3tricard.blogspot.com"
ham,Eta mah data dokter keseluruhan. Maksud urg teh kan si pasien teh aya meren di pariksa ku dokter saha.
ham,Ada belakang warkop deket indomaret gerum 500/bulan
spam,"BONUS Rp. 5,000 untuk kamu! Cukup telpon teman kamu selama 2 menit hari ini untuk mendapatkan bonusnya, khusus hari ini saja!  A010"
ham,Eh aku instances deh. Diload ga bs 
spam,Permintaan Anda akan segera kami proses untuk keyword REG GITA dari layanan PT. Hypermind
ham,"Pokonya kalau ada yang mau push bilang aja usahain, bisi barengan push nya. Terus kalau push, pull dulu."
ham,Maaf kaprodi kita itu siapa yah hehe
ham,"Semau-maunya kita ama orang, gak bakal jadi kalau gak jodoh. Segeleh-gelehnya pasti bakal nikah kalopun jodoh"
ham,Cara panggil na localhost/SistemRumahSakit/gerbang/rawatdarurat
ham,Tersrrah aja. Pagi juga nggak pa2
ham,Okeyyy malem aja ya bahas apa ajanya yg dibawa
spam,Pesta m-tronik Anda sebagai Pelanggan setia m-tronik terpilih sbgi pemenang ke[2] pin pemenang; [25e477r] u/info klik www.gebyarhadiah2016.com
ham,"Alhamdulillah, makasih yaaa udah meluangkan waktu 😘"
ham,nama1 ke pt. inti?
spam,"GRATIS PULSA hingga 250rb selama 7Hari 7Malam CUMA dg isi ulang mulai 10rb. Daftar SEGERA, ketik: GRATIS krm ke123(Reg ckp 1kali)Info: ketik INFO krm ke 123"
ham,Iyaaaa ayyuuuukk biar kamu bisa reunian dg org sana fir
spam,Buktikan hematnya pakai argo tetap di Bandung dengan GrabCar hingga 20%. Hayu ajakan rerencangan sareng buktikeun nyalira!
ham,"Okayyy, nanti siang jam 1an hehe. Ga kemana-mana hari ini?"
spam,Buruan Download & Registrasi myCare di http://bit.ly/mycarepLy dan dapatkan Promo 10GB (4G) di Paket Freedoom M & L dengan harga khusus HANYA HARI INI.
spam,"HQUARTERS Business Residence Lokasi Emas-ASIA AFRIKA Bdg Hrg Prelaunch,PROFIT 140%,ROI 10%/thn Bs LIBUR Byr 2Th TSM 21Des-3Jan www.hquarters.co.id 085794074188"
spam,Slmt!! No Anda Men-dptkan Hadiah dr Pengundian Poin Plus Plus INDOSAT No Pin(d377hi8)Utk info Pemenang silahkan klik www.kejutan-indosatpoinplus2013.webs.com
spam,SIMCARD Anda adalah pemenang Gebyar isi ulang TRI 2015 dengan PIN:7N77F33 lakukan verifikasi sekarang juga hanya di www.idtricare.blogspot.com
ham,Soalnya ini fitutnya lebih lengkap.
spam,"tolong uangnya di kirim ke rekening ini aja,BRI, A/N: HASAN MAHMUD. REK: 3292-0101-9525-532. Sms aja klau sudah di kirim,makasih."
spam,"Ass,maaf sy WAHYU.mengenai Mobil bpk yg mau di jual sy sudah lihat dan cocok, Untuk nego hrg silahkan Hub saudara sy di 081219550857 dgn pak JUSMAN SAFEI (TP)"
ham,"Maaf, pulsa Anda tidak cukup untuk melakukan pembelian paket Flash yang dipilih. Silahkan isi ulang pulsa Anda."
ham,ku ada 300 ratus nih di tabungan~ di nama1  aku tabungan ada berapa nama1 ? cabut sekarang juga #ManaAda~ :(
ham,Usul: Anak sospol dan yg berminat turun deh. Pelajari ttg ini
ham,"supaya kita bisa mulai cepat, tolong posisi duduknya diatur dari awal, diberi jarak satu kolom kosong selang seling."
spam,Akhir bulan harus tetap eksis loh! Internetan pake volume ultima 900MB/30hr. Hrga mulai Rp 35rb di *100*471#. Tarif&lokasi cek di tsel.me/fl
spam,Mau BONUS KEREN dari Indosat ooredoo? Ketik *345# dari HP kamu sekarang juga..!!
spam,Isi ulang Pulsa Rp.5000 regular oleh HD COM 4 SUKSES pada 09/02 12:34.Ref:763179369.GRATIS PULSA sd 250rb hg 7Hr 7Mlm.Ktk:GRATIS krm ke 123
ham,Paket tadi sore mendadak habis.
spam,"Jangan dikejar diskon berlari, beli RAWIT diskon datang sendiri.AYO isi ulang kartu AXIS kamu sekarang,dan pastikan besok ikutan promo Rabu RAWIT.Info838.LD279"
ham,"Iya, semua kamera kecuali kamera lia aku taro di situ semua"
spam,Surat keputusan resmi M-KIOS NOXV/04/2016 Menyatakan No.Anda resmi meraih hadiah ke-2 dri PT.M-KIOS Pin;M248K81 u/info klik ; www.hadiah-ptmkios547.blogspot.com
spam,"Nanti kalau mau transfer, tipon dulu di no baru saya ini. 085624347737 soalnya ada perubahan no rekening. terima kasih"
ham,Penggunaan terakhir anda adalah 35417.00 dan telah memenuhi pemakaian pulsa minimum. Masa aktif kartu anda diperpanjang selama 30 hari dan akan aktif sampai 04/10/2016
ham,"Yaudah gausah babakaran atuh, yg pake kompor aja. Lagian ribet kan nyalain arengnya"
spam,Disc.25%  Domino's Pizza Value Range s/d 14 Agustus.Kunjungi store terdekat/hubungi 1500366/visit http://bit.ly/294KoZ6 Kode:VR25D
ham,Nanti sync aja di github dekstop nya.
ham,Aduh aku ge ini pusing yg mau lamaran siapa yg nyari2 kebutuhan siapa
ham,Aamiin. Makasih semuanya..semoga teman2 cepat nyusul dan semoga segala urusannya diberikan kelancaran oleh Allah.aamiin
spam,"Bapak tukokno pulsa AS ndisek 20ribu iki nmrku anyar 085316079211 cepet saiki tak enteni,penteng bpk ada msalah dikantor polisi,jangan dulu sms/tlp"
spam,"Mohon maaf, Promosi pinjaman uang tunai, syarat copy kartu kredit, bunga mulai 1,5 % bln, gratis asuransi, hub ANI 021 - 91949720 / LIA 021 - 34343669 , proses cepat"
ham,"assalamualaikum pak, mohon maaf saya mau tanya pak, apakah remedial dwm harus hadir di tempat pak? apa bisa online? mohon maaf sebelumnya"
spam,Kirimi dulu pulsa 20ewu di no ini 085285485839 Mas Agus
spam,"Mudahnya KTA baru untuk pinjaman s/d 200 jt.. bunga 1,5% & gratis asuransi.. copy KTP dan kartu kredit atau slip gaji Hub: mido 021 - 99399003"
spam,"BIG SALE 50% SINAR Blackberry -Z10 Rp.3,8jt -Dakota Rp 2,8jt -Tourch Rp 2jt -Davis Rp950 rb Infohub/sms: -089664054777 -297CCFA7 www.snr-bb.blogspot.com"
spam,"Transfer ke Mandiri aja, a/n Resti Amanda norek 9000007701999"
spam,INFO RESMI kepada/bpk/ibu yang terhormat SELAMAT No ANDA Pemenang ke 2dari pesta isi ulang 3care. No PIN:25e477r di undi tadi malam pkl 22:30 di SCTV U/info hadiah anda klik Www.tricare16.blogspot.com
ham,"gatau tadi bapa nya keburu jumatan , pokonya suruh ngumpul dlu gt katanya "
spam,"Hai Apa Kabar? Ada Bonus Meriah Cukup isi pulsa minimun Rp 5 Ribu s.d 15 November, kamu langsung dapatkan 300 MB GRATIS. Ayo isi pulsa! Bonus utk 3 hari. RL044A"
ham,"nama1  jg text dy, text essay jawaban gt Jd misal nih ada murid sama guru, si guru ngasih ujian, nanti hasil jawaban ujian murid dibandingin sama jawaban dari guru (jawaban yg bener) trs outputnya berupa skor hasil ujian itu"
ham,pulang nya jam 8 (kecewa)
ham,Ada yang 400 rb yang kamar mandinya sama2 kalau yang ada kamar mandi di dalam kalau yang kecil 600 dan yang agak besar 700 rb
spam,Rp30rb/bln utk 3 bln (hrg normal Rp59rb utk bln ke-4 dst) bisa NELPON & SMS SEPUASNYA ke IM3 plus kuota 3GB+10GB (4G).  Mau? Ketik YA ke 919 sd 05-Aug-16
spam,Anda akan berhenti berlangganan Paket Flash. Ketik FLASH<spasi>YA jika setuju. Tunggu SMS konfirmasi penonaktifan Paket Anda
spam,"Nasabah Bank BRI Yth, Selamat Anda Mndptkan Cek Tunai Rp.27jt dari BANK RAKYAT INDONESIA Pin : (ijh76k79) u/Info klik dan Kunjungi :www.hadiahBRI.blogspot.com"
spam,"Ass, mengenai rumah dan tanah yg kemarin, sy sdah survei, sy mrasa cocok, untuk nego harga hubungi atau sms suami saya, pak. haji. dermawan; 085796022225."
ham,Blm aku cek min mau apa? Kalau penting bgt nanti aku gedorin
spam,DISKON 50% kuota NELPON++ 20 MENIT ke smua operator! Cuma Rp7rb (Normal Rp14rb) dg masa aktif panjang. Balas SMS ini dgn ketik Tri. Hanya HARI INI! V712
ham,"Maaf, Keyword yang anda masukkan ke 234 salah. Info lanjut hub call center : 200"
spam,"Yank tlong isi’in aku pulsa 10rb, di no ini,082189983017 nanti aq yg tlpn yacc!"
spam,"Maaf, hanya iklan penawaran pinjaman uang tunai tanpa jaminan KTA 5JT s.d 200JT dg KTP d KARTU KREDIT, Bunga Flat, simpan sms ni a/hub. 085717559229 ; 02199001886"
ham,Load controller bisa di construct mad? Kmren aku coba ga bs terpaksa di dlm fungsi
ham,"persiapkan dengan dokumen draftnya diambil di ruang saya, slide presentasi tuk pengujian.."
ham,Eh kita brati kan makan 2 kali ya?malem ini sma bsok pagi bukan?
spam,PESAN RESMI Selamat No. Simcard Anda M-dptkan hadiah Cek Rp.100juta dr TRI CARE Pin: 7Y7R8K9Z Info klik: www.bima3careindo.blogspot.com
ham,Taqoballahu Minna waminkum. #SelamatMenyambutKemenangan
ham,"Murah nuy 30seorang, drpd naik angkot bisa 15rebu, belum ngetem, macet, gt"
spam,SELAMAT Anda sebagai pemenang promo UNDIAN POP-MIE GETLUCKY men-dptkan 1unit MOBIL NISSAN JUKE pin anda:b89c7h9 U/INFO Klik:www.hadiah-pop-mie-2013.webs.com
ham,Mah melan lagi di kosan dila. Habis kerja kelompok tapi kepegat hujan :(
spam,"ma, isi dl pulsa 20 rb di nmr ini 085337784732"
spam,"Loopers, PaketTelkomselFlash Rp.50000 utk 600 MB & tambahan 600 MB di 3G + 11 GB(00-12)(berlaku 30 hari) tlh diaktifkan. Paket otomatis diperpanjang pd akhir masa aktif jika kamu berlangganan paket ini"
spam,"LINE Lets Get Rich semakin seru, tambah koinnya dari pulsamu, mudah banget caranya di google play"
ham,Enakaa ajaaa gw diantar cowok gw yaa bukan dijmput nama1
ham,"Yg butuh kosan perbulan bisa langsung ditempatin. Lokasi di gang samping gokana setiabudi, khusus cewe jam bebas, bersih, fasilitas kasur sama lemari kunci pegang masing2. Harga 725/bulan. Bisa hub ####  id line: titaniadbl"
ham,Mau naik gojek tapi ga ada driver kayanya :( padahal bawaan banyak :(
ham,Cape sih tp da susah euy kalo udah pikiran gtu teh
spam,Slmt No Anda mendptkan Hadiah 1 unit MOBIL HONDA jazz dr promo TRI CARE 2016 dgn PIN PEMENANG:454647LM lnfo Klik:www.kejutanbimatri.blogspot.com
ham,Bali mah kudu berapa atuh duitnya
ham,Lagian pasti ga boleh gera sma si kaka tp kalo dianterin aku ga enak
spam,BONUS PULSA 50rb cuma dgn isi ulang 25rb!! Hny Indosat yg bisa begini. Penawaran berlaku s/d 11 April 2016. Bonus 1x utk digunakan ke sesama Indosat Ooredoo
ham,Diagnosa mana? Di pasien_irj ga ada diagnosa
spam,CAHAYA TRAVEL TIKET Murah & promo untuk penerbangan Domestic & Internasional ONLINE BOOKING 24 jam hub 081310537888 kelik www.cahayatourtravel.com
spam,"Dapatkan Segera TIKET Murah & Promo DiTRAVEL Kmi,Untuk Penerbangan Domestik & Internasional ONLINE BOOKING 24 Jam Anda Berminat Hub:085318303276"
spam,Dapatkan E-TICKET Promo untuk penerbangan DOMESTIK & INTERNASIONAL melalui Via Online mudah & aman. Hub ; 085285485509 klick. www.mhegatravel.com
spam,Ass. Maaf sy by hj.suri yang kemarin survey rumah anda. Mengenai harga bisa hub suami saya H. SIGIT tlp 081316005639.terima kasih
ham,Ko gtu ya parah bgt masa jam kerja ngeroko. Biar dapet inspirasi meren ya
spam,"Lebih hemat langganan paket Internet MINGGUAN dgn kuota 250MB Cuma Rp 10,000. Caranya gampang cukup ketik KUOTA (SPASI) 10K ke 363."
ham,"Patah hatinya level tinggi, jd bisa quotes begitu put"
ham,emang berbayar nama1 .
ham,Aku jg blm berangkt wkwk
spam,Surat Keputusan PT.TRI CARE Slamat No.Anda Resmi Meraih Hadiah TOYOTA YARIS PIN Undian:477FBG7S Info Hub:089636872499 KLIK:www.pusat-tricare.com
ham,Iya ya ratarata programmer gt hirenya udh pake csps gt gt
ham,Gais aku sudah brgkt. Mau matiin hp
spam,DOUBLE kuota internet plus UNLIMITED Telpon dan SMS dengan Paket Freedom Combo dari Indosat Ooredoo. Segera hub *123# atau www.indosatooredoo.com/freedom
ham,"Ada sih yg nikah muda tp (keliatan) bahagia, tp one of a million kayaknya kalo temen2 ku hmm"
spam,"Khusus buat kamu yg doyan internetan! Cukup 10rb k, bs internetan slm 1 minggu (kuota 1,5 GB). Buruan ketik OKE ke 919. Pnwrn sd 30/09/2015 Khusus Nomor Ini."
spam,Ini rekeningnya mandiri : 900-00-1037951-0 a.n reza prasetya
ham,Lingkungan kerjanya berasap. Kalo gak ngerokok ya pada nge-vape gitu coba. Kan cowok semua banyaknya
spam,5 HARI LAGI ! EKSTRA Pulsa 50rb dg beli paket internet bulanan di MyTelkomsel utk pembelian pertama sjk 25Aug-25Sept. Cek detail promo di tsel.me/mytsel1
spam,"Mamah pangmeserkeun heula pulsa As, 20 rb,kana nomor ieu, 085347398779 tong nelpon nuju riiweh ayeuna penting!"
spam,NIKMATI INDOSAT SUPER 3G+ utk Internetan ckp 10rb/minggu dpt Kuota 225MB(50MB+Bonus 175MB jam 00-06)Kecepatan hgg3.6Mbps.tekan *123*4*1*1# syarat berlaku hub:100
spam,Gunakan Grab dan nikmati 75% diskon untuk 10x bagi pengguna baru. Masukkan kode COBAGRABCAR sekarang juga dan ajak teman-temanmu keliling bandung tanp
spam,"ISI PULSA lebih untung di MYVPLUS! selain dpt PULSA kamu bisa lsg dpt voucher diskon, dpt hadiah dan juga dpt point. Yuk klik : http://bit.ly/Myvplus"
spam,"PESAN RESMI DARI PT3CARE berkat isi ulang pulsa No. anda RESMI mendapatkan hadiah.Rp. 100 juta dari 3CARE dengan PIN. pemenang anda (b8337h9) u/info klik, www.hadiahlpt3care959.blogspot.com"
ham,hmmm tiket ke batam berapa duit gile~
ham,oke gais tp dsni udh redaan hujannya. dtggu ya
spam,Dptkan e-tiket Promo Untuk Penerbangan Domestic & Internasional Booking ONLINE 24 jam Info Hub : 081316899123
spam,"Tambahan THR dr MatahariMall. Kode THR6 utk Diskon 6% Elektronik, kode THR15 utk Diskon 15% Lifestyle, kode THR25 utk Diskon 25% Fashion. http://mthr.ml/TSELTHR"
spam,"Sy Dr.Rimbawan(Dirmawa IPB)Yth,Jajang Roni Aunul Kholik(NIM:E14090090)Di minta Hbngi Skrng Prof.Dr.Ir.Yonny Koesmaryono,MS.0819882923.Di Tunjuk Hadir Seminar Pengembangan Karakter Mahasiswa Dari Dikti Tgl 14/15 April di Htl Nusa Dua Bali,Trims."
spam,4.5GB/30 hari hanya Rp 55 Ribu Spesial buat anda yang terpilih. Aktifkan sekarang juga di *550*907# Buruan..! SKB
ham,itu yang tugas pentaho langsung presentasi di pentaho nya ?
spam,"Surat Keputusan dari Tri Care INDONESIA No.XV/2016 PIN_PEMENANG ANDA.HH25H77 Mendapatkan Hadiah 1 Unit Mobil Honda Jazz RS,U/Info Klik:http//tri-2016.webnode.com/"
ham,Bsok ada kmpul euy.... Gmna ? Tpi gini aja. Vote aja yg bisa bsok sapa skrg sapa
ham,"Pas sma gak pernah, tp kuliah disini org tua aku udah 2x pulang kampung"
ham,Senin mah pelepasan doang kan? Aku brngktnya selasa apa egi senin berangktnya? 
ham,nama1;Graha Desila kmr 14 Lt.2;Aqua;20000(kembalian)
spam,Selamat Paket 50 SMS ke semua operator Anda telah aktif. Cek kuota di *888#
spam,PT.TRI No.V11-3/16 Slamat No.SimCARD Anda mraih CEK TUNAI Rp.35Jt Program ISI ULANG PULSA Pin:M902CX8J Info Klik: www.Bonus3tri.com
ham,Kan dia masih gatau ngeditnya kek gmn haha
ham,Ayam kita menunya banyak bu...ada ayam bakar.kremes. cabe ijo. Lada hitam. Asam manis. Rica rica. Baberque. Untuk isinya nasi.ayam.lalapan.sambal. tempe tahu . air mineral gelas. Bu...maaf bu kita ada paket yang 16rb s/d 19rb. Kalau boleh tau anggaran ibu berapa ya
spam,Anda brminat cash&kredit mtor scond brg istmwa tipe&merk apa sj.dsini mnyediakn 50 unit dr thn 2004 keatas hub 087739124242/085743146233 MS DEDIKTP luar yk bs.
spam,"Dapatkan voucher Cipika Rp 100rb utk belanja kuliner, gadget, fashion, dll. Tkn *123*45# pilih Cipika, GRATIS & terbatas. Info: www.indosatooredoo.com/12345"
spam,Ayo dukung pelestarian alam Indonesia bersama Indosat Ooredoo dan WWF-Indonesia dg berdonasi melalui *123*50# dari nomor Indosat Ooredoo.
spam,Yth Bpk/Ibu. BNI menyatakan Rekening anda terpilih sebagai pemenang hadiah Rp. 35jt. kode cek anda 03299757 info klik www.bankbni2016.blogspot.com
spam,"Anda akan membeli Paket Gampang Internetan Rp.1250 utk Chatting Sepuasnya (BBM, WhatsApp dan Line)/1 hari.Jika setuju balas FLASH<spasi>YA kirim ke 3636 utk melanjutkan.Tunggu SMS konfirmasi sblm pemakaian.Info detail tariff lihat di Tsel.me/internet "
ham,semoga cepat sembuh pak.
ham,Kantin fip nama1 sendiri td mau ke perpus. Tp bntar lg kan sholat 
spam,Ketik YA ke 919 s.d 14 Maret 2016. Cuma Rp59rb per-bln! Lgs dptkan 1+ 1GB(4G)+BONUS 10GB(4G) utk Internetan + Telp & SMS SEPUASNYA ke semua nomor
ham,Buat yg mahasiswa baru
ham,Jadi kitanya harus cari kesibukan jg ya? Biar ga mikirin cowo melulu
spam,"DISKON 50% utk Kacamata Lengkap + Bonus Kacamata Hitam, Tunjukan SMS ini di JL Gatot Soebroto 88 T.7333812. S&amp;K Berlaku.Promo*606#"
ham,"Selamat sore Pak, besok kami bisa ke kantor jam brp Pak?"
spam,"Kapan lg beli paket Flash mulai 1,3GB di MyTelkomsel dpt Extra PULSA Rp 50rb? Utk pembelian pertama sjk 25Aug - 25Sept. Cek detail paket di tsel.me/mytsel1"
ham,Kalau gamepro uasnya materi atau praktek Pak?
spam,"I’m spreading the GO-JEK love. Download the GO-JEK app at “http://go-jek.com/app” and input this referral code “545075264” to get Rp 50,000 free credit to your first booking. #gojekgotmehere"
spam,Terpilih dapat cek 27jt. KODE TRIPLE CEK ANDA (02599875) U/Info Klik Website www.undianbri.co.vu
ham,Eh tp jam 5 pas dong jgn malem hbs mgrib. Aku takut plg wk
spam,"Casino online terbesar, www.jayabet4.com , daftarkan diri+ Raih bonus referral+ bonus cashback sportsbook 0.25% setiap minggu. Mainkan di Smartphone dan PC anda"
spam,"Maaf tolong uangnya ditransfer saja ke Bank xxx An. xxx No.Rek 2952149xxx, bila sudah ditransfer SMS saja, terima kasih"
spam,"Paket BRONET 2GB 60hr 24jam sudah aktif. Nikmati internet 2GB berlaku hingga jam 23.59 aktif s.d 27-10-2016. Promo AXIS lainnya, telp *123#. Info838"
ham,Kok antara optimis dan ngga yah 😟
ham,Oiya ya nama1  ih knapa bsa begitu?sayang bgt tabungannya :(
ham,"InsyaaAllah ikhlas mel, asa udah di bahas digrup kan, Trs yg responnya gt"
spam,"Dptkn kesempatan raih hadiah utama mobil Alphard dg cara tukar 500 poin senyum Anda dg 1 kupon Undian s.d tgl 20Jun13,ketik Undian Jmlh Poin ke 7887(Rp25)"
spam,"Gebyar poin plus-plus INDOSAT Edisi 2013 priode ke'9, No PIN undian anda (d377hi8) Resmi meraih hadiah, utk info; www.gebyarINDOSATpoinplus.weebly.com"
spam,Ini no rekeningnya BRI.A/n.A.SRI NARTI NO.rek.2219-01-001948-50-7.
spam,"INFO RESMI: PT.INDOFOOD Selamat Anda M-DPT MOBIL NISSAN JUKE, Kejutan Pop Mie. PIN:2F5C4D7 HUBUNGI:085715023547 DRS.H.NALDISUPARMAN www.gebyarpopmie40.webs.com"
spam,PESAN RESMI PT.3care indonesia Mengucapkan slmt'No.simcard anda resmi meraih hadiah ke-3 dengan pin ; b8337h9 u/info hadiah klik www.pesta-hadiah3.blogspot.com
spam,SLMT!!! NO anda m-dpt mobil AVANZA dr kartu AS. di undi td malam di metro TV PKL 23:00.info.kunjungi almt kami:www.Priode-.webs.com/hub:0016282190254447.TSEL
ham,"Belum diuji, pa. Insya Allah siang hari ini mau ke kampus, dan mudah2an pa eka nya ada."
ham,ok. minta yang data dummy diagnosa_pasien ya. punten. makasih
spam,"Sticker LINE yang lucu-lucu banyak banget loh, beli yuk dengan pulsamu, gampang banget, coba yuk"
ham,Iyalah makin malam makin mahal kek yg suka dijalanan
spam,Nasabah Yth: Rek anda mndpt cek Rp.27jt kode cek anda (02599875) Info Hub: 085828523888. atau klik www.hadiahbankbri2016.blogspot.co.id
ham,"nama1, minta database kamu sama view dan controller yang ada js buat dropdown kotanya."
ham, Di kfc yg deket enhaii ada dy
spam,"Slmt simCARD anda 08562XXXXXX mdpat cek tunai Rp.49jt PIN (RWD2749) info CS,085691371116 atau kunjungi www.indosat-id.jimdo.com"
spam,"TOKO NIAGA-CELL Disc 45% Khusus PROMO :-  Blackberry-  NOKIA-  SAMSUNG-  IPHONE dll, Info Hub/sms ke : 082-33333-783 Buka  Website Kami : www.niaga-cell.blogspot.com"
ham,Bebas... Senin stuju.. Apa aja yg di kebapain selain program ?
spam,"Selamat!!  anda Mendpt hadiah Rp. 75 juta. Dari TELKOMSEL point ""Edisi september"" Hub kntr pusat : 082375271777 (Ir. Dwi Hartanto)"
ham,"Tp aku gak tertarik gt sih diperusahaan itu, org it nya baru satu "
ham,"Iya  nama1, terakhir di lab jarkom. Pas copy sql SIGIndo tea.. "
spam,"Nelpon MURAH hanya Rp 2500/panggilan ke MAL, SIN, Thailand, HK, China & USA dgn tekan 01016+Kode Negara+No Tujuan. Info: www.indosatooredoo.com/flatcall2500"
spam,Surat keputusan dari Tri Care INDONESIA No.XV/2016 Pin_Pemenang ANDA:67ytg44 mendapatkan HADIAH CEK TUNAI Rp.45juta U/INFO klik: www.info-undian3.webnode.com
spam,MAU BONUS PULSA 50% dari Indosat Ooredoo?? Ketik *345# dan call dari HP kamu sebelum 31 Mei 2016
spam,Migrasikan kartu Anda ke kartuHalo (NOMOR TETAP SAMA). DAPATKAN Paket Spesial 4GB Hanya 25rb/bulan. kunjungi GraPARI & tunjukan SMS ini.(Promo Terbatas).SKB
ham,"Assalamualaikum akang teteh, jangan lupa ya hari ini ada carrier day jam 10:30, exhibition fpmipa b :) (love) Hayuu teh ditungguuu"
ham,"koreksi saya kalau salah (bisi lupa) tapi bagus sih kalau anda mau coba-coba, nggak mubazir juga kok. Kalau mau dibalikin lagi ke CSV ya pake transformasi lagi."
ham,"Maaf, pesan Anda belum terkirim. Silakan coba beberapa saat lagi. Terimakasih"
spam,"BONUS PULSA 50% dari Indosat Ooredoo, MAU?? Ketik *345# dan call dari HP kamu sebelum 28 April 2016"
ham,"Struktur Data, PLA, Skripsi, dan Sidang"
ham,Mau yang apa? Sunday atau apa? Terus rasa slainya apa?
ham,"Btw magicomnya yg sedang Gais, gaada yg gede"
spam,"PAKET BRONET 24JAM 15MB 1hr sudah aktif. Nikmati 15MB berlaku di 00-23.59 aktif s.d 28-08-2016. Promo AXIS lainnya, telp *123#. Info838"
ham,"Ayam aja Pak, terus satu paket itu sama isinya ap aja?"
ham,nama1 di kosan gaaa? Mau numpang dooong
spam,Terima kasih telah menjadi Sahabat IndosatOoredoo. Mau tahu RAHASIA2 TERHEBOH ARTIS-ARTIS TOP + bonus gratis nelpon 60 menit?Tlp *700*1#
ham,Soalnya bapa mau liat database secara keseluruhan.
ham,Guys ada yg bermotor mau ngampus gak? Temenin ambil foto laaah (unbearable)
ham,nama table table pasien_irj dan gnti data_pasien. lupa
spam,plg yth no. Anda terpilih menang cek Rp.100jt dr PT.TELKOMSEL HUT TELKOMSEL Ke-17 thn 2012 hub call center:085313311113
spam,"Hallo urang minang, ado sticker rancak di Group Line Urang Kampuang MINANG GUY, beli pake pulsa Telkomsel"
spam,Saatnya pindah ke jaringan 4G TERCEPAT. Tukar kartu Anda di Gerai IndosatOoredoo Jl.Jend Soedirman-Purwokerto &dptkn bns Rp25rb (utk Nelp/SMS ke IndosatOoredoo)
spam,"RAWIT Kuotanya Bagus, Harganya Khusus. AYO isi ulang kartu AXIS kamu sekarang, pastikan besok ikut promo Rabu RAWIT. Info838. LD299"
ham,Biasanya mah stasiun teh sebelum lewatin rel nama1
ham,Padahal mau kesana tapi kyknya nama1 belum balik
ham,Yg ragu sm bulet/datar atau yg pgn ikutan debat kusir :v
spam,Tri berBAGI bonus PULSA di bulan pernuh berkah! Isi pulsa min. 5rb dapet bonus pulsa 10rb utk nelp ke nmr Tri! Hanya hari ini saja! Ayo buruan isi pulsa! T496
spam,"Manfaatkan fasilitas pinjaman tanpa jaminan, syarat F.copy KTP, Kartu kredit, proses 3 hari kerja, info, hub: Rasti 021 91998977"
spam,"Sy Ajeng mendapat sms dari PT. 3Care Indonesia uang tunai Rp. 100 juta di website www.pttricare2016.blogspot.com tetapi dimintai membayar Administrasi Rp. 1,250 juta...sy juga di telpon pak Bambang Purwanto & diberi nomer rekening tujuan pembayaran Administrasi melalui Bank BRI a/n PT. TRI LESTARI bahkan dalam websitenya dicantumkan KTP Marketing Office PT. 3 Care Indonesia"
spam,Dapatkan Disc 20% di McDonalds khusus utk pembayaran dgn TCASH TAP!Dptkan stiker TCASH TAP di graPARI terdekat. Info tsel.me/tappromo
spam,Anda akan berlangganan paket Rp. 10000 utk 150 MB 2G/3G + 250 MB 3G/90hari. Jika setuju balas FLASH<spasi>YA kirim ke 3636 utk melanjutkan. Paket diperpanjang pada akhir masa aktif dengan tarif sesuai lokasi Anda. Tunggu SMS konfirmasi sblm pemakaian. Info zona dan detail tarif lihat di Tsel.me/internet
spam,"Ini, Rekeningnya. Bank BNI No.rek.0277285682 A/n.WAHYUDI ALAMSYAH sms klo sudah dikirim"
spam,"Sy RUDI di jambi, bgi tman2 yg sering kalah Togel saatnya kalahkan bandar hub mbah ROS 082325557768 di jamin tembus, sy sdh buktikan 4D 50jt."
spam,"Jangan sampai kehabisan, HARI INI di Baskin Robbins Value Scoop cuma 35.000 lho! Tunjukkan SMS ini. S&K Berlaku. Promo *606#"
ham,"Yaudah sekarang mah eta harddisk di laptop maneh keluarin terus dijadiin harddisk external aja.. cari temen yang punya case nya.. entar datanya copy-in, paling maneh ngerjain di luar dulu aja ga di laptop itu"
spam,"Ass.sy SUGIYONO yg tempo hari mngenai mobil TOYOTANYA,sy brminat,cocok,tlong hub sodara sy dlu,untuk negosiasi harganya. A/N;ABDULLAH HP;081389909777"
ham,Kalau 13.5 itu untuk ayam kremes dan cabai ijo teh...kalau untuk bakar dan rica rica kita kasih 15rb deh   ...sudah pakai box dan air gelas
ham,Nanti aku push aja ya kuota modem lg hbs
spam,"PT. INDOFOOD tbk Menyampaikan bahwa anda terpilih pemenang HADIAH ke(3) dari promo POPMIE dengan PIN:2aiu87e, Utk/ info klik www.promoundian-popmie.jimdo.com"
spam,pelanggan yth. SIMCARD Anda sbg pemenang Mendapatkan HADIAH Mobil Toyota ALL NEW YARIS PIN:8jf2177 dari GEBYAR UNDIAN 3 CARE Untuk Info lenkap klik: www.infoundian-3care.blogspot.com
spam,3 RAMADHAN Selamat Anda Pemenang Rp.100jt. PIN CODE 7Y7R8K9Z Info: www.hadiah-3ramadhan.blogspot.com   
spam,"Mau download file besar tanpa putus? Bisa! Tinggal 3 hari, Gatis Mifi/modem 4G spesial untukmu Bawa sms ini ke Galeri SF & isi pulsa 100rb disana s/d 13 Jan DL 408"
spam,Paket Anda sudah di non-aktifkan atas permintaan Anda. Penggunaan Internet anda akan di kenakan Tariff Dasar Internet sesuai skema tariff kartu Anda. Hubungi *363# untuk aktifkan Paket Internet lainnya. Info lebih lanjut www.telkomsel.com
spam,"Pelanggan Yth. kami dri kantor TRI jakarta sdh menghubungi No anda tpi tdk tersambung, Informasi ini kami sampaikan lewat sms, No Anda trpilih memenangkan HADIAH Cek Rp.35juta.dri Undian isi ulanag TRI-2016,PIN undian anda.(2547afr) U/Info;089653382227 KLIK; www.care27.blogspot.com"
spam,"BANTING HARGA !! Internetan dgn Kuota 1,5GB HANYA 10rb Rupiah, paket Berlaku sebulan. Mau?? Ketik YA ke 919 s/d 16 Desember 2015"
spam,dapatkan total hadiah ratusan juta rupiah di Kota 1000 Berkah. Caranya? Klik www.murahituim3.com/kota1000berkah Program s.d 9 Agustus 2013
ham,Kita kmpul yu sblum puasa :-) waktunya 
ham,Keknya pernah liat undangannya di prodi
ham,Itu namanya ap nur? Tokopedi bukalapak lumayan laa complete walopun kw sejenis
spam,Pelanggan Yth. SIMCARD Anda sbg Pemenang Mendptkan HADIAH Mobil Toyota ALL NEW YARIS PIN:8JF2177 dari Program Pesta Akhir Tahun 3 Care Untuk Info Lenkap Klik: www.infohadiah3care2015.blogspot.co.id
ham,"Selain itu saya punya ide untuk menggabungkan beberapa device HP sebagai sumber sensor, misal untuk deteksi longsor atau gempa ini terkait trend sekarang: iOT (internet of thing), silahkan bagi yg tertarik :)"
ham,nama1 .. Saya masih di perjalanan.. Besok aja habis jumatan ketemu di kanto.. Web service nya juga sudah bisa di akses
ham,Besok kekantor saya tunggu jam 9 ya..
spam,"Dijual ticket SUPER JUNIOR TGL 28/29 APRIL dan LADY GAGA TGL 03 JUNI harga Gold=2,25jt tribun3=1,25jt info hub;0853-9937-1888 lady-ticket.webs.com"
ham,Kalau pertable emg lbh rapih laporan sih mad cuman bingung kalau pertable kdgkan ada yg dipake didr bbrp table gmn tuh mad?
ham,"Pas dia ngomong gtu km langsung diem ya nuy, kikuk gtu pasti diomongin kek gtu"
spam,SIM Card anda M-dptkan HADIAH 1 YUNIT MOBIL TOYOTA YARIS No.pin pemenang Anda [8JF2177] U/INFO www.hadiahtricare.blogspot.com
ham,"beu atuh sekarang, sambil nunggu yg pulang ppl"
ham,Januari pokoknya mau sama sapapun kemanapun harus liburan fix aamiin
spam,selamat!anda mndptkan hadiah Cektunai Rp. 15jt dari INDOSAT pin_277fg49 U/info pengambilan hadiah.kunjungi website indosat www.gebyar-poinindosat.blogspot.com
spam,Sensasi seru main game yang belum pernah ada. Ayo bergabung dengan para heroes di Game HIT. Download Gratis di http://bit.ly/2c6jsXN
spam,"HOT PROMO: Internetan kuota 1,2GB/30hr HANYA Rp 15ribu aja! Beli di *363*822#. Promo s.d 30Juni16. S&K"
spam,"Kemudahan dan Keamanan bisnis TOGEL kini Berbentuk online, Bergabung dan raih keberuntungan anda di www.brotogel6.com Satu-satunya situs togel online terpercaya"
spam,"Ya Allah, semoga yg mempunyai hp ini & keluarganya selalu dalam Kasih Sayang Mu, diberkahi rejekinya & dijauhkan dari mara bahaya"", jawab Amin jika Anda berkenan"
ham,Sep aku udh pull tp kenapa direpository git ga msk ke aku ya
ham,Dimulai dari angka 0
ham,"yahh masih lama ya, urgent ini wkwk"
ham,Pada ga aktif si tombol algoritma2 nya teh ga ngerti
ham,"Bisa kurang dari 15rb ga Pak, sebelumnya kita pernah acara sama bebek komar sekitar iti 13.5rb awal tahun 2015"
ham,"bebas nama1, terus nanti kalau ada tgl libur, pajuin aja misal jadi kamis atau sabtu."
spam,"PROMO LEBARAN.Paket Service Motor+Olie HANYA 35rb(harga biasa Rp42rb)ada di Genuine Oil+GOP SHOP,Info 088980007432berlaku 15jui-15aug2013.www.genuineoil.co.id"
spam,"NASIB:Berbagi, berbakti Rutinkan 2 hal ini Maka ringanlah beban2 hidup. dpt wallppr di http://m.m4in.biz/r?74WhuM STOP: *123*66# / ketik UNREG NASIB ke 92828 CS: 087789917018"
spam,Awal bulan saat nya anda eksis lebih lama! Internetan pake volume ultima 900MB/30hr. Hrga mulai Rp 35rb di *100*471#. Tarif&lokasi cek di tsel.me/FL
ham,"aku push yang updatenya, itu udah di template sama adminLTE."
spam,Nasabah BRI Yth. Norek anda terpilih sebagai pemenang UNDIAN BRI-2016 KODE PIN anda (ijh76k79) U\info HADIAH anda klik: www.undian2016bri.blogspot.co.id
ham,Hari kamis saya baru masuk
ham,Assalamualaikum Pak. Ini dg nama1 ilkom 2012. Maaf Pak td saya ninggalin proposal di meja Bapak di atas printer. Terima kasih Pak.
ham,nama1  Cara bikin makalah yang daftar isinya langsung jadi gmana?
ham,"Ngajak wida tuh, kan beliau habis seminar. Hihip"
spam,Pelanggan Yth..M-KIOS CELL Menawarkan pendaftaran Cip M-kios & Token PLN harga pulsa :V5: Rp.4300 V10: 8300 Utk bergabung Ketik INFO kirim ke 089652018503
spam,"HARI INI Freedom Combo XL Rp89rb (normal Rp149rb). DOUBLE kuota 5GB+5GB(4G)+ PROMO 10GB(4G), UNLIMITED nelp & SMS ke Indosat Ooredoo. Ketik FREEDOM XL ke 363"
ham,Mohon maaf lahir dan batin ipa3😚😚
spam,Selamat Anda telah mendapatkan BONUS pulsa Rp 100.000 ke sesama Indosat Ooredoo berlaku 3 hari dan Poin senyum Anda bertambah. Cek bonus *557*8#
spam,"Tolong belikan dulu mama pulsa 25rb di no AS baru mama 085245318024 soalnya teman mama kecelakaan, skrg kluarganya hrus dihubungi, nti mama ganti uangnya,penting"
spam,INDOSATpoin Plus-plus 2013 SELAMAT SimCard +6281571xxxx Resmi Terpilih M-dpt HADIAH Pin-b89c7h9-di Sahkan Oleh PT.INDOSAT info klik www.infoindosatpoin.webs.com
spam,Dapatkan e-Tiket Murah & Promo Untuk Penerbangan Domestic & International BOOKING ONLINE Info Hub: 085216181177 www.surya-travel.jimdo.com
ham,Besok mau ke kampus lagi ga?
ham,Kalau ini gagal. Urg pindah haluan ke sana deh
ham,ok nanti saya lihat dengan kehadiran. Siapa lagi yg nyaris2 nilainya?
spam,Ini Rekeningnya BANK MANDIRI. NO.Rek:150-00-1002402-2.A/n: MURTIANI
ham,Pak kalau seporsi berapa ya ?
spam,"BLACKBERRY ONLINE BIG SAL 50% BB Z10 Rp. 4 jt DAKOTA Rp.2,8 jt Samsung note II Rp. 3 jt Iphone 5 16GB Rp. 3jt Laptop,camera&DLL Minat, Invite to BBM PIN : 25A4FF8C"
ham,ouhhh gitu yaudah ntar besok aku chat lagi kalo aku mo ngampus
ham,"Ada yg nikah muda, ada yg gagal nikah, ada yg pacaran lama eh putus tapi alesannya karna terlalu sayang jd gak mau nyakitin (pret), ada yg jagain jodoh org, ada yg ah banyak lah wkwk"
ham,22nya mad. Aku bingung bkn laporannya 😂
ham,Tunggu aja dulu di lobi bawah kalo saya belum datang ya...
spam,PESAN RESMI DR TRI-CARE INDONESIA 2016 selamat No.anda mendptkn hadiah dgn No.PIN pemenang;47BL759 U/imfo silahkan kunjungi; www.bima3care2016.jimdo.com
spam,Kirim ke Bank BCA No. Rek : 2731.7942.96 A/n : ANDRIANTO DJUNAEDI usahakan hari ini trms
spam,"GT-SHOP Disc.41% BB Z10 3jt BB Torch 2jt BB Davis 1jt Minat? Galaxy S4 3,5jt Cp.08994352577 Pin.25A1785B Gili-SMS versi Demo. Http://www/yusiwa.com"
spam,"Tolong uangnya dikirim aja kesini BANK DANAMON a/n Farida hanum No rek. 0035-3918- 4014 SMS aja klo udah dikirim, Trims"
ham,"nama1, note nama1 yang Dinamic ada di emil. Kembaliin ke nama1 atau gmana?"
spam,"toko bursa cuci gudang diskon 60% BB DAKOTA ; 2,3 JT, TOCH ; 1,6 JT, GEMINI ; 1 JT, LAPTOP INFO : 085322222369 PIN BB : 2A6FB800E www.shopinbursabb.blogspot.com"
spam,"Selamat!! Anda Men’dpt hadiah Rp.75juta. Dari TELKOMSELpoin ""Periode maret"" PIN anda(33c7) Hub kntr pusat: 082113720777 Ir.Wardoyo)."
spam,Uangnya dikirim saja ke Rek. BANK BNI A/n. : Sdr ABDUL RAHMAN No. Rek. : 024-8721- 191 SMS saja kalau sudah dikirim. terima kasih
ham,Guys numpang promosi bisi ada yg butuh..  Dijual MacBook Air Layar 11inch Ram 4gb Ssd 128gb Garansi sisa 5 bulan Dijual karena jarang di pake..  Harga PM 
ham,Paspor di perpanjang bayar nya brp nuy?
ham,nama1  kalau kelompok sistem pembelajaran bhs jepang itu siapa ajaa?
spam,Surat Keputusan dr Tri Care No.XV/2015 PIN Pemenang Anda=M902CX8J Mendapat Cek Rp. 35juta. U/Info klik www.info-3careindonesia.tk
spam,"TOP100 CELLULER Discound 25% BB DACOTA RP. 3,9 jt, BB ONYX3 Rp 3 jt, BB GEMINI Rp  1 jt, Laptop\KAMERA, iphone ; dll, info kunjungi www.top100-celluler.com pin ; BB, 2A95596A"
spam,"Ketik FLASH<spasi>INFO kirim ke 33636 utk status paket kamu. Loopers! Dptkan info tren anak muda, challenge & pembelian paket di loop.co.id & follow@loop_id"
spam,Terus Isi saldo TCASHmu dan nikmati aneka promo di merchants partner TCASH! Cek promo terbaru TCASH di tsel.me/tappromo
spam,Selamat Anda mendapatkan voucher Zalora Rp100rb. Masukkan kode voucher TSU59 saat transaksi di www.zalora.co.id/simPATI. Mau voucher lain? Hub *999*1#
ham,"Alhamdullilah sudah beres semua :)  Bagi yang mau keluar dari group dipersilahkan, tapi silahkan juga kalau ada yg mau memanfaatkan group ini untuk diskusi dengan topik terkait untuk skripsi/gemastik/kerjaan."
ham,Besok yuk dua jam bih dari jam 4-6
ham,biasana sih pak nama1 sampe jam 12 kan di kampus?
ham,"Kalo pacaran jg harus cowonya yg lebih sayang guys, biar ga ngebatin"
ham,"saya keluar kota sd jumat, senin tgl 12 pagi aja (jam 9), gabung sama gameprog."
spam,PT M-TRONIK Telah hubungi anda namun tdk tersambung no anda resmi meraih hadiah ke-2 pin 25e477r cek hadiah anda di www.hadiahmtronik-2016.tk
spam,Mau Nissan Juke?Ayo beli POPMIE skrg dan kirim kodenya di *200*200*Kodeuniq# siapa tahu kamu pemenangnya.Hati2 penipuan CS:02171790989 klik http://goo.gl/dm7PK
spam,"Beli 1 Gratis 1 untuk Lychee Tea atau Latte Flavour dari Yellow Truck Jl.Patuha No.29. Tukarkan SMS ini. Hanya berlaku untuk hari ini, S&K Berlaku.Promo *606#"
ham,Besok saya ada rapat dinas.. Selasa aja ya...
ham,Ada semua di panduan pla..dishare di grup ini dan fb
ham,tes toefl di balai bisa weekend ga?
spam,"Butuh Piknik?Ada nih liburan GRATIS ke Hongkong!Cara:Pake pulsa AXIS di HP Androidmu buat transaksi sebanyak2nya items Pokemon Go,BIGO,COC, dll!Info838 LD328"
spam,SELAMAT anda pemenang undian POP-MIE mendapatkan hadiah 1unit MOBIL NISSAN JUKE pin anda;b89c7h9 untuk info KLIK SITUS KAMI DI; www.info-undian-pop-mie.webs.com
ham,"Terus kalau ada yang nanya, kita masuknya suka pagi sampai siang kadang juga siang sampai sore. Gimana dari sananha."
ham,Saat2 terbaik mencari pasangan tuh pas kuliah bukan sih?  Apa enak ditempat kerja? 
ham,Karena saya lagi si surabaya sampai besok.. Hati kamis ke kantor gimana ?
spam,Selamat! Anda sudah mengaktifkan INSTINK utk dpt info menarik dari Telkomsel. Info berhenti program:*600*600#. CS:133/188
spam,YTH kpd bpk/ibu sy Eka Novitasari kariyawan 3care sudah M-hub anda tdk tersambung dgn hormat hal ini kami sampaikan melalui sms singkat dr layanan kami bahwa selamat no anda M-dptkan hadiah 1 unit mobil Toyota Avanza dgn PIN:47V27 dr undian rejeki 3care periode utama 2014.u/info lebih lanjut kunjungi www.rejekiundian3care.jimdo.com
ham,"Assalamualaikum pak, mau nanya seputar mobcom sp, apakah harus ikut perkuliahan dari sekarang apa bisa ikut pas sp nanti aja pak? Trims "
ham,"Kalem, saya diantapani lagi ujian sama intan. Hher"
ham," Maaf jika ada janji yang belum terpenuhi, jika ada janji boleh mengingatkan saya. "
spam,"Selamat Paket Flash 10 MB (1 hari) Rp.2500 telah diaktifkan, berlaku s/d tgl 07/08/2016 pk. 23:59 WIB. Paket langsung diperpanjang pada akhir masa aktif paket dengan tarif sesuai lokasi Anda. Cek status/berhenti berlangganan melalui *363#. Info detail tarif lihat di Tsel.me/internet"
ham,Biar rapih aj mad. Ini controllernya msh digabung2 aku bikinnya perfungsi soalnya
ham,kita lewat kolam renang? di gymnas atau gik
spam,"Dapatkan GRATIS 1 cappuccino (hot/ice) & Freza, setiap transaksi min Rp75Rb di EXCELSO Cafe Semarang, Yogya, Solo sd 9 Agust 13. Tunjukkan SMS kpd petugas"
ham,[Info] bagi teman2 yg mengumpulkan data asisten lab/matakuliah bukti berupa surat keterangannya sudah bisa diambil ke pak andri 
ham,"aku delete aja ya, ntar nama1 pull dulu atau sync dulu, ntar masukin yang nama1 , baru push."
ham,Setting telah dikirimkan ke ponsel Anda. Ikuti petunjuk yang diberikan untuk menyelesaikan setting internet dan kirim fot/MMS
spam,PESAN RESMI dari M-KIOS PESTA ISI ULANG KRT anda terpilih men-dptkan HADIAH ke-4 cek 100jt PIN:M7H7R47 hub:custumer klik: www.snmkios-ed16.blogspot.com
ham,"nama1, minta controller dan view nya aja."
spam,Selamat Anda mendapatkan voucher Lazada Rp100rb. Masukkan kode voucher TSt88 saat transaksi di www.lazada.co.id/simPATI. Mau voucher lain? Hub *999*1#
spam,"Toko bagus phone promo diskon 50% blackberry:Dakota Rp.2,8jt torchRp 2jt Gemini 900rb info/sms/pin 282F4C55 085776973349 WWW.TOKOBAGUSPHONE.COM"
ham,Masih boleh ikutan gaaaa wkwkwkwk
spam,"Selamat anda telah terdaftar member M-PULSA dengan kode agen D303-111 Pin anda 1234 Saldo anda Rp,0.- untuk menambah saldo Ketik INFO Kirim ke +6287820008358"
ham,Kang nama1 tuh baru menang 2 Milyar hahaha.. Kemakom berprestasi
ham,"besok jam berapaa? harus jadi ih, udah 2 kali skip 😂"
ham,sekalian liburannya ke malaysia juga wkwk
ham,Udh teh kata bapa bsk kekantor cuman blm dbls lg jamber.. jd blm pasti jg
ham,"Udah di beres2in, tp lampu depannya ada yg mati kl gasalah"
spam,GRATIS 50 SMS ke sesame indosat selama 2 hari. Hanya dengna mengirimkan 50 SMS selama 10-16 Juni 2013. Bonus 1x diberikan maks 2x24jam. Info 100. US6
spam,PROMO BLACKBERRY BB Dakota 2jt BB Torch 1.5jt BB Davis 1.3jt BB Orlando 1.8jt BB Gemini 950rb Berminat Hub : 085715186696 Promo terbatas
ham,Iya kan file terkahir itu data_pasien. -_-
ham,"Saya blm dpt ttd nama1. Paling kalian duluan aja, saya nyusul sendiri nanti."
spam,Selamat! No Anda Terpilih M-dptkan kejutan HADIAH langsung Dari 3care kode Pemenang anda b89c7h9 Utk Info Lenkap kunjungi web kami www.hadiahT3care.blogspot.com
spam,"RAWIT harganya miring, Internetan makin sering! AYO isi ulang kartu AXIS kamu sekarang, pastikan besok ikut promo Rabu RAWIT. Info838. LD328"
spam,"Mau internetan kuota BESAR dan harga MURAH? Buruan cek di *345#, penawaran ini khusus nomor kamu & cuma berlaku sebelum 16 Juli 2016"
ham,Ada perasaan nyesel gt sedikit. Waktu kuliah. Asa ga merhatin. Ga ngerangkul semua. Aku pribadi hmm
spam,Bpk/Ibu Mengenai Rekening Anda Terpilih Sebagai Pemenang  Cek 35jt Dri BNI U/Info klik www.promobni46.tk Kode Cek 03299757 Hub.085288991559
spam,"ini nomor baru papa, tolong kirimin pulsa 50.000 ke nomor baru papa 085687329010. Papa lagi di kantor polisi, ada masalah. Jangan telepon Papa."
ham,"Cobaan itu teh dy, kadang cewe mah overthink dan overreact"
ham,Sundae min sirup kiwi pake cochochips :*
ham,Mba mau kirim 300 ya
ham,kamu sibuk ngapain aja disana ?
spam,"SELAMAT, Anda memenangkan 1 UNIT MOBIL FREED dr TELKOMSEL, Edisi THN 2013 di undi tdi mlm pkl 23:30 di RCTI U/info Hub : 082329676767 H. MULYADI Pengirim : +777"
ham,Nanti aku siaraan diil
ham,Scroll up down olshop nama1
ham,"saya beri opsi untuk nabung nilai, jadi kontraknya semester depan dan nilai dimasukkan ke semester tsb."
ham,"habis ini, pake groupwhere. biar ga berceceran filenya."
spam,Nikmati EKSTRA PULSA 50% dgn isi ulang min. 100rb HANYA di aplikasi MyTelkomsel menggunakan Kartu Kredit VISA! Download di http://tsel.me/1 Promo s/d 11 Agst 16
spam,"PESAN RESMI dri TRI 3Care, Slmt Anda mdpt Hadiah 1 Unit Mobil HONDA JAZZ RS. No.PIN Pemenang Anda: 47BL759. Utk Info Kunjungi: www.layanantricare-2016.jimdo.com "
spam,"Yuk tetap gunakan Flash Volume Ultima utk update informasi Anda, kuota 60MB/7hr mulai Rp7rb di *100*431#. Tarif&lokasi cek di tsel.me/FL"
spam,TOKO RAHMAT ABADI BIG SALE 50% Blackberry/Iphone Ipad/Samsung Laptop/DLL Info Hub Sms: 085774280447 PIN: 26AB6BEE Atau Cek di: www.abadi-shop47.blogspot.com
spam,MURAH! Hanya Rp25rb dptkan 2GB paket internetan utk 30hr. Kini internetan jadi semakin seru! Aktifkan segera di *550*904# promo s/d 29Feb16
ham,Salam jepret karet gelang. Hihip
ham,Oh pantesan tau gitu lgsg foto dipusatnya aja put
ham,"Rumah aku Gais, lewat pager garasi, karna pager orangnya ditutupi rumput liar hehehehe"
ham,AndiPublisher.com#PO0216020925#96000#02-02-2016#BNI#Bank Mandiri
ham,Kalau agus atau sept blm bisa menjamin ada kalau sekarang ada yang kosong
ham,Boleh minta alamat nya kalo dari gang softball kmna gtu
spam,BONUS PULSA Rp 100 rb..!! Spesial untuk kamu pelanggan setia Indosat Ooredo.Hanya dengan isi ulang Rp150rb skrg juga! Penawaran berlaku s.d 13 Jan 2016 (bonus hanya 1x)
spam,"Selamat!! anda Mendpt hadiah Rp. 75 juta. Dari TELKOMSEL point ""Edisi september"" Hub kntr pusat"
spam,"[PROMO] Beli paket Flash mulai 1GB di MY TELKOMSEL APP dpt EXTRA kuota 2GB 4G LTE dan EXTRA nelpon hingga 100mnt/1hr. Buruan, cek  di tsel.me/mytsel1 S&K"
spam,Anda sedang menikmati Paket Reguler dgn sisa kuota 209715 KB.Dapatkan beragam Paket INTERNET HEMAT Tri di *123*3#
ham,Gara gara batman. Pdhl udh diulang
ham,Tp baru tau teori doang sih...... Da blm ngerasain yg rumit2
spam,"SLMT!-No Anda M-dpt 1-unit Mobil all New AVANZA,Dari TELKOMSELpoin PIN_pmenan anda b89c7h9)U/info Lengkap kunjungi: www.telkomselpoin-777.pusku.com"
spam,"SMLT_Anda m-ndpt Hadiah TOYOTA ALL New AVANZA, dr TELKOMSELpoin, Pin pemenang anda b89c7h9. U/INFO Lebih lengkap kunjungi: http;//gebyartelkomsel.juplo.com"
ham,"Aku merasa geleh sendiiri ini lipstik aku merah sekali wkkw, mana dapet dikasih ini jg"
ham,nama1 dah selesei blm machine learningnya ?
ham,"Jd misal nih ada murid sama guru, si guru ngasih ujian, nanti hasil jawaban ujian murid dibandingin sama jawaban dari guru (jawaban yg bener) trs outputnya berupa skor hasil ujian itu"
spam,GRATIS internetan 5MB berlaku utk 7 hari hanya dg isi ulang AXISmu hari ini Rp5.000. Ayo isi ulang sekarang juga & nikmati bonusnya. Info838
spam,"Hayu dateng, mumpung ada ustad Fatih karim,beliau yg mengislamkan ustad Felix siaw"
ham,"Selamat sore teh, ini dg nama1 lg nyari kosan perbulan. Apakah ada yg kosong teh disana? Terima kasih."
ham,"semua udah masuk kok, cuma database sindo memang nggak real time."
ham,Waalaikumsalam. Jumat ya pukul 9.
spam,"Terkini, ungkapin apa yang ada dipikiranmu lewat sticker line, beli pake pulsa TSel https://store.line.me/ download di stickershop"
ham,"Ada yg tdk bisa jam tertentu? Kemungkinan pagi jam 8, tapi nanti diumumkan."
ham,"Saya sedang nunggu beliau pak,beliau sdg ngobrol dgn client "
spam,Dapatkan Disc.30% utk Dominos PAN PIZZA!Roti yg lebih tebal dgn keju terasa sampai pinggir!Mulai Rp45500.Kunjungi toko terdekat/telf 1500366/Klik panpizza.co.id
ham,"Selamatkan diri kalian guys, karna ""nikah bareng"" hanyalah kebaperan sesaat #NaonAriDyah"
spam,"Ribet bolak balik cek pulsa&cek sisa kuota internetmu? Download aja aplikasi myCare, hanya 1x klik semua jadi mudah. akses di https://mycare.indosatooredoo.com"
spam,"PROMO BLACKBERRY BB DAKOTA 2,9jt BB Torch 2jt BB Davis 1,5jt BB Onyx 1,4jt BB Gemini 950rb Berminat hub : 085715186696 Promo terbatas*"
spam,PESAN RESMI DR TRI CARE INDONESIA 2016 Selamat No.anda mendpatkn hadiah dgn No.PIN:47BL759 U/info silahkan kunjungi: www.gebyar3care-2016.jimdo.com
spam,Maaf kami sudah menghubungi tapi tidak tersambung No Anda meraih hadiah ke-2 dr. PT.MKIOS pin Anda M248K81 cek pin Anda di. www.pusat-m-kios7.blogspot.com
spam,"Tolong uangnya ditransfer saja ke Bank xxx A/n. xxx 0231327XXX, kalau sudah ditransfer SMS saja, terima kasih"
spam,"Paket Internet spesial buat kamu. Internetan selama seminggu dgn kuota 1,5GB Cuma Rp10rb! Ayo segera Ketik KEBUT kirim ke 919 sd 29 Juli 2015. Jgn lupa ya"
ham,"Itu teh sebenernya krna terlalu sakit sma orang itu nuy, padahal kalo udah nemu orang baru mah pasti rasanya beda"
ham,Aku di pt. DI
spam,Hari ini! BRONET 24Jam 3GB 60hr Rp31900 dan BRONETSpecial 6GB 60hr (3GB 24Jam+3GB 00-06) Rp34900 di *123*888# SEGERA aktifkan paketnya sekarang!! Info838 LD300
ham,Biasanya dia bukannya ke subang ya kalo weekend
spam,GEBYAR telkomselpoin 2013 no anda trpilih pemenang ke-4 pin 277fg49 silahkan verifikasi pin anda disitus resmi www.t-selpoinhadiah.jimdo.com
ham,Terimakasih. Paket 60 mb Anda telah aktif. Cek bonus *889#. Katalog Poin lengkap tsel.me/telkomselpoin. S&K berlaku
spam,PESAN RESMI PT.3Care Indonesia Berkat isi Ulang No. Anda M-dptkan hadiah ke-3 Dengan kode PIN Anda (B8337H9) U/info hadiah klik; www.hadiah-pt3care34.blogspot.com
spam,"solusi khusus pemegang kartu kredit, nikmati kredit tanpa angunan dari bank asing 5 - 99 jt = 1,79 % 100 - 150 jt = 1,5% hub: lukman 081586769255 021 - 94828857"
spam,Smartfren Gratis Mi-Fi/modem 4G Tahun baru saatnya ganti gadget baru Bawa pulang Mi-Fi 4Gm-mu dg tunjukan sms ini ke Galeri SF & isi pulsa 100rb disana s/d 13Jan Info:888
ham,Bu maaf saya lupa sekarang hari jumat ya...kalau jumat kita buka jam 1 bu...mau solat jumat dulu...maaf di dari upi ya
ham,Perusahaannya apa aja kalau boleh tau?
spam,Surat keputusan dari tri care indonesia no.XV\2016 pin pemenang anda 67YTG44 terpilih mendapatkan cek sebesar 45jt info kunjungi www.my-tri8.webnode.com
spam,Selamat Paket Anda telah aktif. Cek kuota di *889#
spam,"Nikmati kemudahan pembayaran iuran BPJS dgn TCASH. Cukup hubungi *800#, pilih menu pembayaran ATAU gunakan app T-Wallet di smartphone Android dan iPhone."
ham,nama1 mau hunting kosan bentar gmn? Kita mau ngerjain dmn kita?
spam,RESMI TRI CARE Pin pemenang Anda_8JF2177 Medptkan 1/Unit TOYOTA YARIS U/Info Lanjut klik: www.gebyar3care.jimdo.com CS:021-80001234/089643122237
ham,krn pulsa/limit tidak mencukupi. Dptkan informasi seputar kartu Tri di *123# atau via aplikasi BIMATRI
ham,Aku mau nyari data yang dibutuhin dari tabel mana aja.
spam,Selamat No.SIM Card Anda M-dptkan HADIAH {1} UNIT MOBIL TOYOTA YARIS PIN:8JF2177 U/INFO Hub: 0895343233477 klik www.info-hadiahtricare.blogspot.co.id awas penipuan
ham,Bole duaduanya pen hardcover dulu. Tp kalau perusahaan udh minta boleh ttd dulu
ham,Belum de.. Saya kagi nyoba ngejar..
spam,"Terima kasih telah menjadi Sahabat IndosatOoredoo. Download Video + BONUS GRATIS Nelpon 60 Menit, hubungi *900*8#"
spam,Selamat !!! Anda mndptkan cek tunai Rp.27jt dr PT.Bank Rakyat Indonesia pin anda:ijh76k79 u/info klik www.bri-untungbeliung.blogspot.com atau hub:021-3677-1839
spam,GRATIS Whatsapp seharian! Cukup beli Internet Harian 100MB seharga Rp1500. Balas SMS ini dgn ketik JR utk membeli. N091
ham,Pilihannya hemat 2 jt atau lulus oct kan nanggung
ham,"Pesanan #342877938 - mohon transfer Rp.59,755 ke BNI Account ####  sebelum 24 Jun, 2016. Mohon periksa email anda untuk info lebih lanjut."
spam,Beli 6 Gratis 6 Donut dari DUNKIN DONUTS BORMA SETIABUDHI. Tukarkan SMS ini segera. Hanya berlaku untuk hari ini. Selama persediaan masih ada. Promo *606#
spam,Segera aktivasi rekening BTPN Wow! anda. Ketik *247# tekan Yes / Call lalu buat PIN rahasia Anda. Info lengkap hub. 1500300
ham,"Pak, MK yang nama1 kontrak Data Mining dgn kode IK566 bukan dwm, seperti yg bapak sampaikan dulu agar mengingatkan bapak ketika penginputan nilai, terimakasih."
spam,"SLMT!! No Anda men-dpt hadiah dr:pengundian PT.TELKOMSEL No pin b89c7... Untuk melihat Hadiah Anda, silakan klik : www.telkomselpoin2222.webs.com"
spam,Yuks internetan seru-seruan dg Flash Volume Ultima kuota 1.8GB/30hr mulai dari Rp60rb sesuai zona lokasi. Hub *363*145#. Info tarif & lokasi lihat di tsel.me/FL
ham,Semoga Allah bersama kita Semua.
spam,"PROMO CUCI GUDANG Blackberry, samsung, apple, dan laptop beli 2 dpt 3 info call : 082193609797, pin bb ; 27514362 FB ; caturgadget@ymail.com"
spam,"Plg yth,Mohon memberikan nilai kepuasan pengalaman layanan Telkomsel ketik 1 utk bhs Indonesia & Type 2 for English send to 1166(FREE) (for int'l charged)"
spam,"Pelanggan yth,saya REZKY operator TRI, telah menghubungi anda tapi tidak tersambung jadi informasi ini saya sampaikan lewat SMS sebelum hadiahnya jatuh tempo, selamat no Tri anda menang undian dr pesta akhir tahun TRI Pin pemenang (2547afr) Info klik; www.bonus-tri75.blogspot.com"
ham,Kalo engga belakang aqila ada 600/bulan gatau masih apa engga deh
spam,Nikmati nelpon dan SMS UNLIMITED ke sesama Indosat Ooredoo internetan sepuasnya 3 hari dengan paket Ramadhan Unlimited. ketik *123*88#
ham,Hmm sebenernya itu cuman eksekusi jquery di control sep. Coba cek jquery yg dicotroller waktu klik button. Kan ke controller yg buat nyetak pdf
ham,Teh jadi mau ketemuan 
spam,Pembelian Dave's Single Burger Gratis Small Fries & Minum. Periode 5-11 September 2016. Tukarkan SMS ini di Wendy's terdekat! Penawaran terbatas.Promo *606#
spam,Pelanggan YTH. SIMCARD Anda sbg Pemenang Mendptkan HADIAH Mobil Toyota ALL NEW YARIS PIN:8JF2177 dari GEBYAR UNDIAN 3 CARE Untuk Info Lenkap Klik: www.infogebyarhadiah3care.blogspot.co.id
ham,Kalo mau masak bawa bahannya dr rumah masing2 biar irit wkwk
ham,Waalaikumsalamin apa yg dpt saya bantu min?
spam,"Kesempatan LANGKA! Cuma buat kamu saja loh, Dapatkan 1 GB Cuma dengan RP 5000. Balas SMS ini dengan ketik Y10 s.d 15 November. Bonus berlaku 3 hari/ TL050D"
ham,Makasih gais doakan kami yg masih berjuang ya 💪
ham,Maaf bu kalau pesanannya bebek atau ayam ya
spam,"PESAN RESMI Tri No. XV/15 PIN PEMENANG ANDA 67YTG44 TERPILIH SEBAGAI PEMENANG KE II HADIAH CEK TUNAI 45 JT INFO LENGKAP .TRI KLIK WWW.3-INFO.WEBNODE.COM DARI NOMER. 089655264130 TERUS ADA SMS .MAAF,SAYA MAU TELEPON BISA DARI NO 085104894998"
ham,2016/08/21 12:27:17 Anda telah terdaftar sebagai pelanggan TCASH full service. Tingkatkan saldo Anda dg isi saldo TCASH di merchant berlogo TCASH terdekat.
ham,Besok dwm jadi ya praktikum weka. Bawa laptop.
ham,Aku depan pasca skrng
ham,tapi kuliahnya sekarang. SP sebenarnya tidak boleh untuk kuliah yg ada praktikum.
spam,Hi Trims kmu udh gabung layanan Bung Gita Bicara Bola!Dpt info menarik n Prediksi Akurat dr Bung Gita! 3info/mg 2rb/sms.Stop: unreg Gita ke 3450.CS:0215649770
spam,PT.MTRONIK Berkah isi ulang pulsa m.tronik no. anda m-dptkan hadiah ke-2 dengan pin pemenang(25e477r) u/info klik; www.undianmtronik75.blogspot.com
spam,"Kejutan POIN, hadian Rp 15 jt resmi diberikan untuk pemilik nomor 0812330xxxx. PIN-x7af2547. Untuk Info Kantor Pusat TELKOMSEL 021-23867047, 021-23867048."
ham,"Pemakaian internet kamu sdh mencapai batasFUP,kecepatan akan disesuaikan.Lebih EKSIS dgnINTERNETGaul Bulanan Cuma Rp29,900! http://net.axisworld.co.id info838"
spam,"PENAWARAN KHUSUS! BONUS KUOTA 500MB (1hr)! Cukup isi ulang min. 5,000 hari ini! Ayo buruan isi pulsa sekarang juga. T536"
spam,"Uangnya dikirim aja ke Rekening ini, BankBNI a/n SAFITRI  No.Rekening 0282566132"
ham,Iya ih maksimalkan waktu sebulan ini wkwkwk pdhl aku aja yg mo pindah :(
spam,Masih ingat dengan Warkop DKI ? Dapatkan NSP nya GRATIS dengan akses ke *600# dan dapatkan promo gratis lainnya sesuai dengan hobimu!
spam,"Plg yth, selamat nomor 3Care anda terpilih mendptkan Hadiah Cek tunai Rp.45jt dr program Undian 3care PIN:7711CA88 Info klik: www.tricare2016.jimdo.com"
ham,Food Teh maksudnya bukan beras kan kang? 
spam,"PROMO: Beli paket Flash mulai 3,5GB di My Telkomsel App dpt extra paket 1GB midnight (00-09). Buruan, promo terbatas! S&K"
ham,dikirim nya disatuin ?
spam,"Mainkan terus games mu sekarang, dan beli koinnya pakai pulsamu, cek caranya di http://tsel.me/jajanonline"
ham,Temen * yg lain bisa juga ya di undang ke grup ini
spam,"2016-08-07 11:29:47.Plg Yth, sisa kuota Flash Anda 7160KB. Download MyTelkomsel apps di http://tsel.me/tsel utk cek kuota&beli paket Flash atau hub *363#"
ham,"Jangan di agendain, suka ga jadi wkwkwk "
spam,Info resmi pt.tri care pin pemenang (8jf2177)  Simcard anda resmi mendapatkan hadiah 1 unit toyota yaris dari no 08968594××××
ham,"sama sama pak,ooh itu report sendiri ko pak yang bumiputera, saya ngedit yang nomer 16 nya pak, jadi saya post lagi 😁"
spam,"PAKET BRONET 24JAM 2GB 60hr Rp28800 akan segera aktif. Temukan penawaran menarik AXIS lainnya, telp *123#.Info838"
ham,"da gapapa public juga, asal jangan ada yang dimasukin."
ham,Makanya sebelum tibatiba layarnya hitam gt diapain? Jatoh?
ham,"Wooh ada yg mau nikah lagi, udah lulus langsung diiket"
spam,"Melayani fasilitas pinjaman dana tunai melalui jaminan BPKB mobil. Cover area seluruh daerah Indonesia..bunga 0,8 -1% flat /bulan, No BI Cheking, proses cepat,, data lngsng dijemput pihak survey kami(BFI finance) Hub Oktra Mariadi Sihaloho Cp : 082122483312"
spam,Beli paket Turbo mulai 50rb utk pembelian pertama di MyTelkomsel App sjk 25Aug - 25Sept dpt EXTRA PULSA TSEL Rp 50rb loh! Cek detail paket di tsel.me/mytsel1
spam,"GRATIS Internetan hg 1000 MB, Nelpon 1000 Menit & 1000 SMS ke Sesama Indosat dg IsiUlang mulai 10Rb.Utk daftar ketik GRATIS kirim ke 123 (GRATIS) lalu isi Ulang"
spam,Nikmati Discount 20% di Bakmi GM setiap hari hny dgn TCASH TAP! S&K berlaku. Info tsel.me/tappromo
spam,"BONUS KUOTA 500MB (1hr)! Cukup isi ulang min. 5,000 hari ini! Ayo buruan isi pulsa sekarang juga. T514"
ham,"nama1, ntar bilang aja ke kaka kamu, pas instal ulang gagal ngeformat C nya, ada error tpi semua data di C nya udah keformat. Pas mau nyoba instal windows nya, muncul error yg sama, error code 0x80070057. Kemungkinan ada yg rusak di harddisk nya."
ham,Kalo udah ad progres besok aja jam 2an kesini..
spam,"Transfer ke Bank xxx saja a/n xxx No rek 7390685xxx, kalau sudah ditransfer SMS ke no ini ya!"
ham,Mgkin periksa nama id di view jg sep
spam,"PESAN RESMI DARI TRI3CARE, SELAMAT ANDA MNDPT HADIAH 1UNT MOBIL HONDA JAZZ RS,NO.PIN PEMENANG ANDA : 47BL759 UNTUK INFO KUNJUNGI : http://gebyar-3care2016.jimdo.com"
ham,Hub kita lg kalo udah dkt wktnya.
spam,Hari Senin saatnya Nonton Hemat hanya 25ribu di Cinema XXI dgn TCASH TAP! Dptkan stiker TCASH TAP di graPARI terdekat. Info tsel.me/tappromo
ham,Kalo daftar doang tapi belum tentu jadi prasidang boleh ga?
spam,WASSALAMU ALAIKUM WR WB UANGNYA DIKIRIM SAJA KE NO REK INI BRI A/N NOVA ARYAxxx 0544 0100 8633 xxx KALAU SDH TRANSFER SMS AJA DI NO INI TRMH KASIH” No. HP Pengirim SMS: 0821-5104-2542
ham,Ada yg lain kok ikan tahu tempe
spam,Karena kamu pelanggan setia kamu bisa tukarkan hp smartfrenmu dg Andromax E 4G LTE hny 859rb(nrml 999rb). Segera ke Galeri Smartfren
ham,Ceritanya biasa aja. Tp tetep bikin nangis
spam,"Mau Cepat GIFT Paket/Extra Kuota Internet & ga mau ribet isi ulang Pulsa? Download aja aplikasi myCare, smuanya jadi mudah. Install di http://bit.ly/mycarepLy"
spam,Pesan resmi dari 3care Bahwa saya mendapatkan undian ketiga uang tunai 100juta.www.tri-indonesia2016.blogspot.com
spam,Dapatkan GRATIS Wendy's Crispy Chicken Sandwich dengan minimal pembelian Rp.100.000. Tukarkan SMS ini di Wendy's terdekat! Persediaan terbatas. Promo *606#
ham,Selamat nama1. Semoga selalu menempuh hidup yang bahagia dan selalu menyenangkan
spam,INFO RESMI !! Selamat Anda Terpilih sbgi Pemenang' semarak Undian PT.INDOFOOD INDONESIA No pin: d377hi8 Info Pin&hadiah Klik:www.semarak-undianpopmie.webs.com
spam,Paket 1.5GB berhasil diaktifkan. Restart hape kamu utk dpt menikmati kuota internetan selama 90hari. Cek sisa kuota di *557*8#
ham,Ada yg tau ruangan pak daya yg di fpmipa b?
ham,Ntar aku kirim link nya
spam,Promo diperpanjang! Gratis MIFI(modem) 4G hanya untukmu. Tunjukan SMS ini di Galeri Smartfren & isi pulsa 100rb utk bawa pulang MIFI favoritmu. s/d23Nov. DL40K
spam,"Selamat! Anda berhak membeli PAKET PAS untuk Nelpon, SMS, Internetan, Video, dan NSP. Pilih paketnya MULAI Rp500 di *100*999#, hanya berlaku HARI INI! Info: 188"
spam,Download dan rasakan serunya game-game premium pilihan hanya di *900#
spam,"RESMI dari indosat NO anda 0815XXXXXXX terpilih sebagai pemenang poin plus-plus PIN Pemenang Anda (b89c7h9) u/info klik www.semarak-poinplusplus-2013.webs.com"" (sms ini dikirim dari no 085798428715)"
ham,Min kalo ada inpo kosan perbulan share ya 😆
ham,Jam brp brpnya bsk kabarin kalau ngumpul sore ini bisa yaaaa 
ham,"Ada nama1 . Tpi gatau msh berfungsi atau engga, udh lama ga dipake sih"
ham,Terlepas dr pelaku2 nya. Ambil dr sisi guru nya. Menarik bgt.
ham,Ada internet min alamatnya dmn?
spam,Nasabah BRI yth. Anda dapat cek. 27.juta dari undian BRI Kode triplle cek anda (02599875) info hadiah klik www.bripusat2016.blogspot.com
spam,PESAN RESMI Selamat No. Simcard Anda M-dptkan hadiah Cek Rp.100juta dr TRI CARE Pin: 7Y7R8K9Z 089636298565 Info klik: www.bima3care78.blogspot.com
ham,Minggunya pengen ke lembang git seharian ngubek bandung :(
ham,"Ini hujan semalaman ruang tengah sama kamar kayanya gabisa di nyalain (:() harus nunggu kering baru bisa nyala, smg ujannya berenti 🙏"
spam,"Sy Dr. Hj FATIMA sdh cocok mengenai Rumah dan Tanah Bpk/Ibu, tlg jgn ditawarkan lg ke yg lain. Soal Hrg negosiasi ke suami sy di 082375833300 Dr. H. HENDRA IRAWAN"
ham,"Ibunya lagi bobok, aku mau nanya ttg daging, kalo ada daging mau di presto dulu juga"
ham,"Silahkan klo pd mau besok gpp, saya nyusul aja paling laporan ke bapaknya. Udh ngehubungin bapak jg."
ham,wisudaan kan hari jumat
spam,Rp29rb/bln utk 3 bln (hrg normal Rp59rb utk bln ke-4 dst) bisa NELPON & SMS SEPUASNYA ke IM3 plus kuota 1+1GB(4G)+10GB (4G).Mau? Ketik YA ke 919 sd 21 Juni 2016
ham,Kan ini karna bulan baru qaqa 😂 bisa ngomong gituch
ham,Yah saya dikostan temen dil. Hihi
spam,Transfernya ke BRI aja A/n ANGGA PRASTIA No Rek 1172-01-002218-502
ham,"bebas nama1, terus nanti kalau ada tgl libur, pajuin aja misal jadi kamis atau sabtu."
ham,Iya put alat masak makan mah aku usahain ada
ham,Kartu SIM Anda telah berhasil diganti. Terima kasih
spam,"Sayang belikn aq pulsa di nmr ini, 085215126428, nanti aq yg telp km, ini aq pake hp tmn, skrg yacc!"
spam,"Kirim ke MANDIRI aja, a/n ARYA. rek: 131-000-7252-937. klo sudah kabarin ya!"
spam,"MEGA PRIMA TAMA PROMO DISCON 20-50% Blackberry dacota rp. 2.700.000 onyx 2 rp. 1,8 iphon,ipad Laptop, Camera, DLL INFO www.megaprimatama.com PIN BB 2A9EA404"
spam,"Ayam (sayap/paha bawah), Nasi, Perkedel Rp. 19.545. GRATIS Teh Pucuk. Tukar SMS ini di CFC HASAN SADIKIN hari ini. Selama Persediaan msh ada. Promo *606#"
ham,Aku teh cuma bawa celana jeans yg tua tp jilbabnya yg muda -_-
ham,Boleh yang di depan ramen aa gpp jam 12.39 ya
spam,"GRATIS nelpon kemana saja, ke semua operator! Cukup beli Internet Harian 100MB seharga Rp1500. Balas SMS ini dgn ketik JS utk membeli. N092"
ham,Tapi daging kurban mentahnya udah ga ada :3
ham,"ooh iya klo controler, ku kira td modelnya."
spam,"Dapatkan Bonus SMS Kamu. Hanya dg kirim SMS, Kamu akan dapat Bonus Ratusan SMS ke semua operator. Pakai terus Indosat Ooredoo & raih kebebasan berkomunikasi"
ham,"Perginya naik kelapa turun di pasar bunga wastukencana, terus naik caringin-sadang serang atau jalan"
ham,Mungkin aa nya tau kl wajah nama1 bakal beda sendiri pas gaya ini (up)
spam,"GRATIS 10GB! Bagi yg blm mengganti kartu SIM menjadi SIM 4G, tukarkan skrg di gerai IndosatOoredoo terdekat dan nikmati GRATIS 10GB di jaringan 4G."
spam,"Ada iRing dgn tarif Rp. 0,1/7hr (perpanjangan Rp. 3190/7hr) dari hits Armada - Pencuri Hati. Tekan *808*3*1*4*1# lalu OK/Call. Info: 100&111"
ham,Da sebenernya makan sama indomie ge cukup aku mah 😂
spam,"Kesempatan jadi AGEN PULSA MKIOS ALL Operator harga V5=4500, V10=8500, V20=18rb, V25=23rb, V50=45rb, V100=90rb Cara Ketik Daftar kirim ke 087888366677"
spam,"Trima ksh telah mjd pelanggan kami ""CNF AQUA"" gnkan no 085729791456 untuk pemesanan air isi ulang dan AGUA ASLI n sed!a jga gas 3kg dan 12kg tlng sebarkan sms ini ke tmn2 kost n kampus jga ya jgn berhenti di km terima kas!h(nb:tlng save no pemesanan aqua b!la suatu saat membutuhkan mksh).GRATIS ANTAR"
spam,"Terima kasih tlh melakukan isi ulang tgl. 20.02.2016. GRATIS NELPON 60Menit+VIDEO, tekan *900*9# lalu YES/OK"
ham,Gak takut kok. Tp emang blm mau. Gatau sampe kapan kwkw
spam,Yank Tolong isi'in pulsa di no ini.085325556742 ini no baruq.skrng penting
spam,"Nikmati diskon 25% tarif SLI 008 ke SEMUA NEGARA mulai pukul 00.00 sd 06.00 WIB, sd 31Agustus 13. Info lengkap ketik *122*5*4# atau www.indosat.com/iddpromo"
spam,Mau Uang Tunai 1jt?Ayo gabung layanan Video Cliponyu & Keluarkan jurus gombal-mu yg paling dahsyat utk host2 cantik Cliponyu. Ketik CLIP ke 99900.CS:02129657333
spam,"Naik Lebih Sering, Hemat Lebih Banyak bersama GRAB!  Cukup lakukan 1 perjalanan biasa dengan GRABCAR atau GRABTAXI dan kamu akan OTOMATIS mendapatkan diskon di perjalanan berikutnya! Nikmati diskon bertahap hinga 35ribu/trip, ayo coba dan buktikan!"
spam,"Ayo kawal pemanfaatan subsidi BBM & Kompensasi bagi yang berhak! Pengaduan, ketik BBM (spasi) isi pesan. Kirim 1708"
spam,"INDOMARCOCELL Menawarkan jdi agenPULSA MKIOS 1CHIP ke semua Oprator harga; V.5=4000, V.10=8000, V.20=16000, Cara gabung ketik:DAFTAR kirim ke 08977628977 #Melukiskan rasa ku tentang kita.."
ham,"Jadinya mau apa sok, sebagian dari uang kas? Kira2 berapa?"
ham,Oo kalau kamu misalnya lanjut brp dit?
spam,"PROMO: Beli paket Flash mulai 1,3 GB di My Telkomsel App dpt EXTRA nelpon hingga 100mnt/1hr. Buruan, promo terbatas! S&K"
spam,"Hanya HARI ini! Freedom Combo XL Cuma Rp 89rb (Normal Rp 149rb) 20GB Music streaming gak pake kuota, UNLIMITED Nelp&SMS. Daftar *123#"
ham,"Nikah juga proses put, kadang diatas, kadang dibawah, gak selalu enak enak wkwkwkwk"
ham,iya ke singapur make yang 1dolar tea gening wkwk
ham,Besok aku kasihin softfilenya gpp?
spam,"TrmKsh Anda Tlh Berhasil Mengisi Pulsa SMARTFREN 10.000.Mau Jualan PULSA/BAYAR LISTRIK,SPEEDY/TELKOM Hub:Agen BAROKAH/Mp Reload.Pasti untung?"
ham,"Engga teh aku udh siap, mau brgkt ini. Aku td line teteh"
spam,PESAN RESMI dr PT.Tricare Slamat No anda tpilih mndpt HADIAH 1unit Mobil Honda JAZZ Pin Pmenang anda 454647LM u/ Info Klik:www.hadiah-tricaretbk2016.jimdo.com
spam,Internetan puas kapan aja buat kamu yang butuh kuota besar. Paket SUMO 30GB 30hari semua jaringan. Beli di *123*3*3#. Info 123. D956
ham,Yang sinonim bukan?
ham,"Ayo nama1 semangat skripsian yaaah biar cpt lulus, kerja, dan cpt nikah wkwkwk"
ham,Jgn lupa malam ini jgn terlalu malam aja. Seadanya aja aku jg
spam,Pakai XL tdk perlu repot setting bisa langsung internetan. Yuk aktifkan paket Internet di My.XL.co.id sekarang.
spam,Merdeka Hot Sale 45%! Kuota 5GB 30Hari(Rp125rb) CUMA Rp68rb penawaran terbatas! Cek SEKARANG di *111*1# .D966
spam,INFO RESMI SELAMAT!!! NO simCARD Anda Men_dptkn Uang Tunai Rp 45jt. Dr PT.INDOSAT PIN(TBL48VG) info Hub: 085694961118 A/u klik www.indosat-info2013.jimdo.com
spam,Terima Kasih telah menggunakan Paket Data dari Indosat. Info detail tekan *123#
ham,Blm mad ntr sore td udh ktmu
spam,"Terima kasih telah menjadi Sahabat IndosatOoredoo, dapatkan Video & Game seru + Gratis telp di *323*2#"
ham,nama1 nmr kamu yg ini kan? ntr ayu sms kl udah dpn kosan yah
ham,Maaf bu jadi jam berapa ya kita ketemuan bu...atau bgmana baiknya
spam,"Tolong uangnya Di transfer sekarang aja ke bank BNI: 022-741-3681. A/n FRISKA ANANDA, sms kalau sudah di Transfer, trimksi... - See more at: http://metropolitan.inilah.com/read/detail/1777965/awas-modus-penipuan-sms-model-baru#sthash.DKwN8EaE.dpuf"
ham,Abis maghrib yaa
spam,"Assalamu alaiqum, nenek masuk rumah sakit tolong kirimkan dulu ulsa 50 ribu di nomor ini 0852 3173 7479, mau telpon nanti di rumah sakit saya ganti uangnya."
ham,2016/08/21 12:27:32 PIN baru TCash anda adalah 605598. Silahkan menggunakan PIN baru anda untuk menikmati layanan TCash Telkomsel
spam,Udah top up coins di LINE utk beli sticker atau themes? Beli skrg jg pake pulsa utk tambah koleksi-mu! Cek caranya di http://tsel.me/jajanonline
spam,Sayang sekali kamu kalah cepat. Tapi jangan khawatir! Ayo coba lagi di sesi berikutnya! * Pastikan kamu membaca pesan dari LINE Indonesia untuk mendapatkan info mengenai waktu dan hadiah pada event sesi berikutnya
spam,Nikmati Double Internetan di jaringan Data terkuat 3GB dan 3GB (4G) dan Tlp&SMS SEPUASNYA dgn pkt Freedom Combo. Daftar *123# atau http://mycare.indosatooredoo.com
spam,Layanan VIP GAMES Rp3300/sms 4x/mgg sdh diperpanjang.Nikmati layanan disini:http://live.vipgames.me/?sid=40186483 stop? *123*66#. CS:02152971540
ham,Aku mah plg kerumah ketemu ayah mama cukup kok :')
spam,"YTH,MIitra Silahkan cek poin anda dan tukarkan ke admin kami dengan format PO.PIN kirim ke +62xxxxxxxxxx"
spam,PESAN RESMI Selamat No Simcard Anda M-dptkan Hadiah Cek Rp.100juta dr TRI CARE Pin: 7Y7R8K9Z Info Kelik: www.gebyar3care15.blogspot.com
ham,Yg sebelah warteg bahri apa sebrangnya? Yg 15
ham,Makasih semuanyaaa mohon doanya yaaa
spam,"ANEKA SHOP Berbagi Promo Type Blackberry DAKOTA 2,4 jt, TOURCH 1,7 jt, ONIX.2 1,5 jt, GEMINI 800 rb, U/Pemesanan 085325557999 Pin BB-2A96DE82 www.aneka999.blogspot.com"
ham,Harganya kisaran 50rb nama1 😂
ham,"Airnya asa kurang lancar, besok ku tanya papa yah,"
ham,Iya aku inget jam dinding di rumah awet katanya hadiah pernikahan ❤
spam,Maaf kami sdah menghubungi tpi tdak tersambung No.Anda resmi meraih hadiah ke-2 dari PT.M-KIOS pin;M248K81 u/info hadiah klik; www.hadiah-mkios17.blogspot.com
spam,Terima kasih telah melakukan isi ulang di sunny15.Trx Sukses sbsar 10.000 SN:1790103904.BYR PLNTELKOM BISA.Kami tnggu kedatangan Anda kembali
ham,Aku senin udah ke tempat kerja. Minggu2 depan aku gaktau bisa/ngga :(
spam,"Maaf…! saya bu RATNA meganai RUMAH saya Sudah liat, soalnya saya lagi di bandara silahkan hubungi suami saya H. ARIF ISKANDAR,SE hp:081218844557 trims."
spam,Pelanggan Yth SimCARD Anda M-dptkan Cek Tuanai Rp:27jt Dari PT.TRICARE INDONESIA Pin Anda HDR7JN7 U/Cek Pin Kunjungi www.programundiantricare-2015.blogspot.co.id
spam,"TOKO JAYA BB,,, discount 50% berbagai type BLACKBERRY Gemini 900 ribu, Torch 2,5 jt, Dakota 2,8 jta NOKIA& SAMSUNG, Info klik www.jayabb.com"
spam,"saya td pagi juga dapat sms. PT.TRI.3SimCard anda Resmi M-dptkan Hadiah HONDA JAZZ Rs. Kode Pin:477BFG7S, Info Hub:089606490199 KLIK:www.pusat-tri.blogspot.com"
ham,Baru ngeh chatnya maafkan (maaf)
spam,"PROMO POIN SPESIAL! Tukarkan 20 TselPoin Kamu dengan 20Menit, 100SMS, atau 20MB di *700*20#. Periode Promo 11-31 Juli 2016. Info hub: 188"
ham,Gpp kali beda beda sep
spam,Surat_keputusan dari tricare indonesia NO XV/2015 Pin pemenang 8JF2177 mendapatkan 1TOYOTA YARIS U/info Kunjungi www.tri-2015.webnode.com atau blogspot.com
ham,Ajakin ke soekarno hatta aja nama1 . Makan di eatboss soekarno hatta wkwkw
spam,"DISKON 30RIBU khusus pelanggan baru Grab di Bandung. Berlaku 3x: kode promo URANGBANDUNG. Tak usah repot jalanan macet dan susah parkir, Hayu ngeGrab we atuh!"
spam,cuma Rp 7500 dapat nelpon dan SMS UNLIMITED ke sesama Indosat Ooredoo   internetan sepuasnya 3 hari dengan paket Ramadhan Unlimited. ketik *123*88#
ham,Kumpul dulu aja di lab basdat biar bareng2
ham,"kalo aku sih pertabel  nama1, mnyesuaikan kebutuhan :)"
spam,"Maaf‟ Cuma ingatkan soal kontrakan kalau mau diteruskan/bayar, Harap ke Bpk Chandra, No: 082374910777, Soalnya sys dh kuasakan sepenuhnya. Maaf Cuma sms"
spam,Tingkatkan nilai isi ulang Anda selanjutnya minimal Rp10ribu untuk bisa mendapatkan Paket MURAH PAS di *100*999#. Info 188.
ham,Iya ih ko sedih sih gtau kapan lg ke bandung :(
ham,"nama1 dmna ? boleh mnta tolong ss dong bisns proses nya,,,,,"
spam,"Kocak abis! Mau liat aksi 8 pemuda galau, iseng, dan gokil yang dikepung polisi super cantik? Tonton aja Comic8 via HP kamu cmn 4400/3hr. Ketik FILM3 ke 99677"
spam,Terima kasih telah melakukan pengisian di counter kami WAR PUL CELL. Info: kami Melayani pembayaran tagihan PLN
spam,Pelanggan Yth. SIMCARD Anda sbg Pemenang Mendptkan Hadiah Mobil Toyota ALL NEW YARIS PIN:8JF2177 dari GEBYAR UNDIAN 3 CARE Untuk Info Lenkap Klik: www.infohadiah3care2016.blogspot.co.id
ham,Guys aku gabawa beras yaaa. Abis dr pasar beli itu berat bgt. Yg bisa bawa beras lebih mohon dilebihkan hehe
ham,"Tapi masukin aja dulu, soalnya aku data pasien dari sana."
spam,ini rekeningnya bank bri.no/rek.018801.006474.53.2.a/n:IR MAYANI
spam,Surat Keputusan Dri Tri Care No.XV/2015 Pin Pemenang 477BFG7S Mdptkan Hadiah HONDA JAZZ HUB:02150227999 Info Pin klik: www.tricareindonesia.com
spam,Anda akan mengaktifkan Paket BBM Gratis berlaku 30 hari dari pertama kali aktivasi. Ketik FLASH (spasi) YA untuk melanjutkan
ham,Yg mau ngampus aku pengen titip bawain SKL aku di prodi😭
spam,"Jangan sampai kalah Bro, games mu bisa terbantu dengan menambah koinmu, beli aja pakai pulsa, cek caranya di http://tsel.me/jajanonline"
ham,Memperbaiki bug2 karna ganti db bbrp. Lg enak nonton td ditelfon 😂
ham,"sok saya bebas gmna kalian, bsok hayu , jumat oke"
spam,"Selamat, Anda telah membeli Paket Combo Kenyang  Internet As. Cek bonus di *889#."
spam,PESTA M-TRONIK!! Anda sebagai pelanggan Setia M-Tronik terpilih Pemenang HADIAH ke(3) PIN pemenang:2AIU87E U/info klik www.info-undianmtronik.jimdo.com
ham,*ngsih bunga ato coklat min 
spam,Nomormu memang yang paling beruntung: Tes Identitas tersedia untukmu! Menangkan pulsa Rp10rb pada tes ke-30. Kirim SMS Y ke 99455 sekarang! Info:838 VD001
spam,Isi ulang Pulsa Rp.5000 Regular oleh PUTERA SUKSES pada 11/02 19:57.Ref:78330280.GRATIS PULSA sd 250rb hg 7Hr 7Mlm.Ktk:GRATIS krm ke 123
spam,Ini Rekeningnya BRI. Rek: 0881-1010-3433-4506 A/n.RASTO MURDOYO.
spam,"SPESIAL utk kamu pelanggan setia Indosat Ooredoo. Bonus 14 hari masa aktif, 10 menit telp dan 100 SMS, CUMA isi ulang s/d 16 Desember 2015. (bonus berlaku 1x)"
spam,BELANJA ONLINE TOKO RESKY DISCON 50% BB LAPTOP SAMSUNG IPAD NOKIA DLL U/pemesanan/order  call/sms 085322222699 kunjungi web kami di www.reskiy-shop.blogspot.com
spam,Pesan Resmi M-KIOS Sim Card Anda Menang Hadiah ke4 Cek 100jt Dari Promo M-KIOS PIN:M7H7R47 hub:Ir.H.SURIANTO 0823 8777 5019 klik: www.kjtn-mkiosjkt.blogspot.com
ham,Rasa mau sidang bulan depaaan mel. Jahaaat pisaaan
ham,Kalo grup c1 aku jarang baca haha jd suka ketinggalan kabar berita
ham,Tp berapa lama lagi ya Pak?
ham,"Selamat utk teman2 yg wisuda, semoga berkah ilmunya dan dilancarkan urusan kedepannya.. sukses terus buat kt semua :)"
spam,Anda pmain togel sring kalah.mau bagi hasil. MBAH JOKO bisah mbntu anda SIO/ANGKA dari RETUWAL Berminat. Hub : MBAH JOKO.di. 085217984299 Dijamin 100% tembus
spam,Pnjaman mudah tnpa jaminan. proses sangat cepat. Syrt : ft cpy ktp dan krtu kredit. bila berminat Call : ARI di 021-32440198
ham,Udah aa aa semua sih. Makan mah sama cewek2. Lupa ih mukanya dy aku gak bisa nginget wajah hahaha
ham,Ternyata formatnya banyak berantakan dari odp ke google sheet. Saya sdg rapikan sambil buat soal. Besok subuh harap cek lagi ya.
ham,"Registrasi gagal. Harap masukan tanggal yang benar (01 - 31), dengan format DDMMYYYY"
ham,"Selamat siang, mau reservasi bandros perorangan apakah bisa?"
spam,Plg/Yth!! nomor anda resmi terpilih sebagai pemenang hadiah ke-2 dari PT.M- tronik No Pin:  2g43f79  U/Info pengurusan hadiah anda klik:www.gebyarmtronik.tk
spam,Paket Super Murah 2 pcs c strip/1 Ayam sayap+nasi+teh pucuk Rp.15.909.Tukarkan SMS ini di CFC YOGYA SUBANG hari ini!Selama persediaan masih ada.Promo *606#
ham,Coba siapa yg lagi di prodi? Punten liatin jadwal sidang. Ada tulisan suruh kumpul jam brp gitu gak? Nuhun
spam,Jika anda butuh ANGKA jitu GAIB 2D_3D_4D_SGP Yang dijamin 99% tembus. Silahkan SMS 085337807887 MASTERTOGEL
ham,"bulan depan ada daging sapi, mau dibakar dmna ? d pantai atau d rumah nama1 ?"
spam,"Buy 2 Get 3 tiket Trans Studio Bandung,mulai 14 Mei-14Juni 2013.Tunjukkan SMS ke petugas di lokasi. Info: www.indosat.com/transstudiobgd"
spam,"BELANJA ONLINE Promo Disc 50% BB Dakota 2,8jt BB Onyx3 2,2jt BB Z10 3,5jt DLL, Info/sms: 085775102735 PIN:BB.2A03F3F2 Atau Klik: www.jaya-olshop.blogspot.com"
ham,Nanti plg wisudaan aku lgsg ksana. Awas telat. Telat aku plg.
ham,Masih ngerasa bersalah ama kalian sebenernya
ham,"Saya buat banyak seri untuk PG, oleh karena itu jangan terlalu berharap bisa lihat punya teman (mungkin ini penyebab nilai PG jeblok kemarin?), waktunya akan terbatas dan ruangannya kita pake yg besar."
spam,"Di sini saja uangnya ditransfer ke rek Bank xxx (4413-0100-0226-XXX) A/N xxx, kalau sudah SMS di no ini 085215113xxx"
spam,"Terima kasih telah menjadi Sahabat IndosatOoredoo. Kenalan tanpa batas dan BONUS GRATIS NELPON 60 menit, hub *955*1# lalu YA/OK"
spam,"plgn yth,saya h.rian harino opoerator tri tlah menghubungi anda tapi tidak tersambung jdi informasi ini saya sampaikan lwt sms,sblum hadiah jatuh tempo,selamat no tri anda menang undian dari 3care no pin pemenang anda MG75K7,segera hub kantor tri jakarta;0895-349-076-577/info klik www.kejutanundiantri.blogspot.com"
spam,Hari ini!! BRONET Special 4GB (2GB 24Jam+2GB 00-06) 60hr Rp24900 dan BRONET 24Jam 1GB 60hr Rp10900. AYO SEGERA aktifkan paket kamu di *123*888#. Info838 LD309
ham,"untuk dwm soal klasifikasi, algoritma yang menjadi dasar adalah random forest dengan akurasi model kira2 0.8. Setelah menggunakan data test (data yg saya berikan kemarin di UAS untuk diprediksi), akurasi yg didapat adalah 0.75. Jika mhs mendapat akurasi 0.75 dia akan mendapat nilai maksimal (20point). Akurasi tertinggi 0.77 diperoleh oleh nama1"
ham,kalo ngga besok ke kampus senin  nama1 ke kampus nya 
ham,Subuh jg abis maghrib itu teh ahaha
spam,Uangnya di Trnsfer di BNI ini aja a/n RASTINA NO.REK.0253 7915 37.Klo sdh d Trnsfer Sms aja di no ini 085293355598 Trmks.
ham,😁 sebelumnya ga ad nulis kerudung. Kirain warna jins
spam,"Ayo anak Medan, beli sticker line dengan pulsamu Caranya klik http://www.telkomsel.com/linestore nama stickernya : Kedan Medan"
ham,Iya kar lg dikosan nih. Numpang ap?
ham,Soalnya yang aku udah ditambahin
spam,Dapatkan saldo bermain sebesar Rp 125rb hanya dengan bayar Rp 75rb. Berlaku hari Senin-Kamis. Tukarkan SMS ini segera di Timezone terdekat! Promo *606#
spam,"Plgn yth,TRI dan MNCTV sudah mengumumkan nomor Anda pd tgl 5 Agustus 2015 Tapi tdk dpt trsmbung jadi saya DESY HERMAWATI dr PT.HUTCHISON TRI di PLAZA SEMANGGI lt 1 jl.jend Sudirman kav 50 jkt pst kirim SMS sblum jtuh tempo bhwa NO simcard anda menang undian PESTA POIN TRI hadiah ke2 TOYOTA ALL NEW YARIS pin Anda .2d7id99 klik situs resmi di,www.my-tri2015.jimdo.com"
spam,"Dana Tunai (KTA) bunga 0,99% hingga 300 jt. Syarat KTP & CC.
Bisa Dgn BPKB rate 0.99% 3 hari CAIR . hub AYU 081584650877 (WA).mhn maaf bila menggangu"
spam,"BONUS Rp. 5,000 untuk kamu! Cukup kirim SMS 2X hari ini untuk mendapatkan bonusnya, khusus hari ini saja!  T483"
spam,Surat Keputusan dari Tri Care Indonesia No.XV/2015 Pin_Pemenang ANDA : 67ytg44 mendapatkan hadiah cek tunai Rp 45 jt. U/INFO kunjungi: www.id.tri.webnode.com.
ham,Pagi bu saya dengan nama1 dari Bebek Komar ...sangat bisa bu untuk pesanan besok bu...menu yang di pesan apa ya bu...diantar ke mana ya...nuhun
spam,Pelanggan Yth: Selamat! No.SimCard anda 081571xxx resmi menang undian POIN plus-plus Edisi th2014 Pin anda:er56d7 U/info klik: www.hadiah-poin.blogspot.com
ham,Mohon maaf pak semalam saya Sudah konfirmasi tidak ikut remedial. Tapi di nilainya kenapa ikut remedial 
ham,Aku dy wkwk makanya kurang direstui jg krna kejauhan
ham,"iya, makanya aku butuh data kalian teh soalnya datanya dari sana. tapi harus ada RJ atau RD."
spam,"Kesempatan menjadi agen pulsa/ALL Operator MKIOS, Harga murah; 5=4500, 10=8500, 20=18000, 25=22000, 50=45000, Ketik GABUNG Kirim ke 087775777917"
ham,nama1 helmkuuuu.:'(
spam,PT. GARSINDO Cari agen jual pulsa M-kios All Operator transaksi 24 jam dgn harga ; V5 = 4500 V10=8500 V20= 18000 U/Gabung kirim ke :085318655616
ham,Aku bawa daging yg dah direbus gapapa? Yg mentah tinggal tulang2an wkwk
spam,"Hallo Bro, beli koin games pakai pulsamu yuk, mudah banget loh sob, cek http://tsel.me/jajanonline"
spam,Nikmati EXTRA 2GB 4G LTE + EXTRA voucher belanja hingga 100rb dg beli pkt FLASH 1GB/30hr mulai Rp 43rb di *363*49# Cek tarif di tsel.me/FL SKB
ham,"nama1  udh nama1 transfer, maacih nur 😊"
spam,"SUPER Wow! Gratis 12 GB buat kamu, ckup dgn isi pulsa minimun Rp 100 Ribu s.d 22 November. Hanya berlaku satu kali kesempatan & berlaku akumulasi loh! TL053C"
ham,Hehe sudah sep ku jebol pake solder tp jd jelek 😂😂
spam,Nikmati EKSTRA PULSA 100% dgn isi ulang min. 50rb HANYA di aplikasi MyTelkomsel menggunakan T-Cash! Download di http://tsel.me/1 Promo s/d 11 Agst 2016
ham,Kalo ada daun pepaya mah bungkus daunnya pake pepaya put
spam,"Ini bpk tolong belikan dulu pulsa 20ribu di no barunya bpk karna lagi ada masalah di kantor polisi dan jangan dulu tlp/sms nanti bpk yg tlp, penting."
ham,"Gais kata aku kita ngantor tgl 4 sekalian bawa form penilaian, daftar hadir, form bimbingan. Sekalulian foto."
ham,"Lebay gt katanya ""meni gitu ama mamanya teh gak blg2"""
ham,"Iya teh, soalnya kenapa selasa, bapa hari rabu mau berangkat."
ham,Mana duduk plg depan selalu kdg aku ga tau keadaan dblkg. Siapa yg hdr siapa yg engga. Wkwk
ham,Mau nitip ga saya lagi di gerlong.
ham,"wah repot kalo asumsinya gitu, kadang ada yg ganti kelompok. biasakan setiap dokumen itu ada nama, klau saya print lalu saya periksanya offline bingung kan mau dimasukkan ke mana kalau gak ada nama satupun."
spam,"Kak, kirimkan dulu pulsa25rb di no baruku ini 085377771822"
spam,Ini nomor rekeningnya: 5829-01-012786-534. BRI a/n Andika Septiana.
spam,"TOUR-TRAVEL dptkan tiket pesawat, promo domestik & internasional mudah/aman, booking Online 24 jam hub telp : 081314447669 atau websete di : www.lion-airtravel.com."
ham,Minta email github nya dong.
ham,"Wkwk tumben kar biasanya masing2 punya sendiri kar, sampe yg sewarna ada 3"
spam,"PESAN RESMI dri TRI CARE Selamat anda m-dptkan hadiah CEK TUNAI Sebesar Rp.45jt Pin undian 94AD653, U/Info kunjungi;www.undian-bimatri.blogspot.com"
ham,Doakan aja ya bsok lancar paling cepet aku nyampe sana jam 9 malem
ham,"Boleh bu, kalau ada yang bakal pindah bulan itu. Kalau tidak keberatan bisa kabarin Bu. Terima kasih."
spam,"INDOVISON PROMO: hanya 299 rbu, nikmati 2 bln berlangganan, GRATIS biaya pasang+bonus cinema 3 (3bln). hub : 087738718255, 08555796717 PIN BB 32F1C805"
ham,Silahkan tebak umurnya~
spam,Nomor Anda telah diisi dengan nomor SN 6081606122581198060.
spam,km dari BANK BRI Sdh tlp tdk bs jd km SMS No.PIN Pemenang anda KG65H8K9 M-dpt HADIAH dari Untung Bliung BritAma Info klik www.HadiahkejutangBri.blogspot.com
ham,No bri atas nama kamu mana
ham,Saya brsik masih cuti bati ke kantor har rabu
spam,PT.TRI CARE Selamat!!! simcard anda mendapatkan hadiah 1 Unit TOYOTA AVANZA Dengan pin: (F8HJ7TL) untuk info klik: www.hadiah-tri3care2016.blogspot.co.id
spam,"Sebelum di bayar /di transfer harap hubungi dulu atasan saya,bpk ARDIANSAH no tlp;081563257257 soalnya ada perubahan pembayaran ."
ham,"pesan dari nama1 : Assalamu'alaikum wr.wb. Pak, Indonesia Android Kejar bekerjasama dengan Depilkom mau mengadakan pelatihan Android level intermediate, masih ada slot 2 orang lagi, syaratnya sudah pernah membuat app android dan ngebuild menggunakan Android Studio, barang kali di kelas Bapak ada yang berminat. Nuhun.o ya pelatihannya mulai hari sabtu besok, 2 April, setiap sabtu selama 7 pertemuan, bertempat di lab praktikum kita."
ham,"yaudah, minta data dummy untuk diagnosa_pasien dong"
spam,Selamat Paket BBM Gratis Anda telah diaktifkan. Paket BBM ini berlaku untuk 30 hari
ham,silahkan berkas dambil di ruang saya
ham,Jumlah poin Anda s.d tgl 16/08/16 : 18 poin. Anda termasuk dalam kategori RED. Masa berlaku poin s.d 31 Des 2016
spam,JANGAN LUPA kirim 50 SMS sd 16 Juni 2013 utk mendptkan Gratis 50 SMS ke sesame Indosat selama 2 hr (berlaku 1x selama periode prog). Info:100. US6
ham,"Sama ini, misal ini web di pake dan dapet komisi tuh, nah kita kecipratan ga? Nanya aja, hehe. Da gapapa meren nanya gitu. Engga kecipratan juga hapapa, tapi seengganya di web nya ada."
ham,Ini kalo kita lg beneran ngumpul pasti lg mewek berjamaah
spam,"“ROXI CELL” Hanya dengan Rp.100rb Anda bisa jadi agen pulsa elektrik ke semua Operator GSM/CDMA,v5=4300,v10=8300,Utk daftar ketik MTRONIK kirim ke 087870870707"
spam,"Mengenai Uang kontrakan kalau Masih Mau Di terusin Harap ke bpk, Suyono, Nomor Hp: 082127377377, Soalnya shd sya kuasakan Penuh ke dia, Maaf Cuma sms"
spam,"Dptkn Free member card Larissa Aesthetic Center, disc 15% high treatment & asuransi jiwa, tiap isi ulang pulsa Rp 100rb di Galeri Indosat Jateng DIY s.d 31Des 13"
spam,Selamat anda terdftr diProg GRATIS Nelp 1000Mnt&1000SMS keISAT+Internet hg 1000MB CUMA dg IsiUlang mulai 10rb. isiUlang pulsamu&Nikmati bonusnya.Cekbns: *555*3#
spam,"MODAL USAHA : Solusi keuangan anda hanya copy ktp, kartu kredit, npwp, no rek pribdi bisa dapat 125 - 200 jt dr bank hub LIA di 085710489257 082112755426 91066949"
spam,"Ma"" belikan dulu besok pulsa 20rbu di no baruku ini 085340781778 penting"
ham,"itu masih pake data dummy, ntar gampang itu mh."
spam,Gunakan GrabCar atau GrabTaxi & dapatkan diskon 35RIBU ke dan dari Stasiun/Bandara di Bandung. Masukkan kode promo GRABTRAVEL hingga pemakaian 30 September 2016. Hatur Nuhun.
spam,"Bisa Internetan 1,5GB CUMA dengan 20rb, paket berlaku 90 hari. MAU?? Ketik YA ke 919. Penawaran berlaku s/d 8 Januari 2016"
spam,"quota 1,5 GB harga hanya mulai 32,5 ribu, beli paketnya di *100*1# Puas internetan selama 30 hari"
ham,"Selamat pagi pak, untuk data table yg dibutuhkan sudah saya email. Apakah email saya msk Pak?"
spam,"Di transfer saja Uang'nya ke rekening BNI ini, a/n. ISMAWATI. Rek: 0248147033. SMS saja klo sdh kirim."
ham,Gais kalo dri upi ke unisba pake angkot apa pulang pergi? 
ham,Kamu yah yang ngajakin mereka.
ham,"nama1 bisa lembar yg kamrin bisa minta ke pak anto. Tp ibu minta yg di bab 2 harus diparafrase kalimatnya, jgn copy paste semua."
spam,"Slmt_No. Anda Mndptkn Hadiah ""GRAND PRIZE"" Uang 'Rp.100jt,dr TELKOMSEL poin No.PIN-25g47jk Hub Call Center 081233303888 Pengirim : T-Sel"
ham,"Jam 12 wid, nanti berangkat jam 10"
ham,Tp belum pasti ya. Kalau ada temen mah mau. Soalnya ga ada halangan untuk hdr kyknya hihi
spam,"Segera dapatkan E-TIKET pswt hrga PROMO penerbangan Domestik & Internasional Reservasi tiket, mudah & Praktis, hub : 02136146799, 085312792222 www.Asia-travel.com"
spam,Domino's PAN PIZZA!Rotinya lebih tebal dgn keju terasa sampai pinggir! Nikmati Disc.30% dimulai Rp45.500.Kunjungi toko terdekat/telf 1500366/Klik panpizza.co.id
spam,Surat keputusan resmi SLMT'No SIM CARD anda telah T/pilih pemenang Ke-2 dri PT-M-TRONIK Pin anda:(2f54e7) U/info klik: www.cekhadiahmtronik2016.ga
ham,Aku mau bawa balon sm coklat min. Mau nitip?
spam,"Murah dan seru banget main gamesmu, pakai pulsa aja beli koinmu, cek caranya di http://tsel.me/jajanonline"
ham,Min lg dmn? Mo ngambil sertifikat yg kompas hihu
spam,PESAN RESMI Selamat No Simcard Anda M-dptkan Hadiah Cek Rp.100juta dr TRI CARE Pin: 7Y7R8K9Z Info Kelik:www.situstricare77.blogspot.com
ham,Jauh amat jemput di poskamling cilimus dee
ham,Tp klo jd mmber mh bsa lbh murah dil
ham,"Saya ijin undur diri, kalau ada kepentingan mangga di japri saja. Terima kasih (middle eastern woman)"
ham,Oh oke Pak nanti saya lgsg kesana untuk kepastikan buka jam berapa? Ke bebek komar yg dekat dt bisa?
ham,"[INFO PLA]Assalam..Bagi yg ambil mk pla wajib kumpul pada hari/tgl kamis,25 agustus 2016 pukul 10.00 WIBB..Agenda: pembekalan dan penjelasan PLA.Tempat : Gdg JICA lt.3 R.S301.Demikian informasiny..harap diperhatikan d disebarkan"
spam,"Selamat, Anda mendapatkan kuota Tsel sebesar 100SMS. Cek kuota melalui *889#. Info: www.telkomsel.com"
spam,Transfer saja uangnya ke rek ini.mandiri.NO Rek: 152-00-1236312-9.a/n:DARMAN. klau sdah di Transfer SMS saja ke nmor ini Trima kasih
spam,Pembayaran'nya bulan ini kalau mau di bayar harap telpon/sms dulu ke atasan kami Bpk.DEDY. Hp;085221118517.Terima kasih.
spam,TSELpoin 777 kejutan POIN Hadiah Rp.15jt Resmi diberikan 0852212XXXXX PIN-b7Bc247 u/info Hub/CS; PT.TELKOMSEL 021-40467488 021-50219992 Pengirim; +777
spam,"Jumat BAIK promo, BRONET 24Jam 1GB 30hr Rp10900 dan BRONET 4GB 60hr (24Jam 2GB + 00-06 2GB) Rp24900. SEGERA aktifkan paketnya melalui *123*888#.Info838.LD268"
spam,Wow! Diskon 50% utk pembelian paket Flash 6GB + BONUS 60Menit CUMA Rp60rb utk 30hr di *999*606# SEKARANG! Tunggu apalagi buruan! S&K berlaku
ham,"Eh di kosan nama1 maksudnya, buat temen nama1 , buat september"
ham,Boleh nitip coklat ke alhuda?
spam,Surat Keputusan: No.VII/T-3/16. Kode Undian: 94ad653 Selamat No.Anda mendpt Hadiah CEK TUNAI Rp.45Jt U/Info Kunjungi; www.gebyartricare.co.vu
ham,"Di folder sql, aya sql rawatdaruat.sql tinggal sesuain sama yang maneh we. Cobaan k ente jalanken. Di urg mh teu jalan ngan load view mh bisa. Error di database. Soalna lieur gabungken database na."
ham,"Aku kumpul pon dulu dy, kalo haris kerjanya dari sore mo pacaran dulu dy"
spam,selamat nomor 3Care anda terpilih mendptkan Hadiah Honda Jazz RS dr program Undian 3care PIN:792RW1F7 Info klik: www.tricare2016.jimdo.com Nih BANK BRI No Rekening:  313.0100.5936.535 Atas Nama: Bayu Alamsyah
ham,Januari mah ambil 1x seminggu aja. Kan kita masuk seminggu sekali kalau januari.
spam,"Krim ke BNI aja a/n Ayu Suryani no rek 0215891174, klo sudah dikirim kabarin ya!"
spam,Jalani ibadah Haji dg nyaman tnpa prlu ganti kartu lokal.Nikmati GRATIS 2menit/hr trima telp dr IndosatOoredoo&Internet UNLIMITED Rp30Rb/hari.Info: *122*1# PAI3
ham,Masak dikosan aku mau makan orek buatan kamu min
ham,Wah iya dy?haha sabar bgt anaknya teh jd we aku yg gtau diri ngomong seenaknya :(
ham,TOPUP pulsa Rp50000 berhasil via transfer ATM BNI kode trx 01123190427523627. Pulsa anda saat ini Rp 54205. Terima kasih telah menggunakan INDOSAT OOREDOO
ham,Gais sekalian tanyain Pla ap aja yg diminta dr tempat pla setelah selesai selain nilai dr kampus? Ada surat2 lain ga.
spam,"Raih smartphone, diskon merchant & free internet, voice, SMS di Promo 71 Tahun RI dengan tukar 17 Telkomsel POIN mulai 15Ags16 hanya di MyTelkomsel Apps"
spam,Nikmati EXTRA 2GB 4G LTE + EXTRA kuota hingga 1GB midnight dg beli pkt FLASH 1GB/30hr mulai Rp 43rb di *363*49# Cek tarif di tsel.me/FL SKB
ham,Nomor OTP anda adalah [8874] -Telkomsel-
ham,Beli es kelapa depan d besto teh
ham,Haha ayook kita bully adi ndut sama sama 😃😃
spam,"PT. Pertamina persero menerima karyawan(i) Lulusan SMK, D1,D2,D3,S1&S2 kirim lamaran,CV,Ijazah,photo4x6 & notip ke email: pertaminareckrutment@ymail.com"
spam,"Berkat isi ulang pulsa No anda T,pilih sbg pemenang Cek tunai Rp.75jt dri PT.M-KIOS PIN:(5N939F7) U/INFO KLIK www.pt-mkios15.blogspot.com"
spam,PESAN RESMI PT.3Care Indonesia Berkat isi Ulang No. Anda Resmi meraih hadiah ke-1 Dengan kode PIN Anda {8JF2177} U/Info Hadiahlik: www.berkat-isiulang3care.blogspot.com
ham,"bagi yang sudah diuji segera diserahkan dgn dijilid, bagi yg sdg nunggu diuji sabar tuk sesuaikan waktupenguji.."
ham,"ok,, kabarin yah, no m3 aku ke blokir, ga ada paket data, smsin aja ke asmul ya, ini kbtulan lagi free wife"
spam,PESAN RESMI Selamat NO Simcard anda M-dptkam hadiah cek.Rp.35juta dr TRI CARE pin:7Y7R8K9Z info keik: www.id-tricare2016.blogspot.com
spam,INFO RESMI PT.TRI.3 SimCard anda Resmi M-dptkan Hadiah MOBIL MAZDA-2 KODE PIN: E2747MLB Info Hub: 08996913677 KLIK: www.inforesmi3care.com
ham,Setting ponsel akan segera dikirimkan. Masukkan PIN: 1111 jika diminta. Terimakasih
ham,"Mau sekalian dibawain kacamata ga, nanti aku keluar jam 10"
ham,pada ngampus jamber gais?
spam,"RUMAH&TANAH yg mau di jual,sy IBU AYU sdh SURVEI dan berminat u/membeli Mslh hrg Mhn hub suami saya 085282157222 Dr.HJ.SOPIAN"
ham,"Info Gempa Mag:5.3 SR, 21-Jun-16 21:10:23 WIB, Lok:2.21 LS,99.33 BT (98 km Tenggara KEP-MENTAWAI-SUMBAR), Kedlmn:34 Km ::BMKG"
ham,"Guys, untuk groupwherenya pake github aja ya "
spam,SLMT!!! NO anda m-dpt mobil AVANZA dr kartu AS di undi td malam di metro TV pkl : 23.00 wib u/info klik : www.telkomsell.jimdo atau/Hub : 0016285286552555
spam,"Plg Yth! No' Anda 081310xx m-dpt Hadiah All new avanza dr PT.TELKOMSEL PIN Anda:b89c7h9 Info klik: www.tsel-resmi777.jimdo.comA/hub;0016282333306308,"
spam,"Selamat,Kepada pelanggan 08157xxx Anda mendpt hadiah ke4 Dalam program POIN PLUS PLUS INDOSAT No.PIN:277fg49 info klik www.poinplus-plus-7887-2013.webs.com"
ham,"Selamatkan diri kalian guys, karna ""lulus bareng"" hanyalah kata hiburan semata"
ham,Ya ampuun pak jendral wk
ham,E& (gila) ada namakuuu. Kapan aku luluuus
ham,"cari yang seken, murah meriah kualiatasnya masih bagus kok"
ham,"soal ada multiple choice ada essay. Yg weka masuk ke essay, tapi ada juga file yang dikumpulkan."
spam,"Maaf, kamu tidak memiliki Bonus Kuota++. Dapatkan Bonus Kuota++ hingga 2GB di toko terdekat, hanya berlaku di Jawa Timur, Bali dan Lombok"
ham,Kasih norek aja kesebelah. Siapa tau ada yg mau. Mereka jg punya hak untk udunan wkwk. Bilang bts waktu trfr. Kalau ada niat pasti segera kok.
ham,"Pake kamera nama1 2, kamera nama1 1, sama handy cam prodi 1"
spam,"Lelah byr min payment? Kami Solusinya, bantu secara LEGAL penutupan CC/KTA, dscn 50-75%. Hub.LoLyta 081316523061/087822962308 (WA). LEGAL"
spam,"Penawaran terbatas software SMS gateway utk iklan SMS, pilkada, sekolah, instansi, kampus dll. Harga promo rp. 100.000 hub:jasa advertising corp 085727088813 24jam."
ham,Ka aku ga bisa liat kosannya skrg :( soalnya ngerjain uts take home ka 
ham,Gajadi gadiabsen yg telatnya lebib dr 15 menit da kayanya
spam,"Special PROMO! BONUS KUOTA 500MB (1hr)! Cukup isi ulang mulai dari 5,000 hari ini! Ayo buruan isi pulsa sekarang juga. T580"
ham,Selamat ulang tahun semoga panjang umur dan sehat selalu
ham,Mul snack satu lagi teteh kasih rafael ya
ham,aku kira bukan besoook :'(
spam,"PUAS Internetan, Chatting, Facebook dan nonton Video selama 30 hari hingga 1.5 GB Cuma Rp 30ribu. Beli paket di *100*1#"
spam,"Mau jajan? Gak usah kemana-mana sob, jajan online aja, terutama buat kamu yang suka nge games, cek http://tsel.me/jajanonline"
ham,Gais bsk kke kantor ya nyerahin laporan aku udh dpt ttd paedi. Ini mau hard jilid. Jgn lupa ya source sama laporan di cd
spam,Nikmati Disc.40% utk Dominos Pizza Premium BIG PARTY WEEKEND.Harga Mulai Rp.48rb.Berlaku dine in/take away s/d 8 May'16.Kunjungi store terdekat/hubungi 1500366
ham,"Terimakasih, saat ini Anda masih terdaftar sebagai pelanggan TCash."
spam,"Yank, isikan dl pulsa di no as ini 085323048677 nanti gw gantiin.Penting bget nih krn barusan bos gw nelpon gw tgguin yach…"
spam,"Seru banget main 8 Ball Pool, pakai pulsa bisa banget loh Bro untuk beli koin games lainnya, cek caranya di http://tsel.me/jajanonline"
spam,"Nikmati Diskon Tarif Indosat 01016 & 001 hingga 70% ke 7 Negara (CHN, MLA,HKG,SNG,TWN,VTM,MACAU). Berlaku 07-28Feb13. Info : hub 100/111 atau *123# OK"
ham,nama1  beaok bwrangkat pagi...mau cas atay tranfer?
spam,"Slmat No anda m-dpt dana bantuan Rp.55jt'dr PT SIDOMUNCUL u/info hub;ir,HJ,MULIYADI 0852-3377-1855 PELAKSANA;PT SIDOMUNCUL"
ham,"punten, ada yang punya kontaknya teh lulu 2011? nuhuun~"
spam,Anda tidak terdaftar dalam layanan Paket Malam hari. Untuk berlangganan lakukan isi ulang dengan voucher Kenyang Download
ham,"Aku ga enak euy bilang ke adiknya, adiknya pengen ke pvj nama1  :("
ham,Bisi ga enak ga bantuin beberes ato masak2nya :(
ham,bntr lagi pulang
spam,BONUS PULSA 10RB! Ayo isi pulsa min. 5rb & dapetkan bonus pulsa 10rb utk nelp ke nmr Tri! Hanya hari ini saja! Ayo buruan isi pulsa! T530
ham,"Oke nama1, nanti udah beres bimbingan aku kesana"
spam,Surat keputusan PT.TRI.3 SimCard anda Resmi M-dptakan Hadiah HONDA JAZZ Rs Pin Undian: 477BFG7S. Info Hub: 089667794299 KLIK : www.gebyar-tricare.com
spam,Yuk dengerin secara langsung update keseharian Seleb dr Blog Suaranya! Tlp *5094* GRATIS 3hr lalu Rp2500/mgg.CS:838. VAS280
ham,"Yg dian ge waktu itu yudisium akhirnya sore2, ga dibarengin sama nondik sampe jam 6kurang keluar yudisium teh"
ham,Iya liat mock up nya maksudnya
ham,"nama1 aku lg ngerjain tes ngoding di upi net, kalo mo pake motornya boleh, tp motornya jauh bgt"
ham,Sekalian aku mau nanya alur dari rawat inap ke lab sama radiologi. Kalau obat kan ga ada yang ngolah.
spam,"Promo Terbaru Toko Artha  jaya BB Dakota 3 jt Iphone5 3,5 jt BB Onyx3 2,8 jt Camera DLL Call Sms Ke : 085335875777"
spam,"HARI TERAKHIR! Kunjungi Galeri Smartfren skrng, buat kamu Andromax A 4G jd 99rb (nrml 649rb). Tunggu apa lagi?!Stok terbatas.sd 22Agt.S&K.Info888.DL46J"
ham,"numpang promo yah, siapa tau ada yang berminat 😊 bisa liat di instagram nya "
ham,"Jadi males banget PLA, asa ga pernah beres. Wkwk. Padahal dari pa rawosi ga bermasalah."
spam,Pelanggan Yth. Update informasi tarif terbaru anda di tsel.me/as atau hubungi 188 (Rp 300/call).
spam,Selamat!!anda telah mendapat gratis 200 sms dari SMSGIFT dari no. 6285258952502. Info CS : 133/188
ham,Pak mau tanya kalau nilai remed lebih kecil itu diambil nilai nya yang remed atau tetap yang sebelum nya pak ? 
spam,"berkah 1000 poin"" Nomor Anda mndpt Hadiah ke-I Pin d377hi8, silahkan verifikasi Pin Pemenang di situs resmi www.berkah1000poin.wix.com/prize"
spam,"MEGA CELL Cari agen pulsa 1 Cip ke semua Operator Harga : V.5 = 4000 V.10 =8000 V.20 =16rb, dll Berminat ketik INFO kirim ke :085352444400"
spam,BEBAS ekspresikan dirimu bersama Paket Freedom Combo dari Indosat Ooredoo. Segera hub *123# atau www.indosatooredoo.com/freedom
ham,"Permintaan Anda sedang diproses. Beberapa saat lagi Paket Internet anda akan di non-aktifkan, dan akan berlaku tariff dasar internet."
ham,Oh oke de. kalau selanjutnya isi deposit transfer kmn?
spam,Bebas Pulsa! Ambil bonusmu di *600# (GRATIS). Dptkan gratis nelpon atau internetas atau promo lainnya sesuai hobimu!
ham,Geng hari ini mau jam brpa ? Respon yah...
ham,"Untuk yg kontrak game prog (dan juga dwm): kita jadwalkan untuk ikut Gemastik. Ini kompetisi terbesar antar prodi ilkom/IF, dan kita punya peluang besar untuk bidang ini."
spam,"INFO. DANA TUNAI TANPA JAMINAN 20 - 250 JUTA, BUNGA 1,50%, SYARAT PEMILIK KARTU KREDIT PROSES 3 HARI KERJA CALL. FIRLI 021 93417219"
ham,Dmana aja kang boleh hehe
spam,"NAGAMAS ELECKTRONIK BB Dakota>2,4jt BB Davis>900rb BB Gemini>rbq BB Torch>1,7jt DLL Call. 085777779458 Sms. 0818433247 Pin BB: 2A550530 www.nagamas-cell.com"
spam,"Koinmu tinggal dikit untuk lanjutin gamesmu? Beli pakai pulsa aja Bro, cek http://tsel.me/jajanonline"
ham,Masih yang dekat sungai dulu kok diil 😁
spam,"Paket Internet BRONET 24 JAM 2GB, 60hr Kamu sudah aktif & otomatis diperpanjang 27-10-2016 jam 23:59. Info838"
spam,"De inih bapa pake no temen, tolong kirimin pulsa ke no inih soalnya penring banget, nanti di rumah digantiin"
spam,Mainkan terus gamesmu & beli sebanyak2nya apps/in-apps di Google Play Store
ham,nama1 kemaren kamera dan handycam waktu msceis pake kamera siapa aj?
ham,Edan edan nama1 semoga menjadi keluarga samawa 
ham,"Ada mba, harganya 1,6jt/bln. Fasilitasnya air hangat, kamar mandi dalam, tv, tv kabel, wifi, meja, tempat tdr, dan lemari."
ham,Dilantai 2 ya tepat diruang skripsi
ham,Mau minta kirim foto2 selempang yg kita waktu itu dong. Makasihhh
ham,"Oke, Senin deh ya ke kantor. Aku sms bapa. Laporan nyusul aja gt mengingat di laporan jg ada lampiran dan revisi penguji*"
ham,Waaah keren kang
spam,"Penawaran Spesial, Obral Paket Data 1.5 GB(00-24)+nelpon sepuasnya ke nmr Indosat hanya Rp20rb utk 1minggu.Daftar skrg ketik YA ke 929 berlaku hari ini RTX1"
ham,"boleh install sendiri, nanti juga saya bawa installernya."
spam,Pelanggan Yth Slmt kartu GSM Anda men-dpt TABUNGAN HAJI Rp100jt dari Kopi jahe HUT ke 61 no PIN 25efg477r U/info sgr Hub : 082374432257 pelaksana PT. SIDOMUNCUL
spam,Anda mempunyai 3 pesan suara dari 083139195872; untuk mendengarkan pesan suara anda silahkan tekan *886*10000*083139195872# tekan OK/YA. Bebas biaya. Terima kasih
ham,Jadi kapan kita meet upnyaa nih temaan temaan?
spam,Keputusan resmi 3care selamat No.anda Terpilih M'dpt Tabungan Rp.35jt Pin:M902CX8J info kelik www.programisiulang3care.tk 
ham,"Hai akang-teteh, bagi kalian yang belum tau, merekalah calon Pemimpin KEMAKOM periode 2016-2017! yuk kita simak visi-misi mereka :)"
ham,Tp aku masih lucu ngebayangin kalian pacaran teh hahahaha
spam,Kuota Internet sudah habis. Segera isi kuota Anda di *123# atau akses aplikasi BimaTRI dari gadget Anda. Info:123
ham,Merica jeruk nipis aku ajaa
ham,Terima kasih atas konfirmasinya. Orderan sedang kami proses.
spam,Selamat!anda m-dptkan Hadiah Cek Tunai Rp. 15jt dari INDOSAT Pin_anda 277fg49 U/info pengambilan Hadiah kunjungi website indosat www.hadiah-indosat.blogspot.com
spam,NASIB:Nutrisi otak slh 1 nya berfikir positif. klo sdh segala hal bs jd ilmu. dpt wallppr di http://m.m4in.biz/r?jXPC42 STOP: *123*66# / ketik UNREG NASIB ke 92828 CS: 087789917018
spam,Surat keputusan resmi dr Tri Care No.XV/2016 PIN Pemenang Anda=39XV544F Mendpt-1 unit Mobil HONDA JAZZ Rs U/Info klik www.kejutantriindonesia.blogspot.co.id 
ham,"Yooo sama2, oke nanti aku umumin di grup kelas"
spam,"Ini bpk pnjam hp orng, tlng bliin bpk pls 50rb, krm ke nomr brunya bpk=081215008228, bpk lagi ada msalh di kantor polisi, jgn tlp/sms nnti bpk yg tlp, penting"
spam,"Transfer ke BNI aja, a/n SORAYA HARUM rek;0233-293-922 klo sdh kbrin di nmr ini ya!"
ham,Gaes gaes mau drakor gaes besok yawww
ham,Bagi yg tertarik lanjut ke gemastik 2016 ini tempat diskusinya : http://line.me/R/ti/g/xxxxx
spam,"Mau paket data Cuma 10ribuan? Buruan cek di *345#, penawaran ini hanya berlaku sebelum 1 Juli 2016"
ham,"ya nggk jd masalh, toh model bisa diload dicontroler mana aja kan?"
ham,Guys di bdg ada studi foto yg gini gaaak
ham,"Aku mah sering ditinggal jualan, jd mau marah juga ntar alesannya ""duit kan buat km juga"", diem lgsg haha"
spam,Ambil bonus harianmu di *600# (Bebas Pulsa). Dptkan gratis nelpon atau internetan dan promo lainnya sesuai hobimu!
spam,INFO RESMI Tri Care SELAMAT Nomor Anda terpilih mendapatkan Hadiah 1 Unit MOBIL Dri Tri Care Dengan PIN Pemenang: br25h99 info: www.gebeyar-3care.tk
ham,"Tiga kali juga dil, april, juli, sama okt"
ham,Gaada buat yg bukan temen mah
spam,pesan resmi DARI PT.PLANET 3CARD anda mendapatkan hadiah CEK TUNAI Senilai Rp.100jt jatuh ke pemenang (3) kode PIN:bg58757 silahkan CEK di: www.planet-3care2016.blogspot.com.
spam,"MELEJIT PINTAR,kursus suami-isteri aktifasi smangat bljr&penguatan fungsi i=otak anak agar prestasi mningkat.Telepon 02749447574 atau ketik OK sms ke 081931753240"
spam,Pakai handphone XL Axiata mu langsung bisa internetan pakai XL
ham,Gaaais dlm semenit aja aku jd nasabah btpn wkwk
ham,"Plg yth, paket 10 MB 1 hari Anda telah berakhir. Selanjutnya akan dikenakan tarif non paket.Aktifkan kembali paket Flash Anda di *363#"
ham,"Saya menyimpulkan, kita debat diantara karena kita yg cupu ilmu nya, atau kemungkinan pertanggungjawaban pasca penelitian yg moal kepegang. Atau rasa sayang ortu di kampus yg pengen kita lulus cepat"
